,mncoef,mncoef_bin,fracODC
81,0.20279377746733102,"(0.2, 0.234]",0.7175572519083969
83,0.25505918342295736,"(0.234, 0.269]",0.7198581560283688
84,0.35485750065274446,"(0.338, 0.373]",0.704
96,0.3346702300420907,"(0.303, 0.338]",0.6634615384615384
97,0.38761517364075165,"(0.373, 0.407]",0.6733067729083665
98,0.34944256326314377,"(0.338, 0.373]",0.7153846153846154
99,0.3248471279470889,"(0.303, 0.338]",0.6857142857142857
106,0.3322797005239322,"(0.303, 0.338]",0.6517857142857143
107,0.33984883123872406,"(0.338, 0.373]",0.6696428571428571
108,0.4234885499482911,"(0.407, 0.442]",0.6635514018691588
112,0.3006691024847267,"(0.269, 0.303]",0.5963302752293578
113,0.45290527623897187,"(0.442, 0.476]",0.6516393442622951
114,0.3328652473596944,"(0.303, 0.338]",0.6984126984126984
115,0.28569581885017564,"(0.269, 0.303]",0.7004048582995951
122,0.3375676097213253,"(0.303, 0.338]",0.6103896103896104
123,0.39345486386220396,"(0.373, 0.407]",0.6437768240343348
124,0.33275328796516956,"(0.303, 0.338]",0.6238938053097345
125,0.3578706522258458,"(0.338, 0.373]",0.6497890295358649
129,0.41928489688912407,"(0.407, 0.442]",0.5213675213675214
130,0.38532241545247337,"(0.373, 0.407]",0.626984126984127
131,0.3764999570457316,"(0.373, 0.407]",0.66796875
132,0.3954509832359231,"(0.373, 0.407]",0.663594470046083
140,0.36323997293961036,"(0.338, 0.373]",0.6306306306306306
141,0.33030894900779056,"(0.303, 0.338]",0.6387665198237885
142,0.4075210027696371,"(0.407, 0.442]",0.6026785714285714
143,0.376070059278091,"(0.373, 0.407]",0.6517857142857143
148,0.43988339844809843,"(0.407, 0.442]",0.5114942528735632
149,0.4516256851914054,"(0.442, 0.476]",0.5238095238095238
150,0.4127524864672722,"(0.407, 0.442]",0.6307053941908713
151,0.3995426145833619,"(0.373, 0.407]",0.6694560669456067
159,0.3213264831189891,"(0.303, 0.338]",0.6585365853658537
160,0.3514241764992869,"(0.338, 0.373]",0.6509433962264151
161,0.3775089521462134,"(0.373, 0.407]",0.6124401913875598
162,0.4443805286571555,"(0.442, 0.476]",0.6682242990654206
167,0.4349375966805369,"(0.407, 0.442]",0.46113989637305697
168,0.41832673072281146,"(0.407, 0.442]",0.4935064935064935
169,0.364679627179988,"(0.338, 0.373]",0.6008230452674898
170,0.30489190242101744,"(0.303, 0.338]",0.6367713004484304
175,0.27967822955678057,"(0.269, 0.303]",0.7330508474576272
177,0.09730956468448469,"(0.0962, 0.131]",0.6929824561403509
178,0.2391447802706839,"(0.234, 0.269]",0.6764705882352942
179,0.3313683888057962,"(0.303, 0.338]",0.6567164179104478
180,0.3793255059960164,"(0.373, 0.407]",0.6188118811881188
186,0.3751595491014475,"(0.373, 0.407]",0.6728395061728395
187,0.3788251106878975,"(0.373, 0.407]",0.4387755102040816
188,0.3501906409174053,"(0.338, 0.373]",0.4864864864864865
189,0.4290326516525869,"(0.407, 0.442]",0.5663716814159292
190,0.36111152004845515,"(0.338, 0.373]",0.6395939086294417
195,0.32632377490574666,"(0.303, 0.338]",0.7383966244725738
196,0.27803980508703474,"(0.269, 0.303]",0.73568281938326
198,0.4035570120624998,"(0.373, 0.407]",0.7107843137254902
199,0.28987470135546256,"(0.269, 0.303]",0.6825396825396826
200,0.35695316374760155,"(0.338, 0.373]",0.6519337016574586
201,0.37285214169903835,"(0.373, 0.407]",0.6378378378378379
207,0.35845626264572544,"(0.338, 0.373]",0.5988023952095808
208,0.4503011143113131,"(0.442, 0.476]",0.4540229885057471
209,0.3894385098794317,"(0.373, 0.407]",0.5526315789473685
210,0.28703660711818707,"(0.269, 0.303]",0.5966850828729282
216,0.31081305947681376,"(0.303, 0.338]",0.7257383966244726
218,0.3656356106100839,"(0.338, 0.373]",0.7064676616915423
227,0.45390084653053125,"(0.442, 0.476]",0.35714285714285715
228,0.3784531550603304,"(0.373, 0.407]",0.4457831325301205
229,0.3732356596474544,"(0.373, 0.407]",0.5515151515151515
237,0.36311089746990505,"(0.338, 0.373]",0.6829268292682927
244,0.3682556434873179,"(0.338, 0.373]",0.35555555555555557
245,0.33047538482575,"(0.303, 0.338]",0.42771084337349397
246,0.39200712661062936,"(0.373, 0.407]",0.5128205128205128
248,0.3430379979654918,"(0.338, 0.373]",0.6984126984126984
258,0.4233482107772113,"(0.407, 0.442]",0.3082706766917293
259,0.4193205851143168,"(0.407, 0.442]",0.38513513513513514
261,0.3676772790333924,"(0.338, 0.373]",0.6230366492146597
262,0.41983480702649173,"(0.407, 0.442]",0.6557377049180327
263,0.3521987069790612,"(0.338, 0.373]",0.6684210526315789
265,0.3226758520598479,"(0.303, 0.338]",0.6811594202898551
266,0.36356757308003385,"(0.338, 0.373]",0.6682692307692307
267,0.43157599220232357,"(0.407, 0.442]",0.6305418719211823
268,0.45733392891604063,"(0.442, 0.476]",0.6142131979695431
271,0.4217804050736218,"(0.407, 0.442]",0.29333333333333333
272,0.44602266540641605,"(0.442, 0.476]",0.3624161073825503
274,0.3629965248895335,"(0.338, 0.373]",0.5393939393939394
275,0.4402355570298402,"(0.407, 0.442]",0.5614973262032086
276,0.4285179481764849,"(0.407, 0.442]",0.5722222222222222
277,0.374313983767195,"(0.373, 0.407]",0.5891891891891892
279,0.2890829629382453,"(0.269, 0.303]",0.5979381443298969
280,0.3705108957928484,"(0.338, 0.373]",0.5989583333333334
281,0.36109474988913204,"(0.338, 0.373]",0.5611111111111111
282,0.35648995754256474,"(0.338, 0.373]",0.19672131147540983
283,0.3270532882237288,"(0.303, 0.338]",0.23493975903614459
284,0.421870082288137,"(0.407, 0.442]",0.2911392405063291
285,0.37926135770552966,"(0.373, 0.407]",0.3356164383561644
286,0.4201003324540978,"(0.407, 0.442]",0.4900662251655629
287,0.2530287019374938,"(0.234, 0.269]",0.4624277456647399
288,0.34043062174874966,"(0.338, 0.373]",0.4777777777777778
289,0.3845001852458846,"(0.373, 0.407]",0.5210526315789473
290,0.23559236296255198,"(0.234, 0.269]",0.5473684210526316
291,0.4172509624804571,"(0.407, 0.442]",0.5895953757225434
292,0.24432423136617132,"(0.234, 0.269]",0.5698324022346368
293,0.40235865309261937,"(0.373, 0.407]",0.5426829268292683
294,0.4301436769801319,"(0.407, 0.442]",0.4853801169590643
295,0.342160699322644,"(0.338, 0.373]",0.5426829268292683
297,0.47075195881835824,"(0.442, 0.476]",0.43137254901960786
298,0.36693929753904264,"(0.338, 0.373]",0.42138364779874216
299,0.35893397692698137,"(0.338, 0.373]",0.4068965517241379
300,0.4230347248125287,"(0.407, 0.442]",0.3581081081081081
301,0.23974363294017362,"(0.234, 0.269]",0.17142857142857143
302,0.33708700859221746,"(0.303, 0.338]",0.1839080459770115
303,0.379321709836335,"(0.373, 0.407]",0.24050632911392406
308,0.3745915810822874,"(0.373, 0.407]",0.47593582887700536
309,0.390369636499948,"(0.373, 0.407]",0.47093023255813954
310,0.2749930165587152,"(0.269, 0.303]",0.49473684210526314
311,0.3627395925879082,"(0.338, 0.373]",0.4972677595628415
312,0.3095601815929061,"(0.303, 0.338]",0.47513812154696133
313,0.34821710720658594,"(0.338, 0.373]",0.4311377245508982
314,0.4123611268522338,"(0.407, 0.442]",0.5662650602409639
315,0.28364177708758154,"(0.269, 0.303]",0.5357142857142857
316,0.2858013585757913,"(0.269, 0.303]",0.5352941176470588
317,0.34307854689807865,"(0.338, 0.373]",0.5253164556962026
318,0.45789478848370824,"(0.442, 0.476]",0.3783783783783784
319,0.43019512539184857,"(0.407, 0.442]",0.3710691823899371
320,0.4193472964360666,"(0.407, 0.442]",0.3618421052631579
321,0.3974975703233267,"(0.373, 0.407]",0.3125
322,0.3980728828069379,"(0.373, 0.407]",0.31343283582089554
323,0.21924872047367622,"(0.2, 0.234]",0.14965986394557823
324,0.37799478260739955,"(0.373, 0.407]",0.16216216216216217
325,0.1746403883660338,"(0.165, 0.2]",0.21511627906976744
326,0.3561154123043953,"(0.338, 0.373]",0.26627218934911245
327,0.45632194267226267,"(0.442, 0.476]",0.35502958579881655
328,0.41768167667414663,"(0.407, 0.442]",0.4
329,0.38140225346634643,"(0.373, 0.407]",0.41935483870967744
330,0.3886384298267258,"(0.373, 0.407]",0.41578947368421054
331,0.3820036282981999,"(0.373, 0.407]",0.4301675977653631
332,0.4220361509278624,"(0.407, 0.442]",0.4607329842931937
333,0.37695541502876023,"(0.373, 0.407]",0.5
334,0.3512804596339653,"(0.338, 0.373]",0.39751552795031053
335,0.4448024689031835,"(0.442, 0.476]",0.4117647058823529
336,0.344192230470558,"(0.338, 0.373]",0.42857142857142855
337,0.3869605747893242,"(0.373, 0.407]",0.5163398692810458
338,0.38506338743050184,"(0.373, 0.407]",0.48
339,0.31712394171528413,"(0.303, 0.338]",0.47468354430379744
340,0.41396533347338144,"(0.407, 0.442]",0.4444444444444444
341,0.3787802208330905,"(0.373, 0.407]",0.4166666666666667
342,0.4431057518647842,"(0.442, 0.476]",0.4142857142857143
343,0.4272880808625197,"(0.407, 0.442]",0.32608695652173914
344,0.4278564063092165,"(0.407, 0.442]",0.33986928104575165
345,0.35533854447027685,"(0.338, 0.373]",0.3146853146853147
346,0.3737348944944776,"(0.373, 0.407]",0.2662337662337662
347,0.383111940105612,"(0.373, 0.407]",0.25517241379310346
348,0.36039287877741216,"(0.338, 0.373]",0.17164179104477612
349,0.38547720497638793,"(0.373, 0.407]",0.12337662337662338
350,0.32033026290057004,"(0.303, 0.338]",0.11917098445595854
351,0.3485122227789605,"(0.338, 0.373]",0.15934065934065933
352,0.3870871857903748,"(0.373, 0.407]",0.23295454545454544
353,0.4218552325508959,"(0.407, 0.442]",0.31351351351351353
354,0.3552210073519736,"(0.338, 0.373]",0.38636363636363635
355,0.3943937338327163,"(0.373, 0.407]",0.4030612244897959
356,0.4217680422370493,"(0.407, 0.442]",0.41
357,0.43398516893242256,"(0.407, 0.442]",0.4230769230769231
358,0.3600094940323337,"(0.338, 0.373]",0.46153846153846156
359,0.39234768739202375,"(0.373, 0.407]",0.3870967741935484
360,0.39816259731396486,"(0.373, 0.407]",0.4012738853503185
361,0.41042600225554127,"(0.407, 0.442]",0.40540540540540543
362,0.45032959701920044,"(0.442, 0.476]",0.37583892617449666
363,0.36630627151634304,"(0.338, 0.373]",0.4148148148148148
364,0.3575304434716852,"(0.338, 0.373]",0.42567567567567566
365,0.3859510891794861,"(0.373, 0.407]",0.35251798561151076
366,0.3775056173862322,"(0.373, 0.407]",0.3660130718954248
367,0.3897367997396829,"(0.373, 0.407]",0.34265734265734266
368,0.4318299227727618,"(0.407, 0.442]",0.3333333333333333
369,0.4161323652168714,"(0.407, 0.442]",0.34265734265734266
370,0.40181615136369014,"(0.373, 0.407]",0.31343283582089554
371,0.4458143820583104,"(0.442, 0.476]",0.32653061224489793
372,0.43556541319510816,"(0.407, 0.442]",0.2733812949640288
373,0.385834716506763,"(0.373, 0.407]",0.22818791946308725
374,0.3947626288696898,"(0.373, 0.407]",0.20945945945945946
375,0.36272254603216836,"(0.338, 0.373]",0.1506849315068493
376,0.3523771629391814,"(0.338, 0.373]",0.11920529801324503
377,0.38960927523209965,"(0.373, 0.407]",0.12365591397849462
378,0.3827394842460084,"(0.373, 0.407]",0.15428571428571428
379,0.2743064118066728,"(0.269, 0.303]",0.2138728323699422
380,0.35524293713263505,"(0.338, 0.373]",0.28804347826086957
381,0.3771047048278685,"(0.373, 0.407]",0.35359116022099446
382,0.4233828502912363,"(0.407, 0.442]",0.3939393939393939
383,0.40190470550084634,"(0.373, 0.407]",0.4010152284263959
384,0.37124634435983733,"(0.338, 0.373]",0.46408839779005523
385,0.3852722100755285,"(0.373, 0.407]",0.375
386,0.44361625683408923,"(0.442, 0.476]",0.4074074074074074
387,0.40063678577170037,"(0.373, 0.407]",0.3939393939393939
388,0.4401387543247959,"(0.407, 0.442]",0.3805970149253731
389,0.3585732725117604,"(0.338, 0.373]",0.384
390,0.390418791032874,"(0.373, 0.407]",0.3484848484848485
391,0.342990471464549,"(0.338, 0.373]",0.27692307692307694
392,0.4142770023835507,"(0.407, 0.442]",0.29411764705882354
393,0.356119343663954,"(0.338, 0.373]",0.2740740740740741
394,0.41280577710241717,"(0.407, 0.442]",0.2777777777777778
395,0.40801101335443324,"(0.407, 0.442]",0.2986111111111111
396,0.40374393518472884,"(0.373, 0.407]",0.2706766917293233
397,0.4125296487928795,"(0.407, 0.442]",0.2857142857142857
398,0.4243667920460657,"(0.407, 0.442]",0.23622047244094488
399,0.3834895059244713,"(0.373, 0.407]",0.19047619047619047
400,0.3057913960482303,"(0.303, 0.338]",0.18248175182481752
401,0.35855305422776196,"(0.338, 0.373]",0.14285714285714285
402,0.2781349905116258,"(0.269, 0.303]",0.12030075187969924
405,0.35516802977996226,"(0.338, 0.373]",0.13736263736263737
406,0.25337799997034127,"(0.234, 0.269]",0.15568862275449102
407,0.33011659328342413,"(0.303, 0.338]",0.19540229885057472
408,0.27561896316597934,"(0.269, 0.303]",0.2346368715083799
409,0.3715135857935655,"(0.338, 0.373]",0.3058823529411765
410,0.360626821856546,"(0.338, 0.373]",0.35106382978723405
411,0.40675774332025605,"(0.373, 0.407]",0.3641304347826087
412,0.3916666110838393,"(0.373, 0.407]",0.44571428571428573
413,0.37884411625178366,"(0.373, 0.407]",0.37398373983739835
414,0.3841596805383252,"(0.373, 0.407]",0.3597122302158273
415,0.39686368892950336,"(0.373, 0.407]",0.33884297520661155
416,0.31946043421493764,"(0.303, 0.338]",0.3208955223880597
417,0.3449522641861398,"(0.338, 0.373]",0.2971014492753623
418,0.37394562429573536,"(0.373, 0.407]",0.29838709677419356
419,0.27222168182060685,"(0.269, 0.303]",0.24806201550387597
420,0.3368224251812696,"(0.303, 0.338]",0.17164179104477612
421,0.40005616958907875,"(0.373, 0.407]",0.19148936170212766
422,0.4199230126198715,"(0.407, 0.442]",0.17567567567567569
423,0.42337911834573094,"(0.407, 0.442]",0.21019108280254778
425,0.39656733971318114,"(0.373, 0.407]",0.24444444444444444
426,0.3694737191891152,"(0.338, 0.373]",0.2553191489361702
427,0.3194094369627002,"(0.303, 0.338]",0.2109375
428,0.3695203846676821,"(0.338, 0.373]",0.17647058823529413
429,0.3796557566546061,"(0.373, 0.407]",0.16417910447761194
430,0.40382987125640696,"(0.373, 0.407]",0.13333333333333333
431,0.39230568399037374,"(0.373, 0.407]",0.12121212121212122
432,0.37822463486765606,"(0.373, 0.407]",0.1206896551724138
433,0.2602907297915998,"(0.234, 0.269]",0.12307692307692308
434,0.32895343935456517,"(0.303, 0.338]",0.125
435,0.32963099175026317,"(0.303, 0.338]",0.12849162011173185
436,0.3586510451828061,"(0.338, 0.373]",0.14375
437,0.24389004464163444,"(0.234, 0.269]",0.20114942528735633
438,0.29621469050115196,"(0.269, 0.303]",0.22950819672131148
441,0.3981903453841046,"(0.373, 0.407]",0.31901840490797545
442,0.42710517845494744,"(0.407, 0.442]",0.41358024691358025
443,0.2976538474065033,"(0.269, 0.303]",0.4195804195804196
444,0.2924819567200934,"(0.269, 0.303]",0.3140495867768595
445,0.2781968390629394,"(0.269, 0.303]",0.3333333333333333
446,0.3266992532021791,"(0.303, 0.338]",0.3308270676691729
447,0.35397092536587144,"(0.338, 0.373]",0.2966101694915254
448,0.33355734260135905,"(0.303, 0.338]",0.28888888888888886
449,0.3491779241873481,"(0.338, 0.373]",0.2602739726027397
450,0.33174313701675373,"(0.303, 0.338]",0.2302158273381295
451,0.3337039226313228,"(0.303, 0.338]",0.17482517482517482
452,0.37496127738351265,"(0.373, 0.407]",0.16233766233766234
453,0.35881817545731737,"(0.338, 0.373]",0.18064516129032257
454,0.3249105678372825,"(0.303, 0.338]",0.17964071856287425
456,0.33034501320072807,"(0.303, 0.338]",0.17834394904458598
457,0.3288399550649549,"(0.303, 0.338]",0.18
458,0.3768162673309756,"(0.373, 0.407]",0.1836734693877551
459,0.28370834971318903,"(0.269, 0.303]",0.19117647058823528
460,0.35399185052898546,"(0.338, 0.373]",0.21774193548387097
461,0.3447761453609376,"(0.338, 0.373]",0.1885245901639344
462,0.32970714388739125,"(0.303, 0.338]",0.1623931623931624
463,0.34206290240730985,"(0.338, 0.373]",0.13793103448275862
464,0.33167981525214374,"(0.303, 0.338]",0.10810810810810811
465,0.3125212649375851,"(0.303, 0.338]",0.1232876712328767
466,0.3794166177208367,"(0.373, 0.407]",0.14634146341463414
467,0.35631717878655705,"(0.338, 0.373]",0.1511627906976744
468,0.3247992186487095,"(0.303, 0.338]",0.1592356687898089
469,0.29148084231378063,"(0.269, 0.303]",0.18235294117647058
470,0.325105785207216,"(0.303, 0.338]",0.1807909604519774
471,0.3717830190524238,"(0.338, 0.373]",0.2215909090909091
472,0.3580046391918723,"(0.338, 0.373]",0.25142857142857145
473,0.37193333865619055,"(0.338, 0.373]",0.24539877300613497
474,0.4097064854458579,"(0.407, 0.442]",0.3413173652694611
475,0.4600843397314501,"(0.442, 0.476]",0.33548387096774196
476,0.4206751611851919,"(0.407, 0.442]",0.29936305732484075
477,0.3275952039720249,"(0.303, 0.338]",0.37423312883435583
478,0.3536881126459234,"(0.338, 0.373]",0.2689655172413793
479,0.36658261736024483,"(0.338, 0.373]",0.26490066225165565
480,0.42731906645434675,"(0.407, 0.442]",0.25170068027210885
481,0.3455618321493141,"(0.338, 0.373]",0.21897810218978103
482,0.31522748930453576,"(0.303, 0.338]",0.2108843537414966
483,0.22955764141280205,"(0.2, 0.234]",0.19736842105263158
484,0.36089674810933353,"(0.338, 0.373]",0.20279720279720279
485,0.4126656428998321,"(0.407, 0.442]",0.14184397163120568
486,0.3761773967859915,"(0.373, 0.407]",0.16778523489932887
487,0.2874319417692352,"(0.269, 0.303]",0.17218543046357615
488,0.33318796334426803,"(0.303, 0.338]",0.16265060240963855
489,0.39312908990779805,"(0.373, 0.407]",0.1696969696969697
490,0.3599112898849289,"(0.338, 0.373]",0.15
491,0.38371109480857213,"(0.373, 0.407]",0.1411042944785276
492,0.3858140314024027,"(0.373, 0.407]",0.11688311688311688
493,0.32540842358761085,"(0.303, 0.338]",0.12582781456953643
494,0.2929670679417871,"(0.269, 0.303]",0.15441176470588236
495,0.30594378675414596,"(0.303, 0.338]",0.15625
496,0.2028390334962471,"(0.2, 0.234]",0.16393442622950818
497,0.3615022450190195,"(0.338, 0.373]",0.15
498,0.46368309124339685,"(0.442, 0.476]",0.10483870967741936
499,0.29935363035596985,"(0.269, 0.303]",0.09615384615384616
500,0.24582470772278703,"(0.234, 0.269]",0.10982658959537572
501,0.3347623638952894,"(0.303, 0.338]",0.12777777777777777
502,0.46450596879735884,"(0.442, 0.476]",0.13043478260869565
503,0.381770991466408,"(0.373, 0.407]",0.11560693641618497
504,0.3796251375484813,"(0.373, 0.407]",0.14754098360655737
505,0.41254870270256133,"(0.407, 0.442]",0.15300546448087432
506,0.35748715955528476,"(0.338, 0.373]",0.15730337078651685
507,0.42877920485664617,"(0.407, 0.442]",0.20218579234972678
508,0.4563972399210016,"(0.442, 0.476]",0.1893491124260355
509,0.41365675337129276,"(0.407, 0.442]",0.22413793103448276
510,0.4585726203083786,"(0.442, 0.476]",0.23809523809523808
511,0.4246375822152137,"(0.407, 0.442]",0.21951219512195122
512,0.4192559472505188,"(0.407, 0.442]",0.2682926829268293
513,0.39283961840162257,"(0.373, 0.407]",0.21768707482993196
514,0.40090879319775324,"(0.373, 0.407]",0.2206896551724138
515,0.3964577369176247,"(0.373, 0.407]",0.2014388489208633
516,0.3905311931524304,"(0.373, 0.407]",0.17391304347826086
517,0.361114070346664,"(0.338, 0.373]",0.16774193548387098
518,0.35538961240176253,"(0.338, 0.373]",0.15476190476190477
519,0.37475042307918127,"(0.373, 0.407]",0.15757575757575756
520,0.2937731743014402,"(0.269, 0.303]",0.12738853503184713
521,0.36569265858253874,"(0.338, 0.373]",0.13580246913580246
522,0.3813223528452092,"(0.373, 0.407]",0.14285714285714285
528,0.3219085217400286,"(0.303, 0.338]",0.1038961038961039
530,-0.08342705675035132,"(-0.111, -0.0765]",0.15151515151515152
531,0.3202491241558642,"(0.303, 0.338]",0.17543859649122806
532,0.35210368975947437,"(0.338, 0.373]",0.18518518518518517
533,0.3820299122096574,"(0.373, 0.407]",0.13392857142857142
534,0.253356140621422,"(0.234, 0.269]",0.11926605504587157
535,0.3252302815677625,"(0.303, 0.338]",0.10204081632653061
536,0.3740034366138224,"(0.373, 0.407]",0.09375
537,0.42360361626760407,"(0.407, 0.442]",0.10526315789473684
538,0.40075110733544905,"(0.373, 0.407]",0.11290322580645161
539,0.4009325900236514,"(0.373, 0.407]",0.1016949152542373
540,0.42701565890454557,"(0.407, 0.442]",0.13368983957219252
541,0.34812114350245,"(0.338, 0.373]",0.13829787234042554
542,0.37541817617603945,"(0.373, 0.407]",0.12568306010928962
543,0.3998633874160114,"(0.373, 0.407]",0.13186813186813187
544,0.39019181257941693,"(0.373, 0.407]",0.09770114942528736
545,0.2063624418172529,"(0.2, 0.234]",0.1286549707602339
546,0.35779495337287215,"(0.338, 0.373]",0.15337423312883436
547,0.3579703987902312,"(0.338, 0.373]",0.19375
548,0.37105352988231405,"(0.338, 0.373]",0.23841059602649006
549,0.33561136031784583,"(0.303, 0.338]",0.2013888888888889
550,0.3705056265845282,"(0.338, 0.373]",0.20567375886524822
551,0.4147904943254858,"(0.407, 0.442]",0.18439716312056736
552,0.3827146330231968,"(0.373, 0.407]",0.1619718309859155
553,0.3649619695436336,"(0.338, 0.373]",0.1656441717791411
554,0.39808368787981685,"(0.373, 0.407]",0.15555555555555556
555,0.3994957822387348,"(0.373, 0.407]",0.1411764705882353
556,0.3715555870440923,"(0.338, 0.373]",0.1346153846153846
557,0.4134385650501542,"(0.407, 0.442]",0.14383561643835616
558,0.4208550577855725,"(0.407, 0.442]",0.125
572,0.2859800893545695,"(0.269, 0.303]",0.11320754716981132
573,0.262621421247509,"(0.234, 0.269]",0.10526315789473684
574,0.33650136198169517,"(0.303, 0.338]",0.11822660098522167
575,0.19492013616744516,"(0.165, 0.2]",0.12435233160621761
576,0.3489488394382608,"(0.338, 0.373]",0.109375
577,0.34794585567214914,"(0.338, 0.373]",0.13089005235602094
578,0.39423945337872973,"(0.373, 0.407]",0.1256544502617801
579,0.37020545479970135,"(0.338, 0.373]",0.12435233160621761
580,0.4299086338136654,"(0.407, 0.442]",0.12886597938144329
581,0.386738806578873,"(0.373, 0.407]",0.09844559585492228
582,0.3987154962486937,"(0.373, 0.407]",0.09340659340659341
583,0.34742182382974857,"(0.338, 0.373]",0.10465116279069768
584,0.41107764700235133,"(0.407, 0.442]",0.13414634146341464
585,0.38785271572502256,"(0.373, 0.407]",0.16556291390728478
586,0.4458155567833972,"(0.442, 0.476]",0.19078947368421054
587,0.3571901355228668,"(0.338, 0.373]",0.19047619047619047
588,0.36497817679986033,"(0.338, 0.373]",0.1506849315068493
589,0.36079156670727514,"(0.338, 0.373]",0.152317880794702
590,0.3587550166335858,"(0.338, 0.373]",0.14285714285714285
591,0.3722358655264091,"(0.338, 0.373]",0.13095238095238096
592,0.4303025344200357,"(0.407, 0.442]",0.1592356687898089
593,0.3777845526072331,"(0.373, 0.407]",0.15671641791044777
594,0.37403367838449025,"(0.373, 0.407]",0.13445378151260504
611,-0.03190743965371665,"(-0.042, -0.00742]",0.1339712918660287
612,0.029892633425494954,"(0.0271, 0.0617]",0.13592233009708737
613,0.2782824325964197,"(0.269, 0.303]",0.1323529411764706
614,0.2816429735729083,"(0.269, 0.303]",0.12121212121212122
615,0.3407435395883746,"(0.338, 0.373]",0.1485148514851485
616,0.3609965707165082,"(0.338, 0.373]",0.12376237623762376
617,0.4334841624757676,"(0.407, 0.442]",0.11330049261083744
618,0.37079327676169893,"(0.338, 0.373]",0.12254901960784313
619,0.3556651727950667,"(0.338, 0.373]",0.085
620,0.38132310632347516,"(0.373, 0.407]",0.08108108108108109
621,0.3823826479348278,"(0.373, 0.407]",0.0935672514619883
622,0.31521507807207705,"(0.303, 0.338]",0.11515151515151516
623,0.280449484373056,"(0.269, 0.303]",0.13793103448275862
624,0.31963182209635405,"(0.303, 0.338]",0.17123287671232876
625,0.34626901136649163,"(0.338, 0.373]",0.17333333333333334
626,0.3582449742647173,"(0.338, 0.373]",0.14084507042253522
627,0.22137294737634308,"(0.2, 0.234]",0.1390728476821192
629,0.37767622088547026,"(0.373, 0.407]",0.147239263803681
630,0.3673744981710904,"(0.338, 0.373]",0.16149068322981366
631,0.38415214144600185,"(0.373, 0.407]",0.17647058823529413
632,0.13054689131033415,"(0.0962, 0.131]",0.152
650,0.3186230540226599,"(0.303, 0.338]",0.14361702127659576
651,0.3522217367827017,"(0.338, 0.373]",0.14432989690721648
652,0.2169359358476727,"(0.2, 0.234]",0.13612565445026178
653,0.26916587390722213,"(0.269, 0.303]",0.11891891891891893
654,0.3375759590227021,"(0.303, 0.338]",0.13402061855670103
655,0.2001815900156133,"(0.2, 0.234]",0.109375
656,0.34205227673783306,"(0.338, 0.373]",0.10471204188481675
657,0.41718878840137796,"(0.407, 0.442]",0.10471204188481675
658,0.342227703570959,"(0.338, 0.373]",0.08290155440414508
659,0.3878446032909965,"(0.373, 0.407]",0.08465608465608465
660,0.3432452187494022,"(0.338, 0.373]",0.09944751381215469
661,0.3327015653125795,"(0.303, 0.338]",0.12429378531073447
662,0.3492145760776122,"(0.338, 0.373]",0.14906832298136646
663,0.4010798197737721,"(0.373, 0.407]",0.16774193548387098
664,0.3474091905928776,"(0.338, 0.373]",0.16233766233766234
666,0.08342320902791053,"(0.0617, 0.0962]",0.1320754716981132
668,0.30091076664251465,"(0.269, 0.303]",0.16233766233766234
688,0.26903422568722923,"(0.269, 0.303]",0.15517241379310345
689,0.024440370980956187,"(-0.00742, 0.0271]",0.16216216216216217
690,0.34690641823621726,"(0.338, 0.373]",0.1377551020408163
691,0.19355631529259515,"(0.165, 0.2]",0.11052631578947368
692,0.2801328234243831,"(0.269, 0.303]",0.1092896174863388
693,0.3257239587867034,"(0.303, 0.338]",0.08152173913043478
694,0.297491454674176,"(0.269, 0.303]",0.08994708994708994
695,0.3440948619827106,"(0.338, 0.373]",0.10471204188481675
696,0.3240487754622802,"(0.303, 0.338]",0.12244897959183673
697,0.3289727143043637,"(0.303, 0.338]",0.12437810945273632
698,0.3447311970439631,"(0.338, 0.373]",0.13978494623655913
699,0.3118073496637465,"(0.303, 0.338]",0.15217391304347827
700,0.16982185793699664,"(0.165, 0.2]",0.17613636363636365
701,0.31156728934511646,"(0.303, 0.338]",0.18452380952380953
702,0.21585301669072743,"(0.2, 0.234]",0.17682926829268292
703,0.2924324697538681,"(0.269, 0.303]",0.14201183431952663
704,0.246672421865573,"(0.234, 0.269]",0.12121212121212122
728,0.027145337882943543,"(0.0271, 0.0617]",0.14772727272727273
729,0.2504878213454612,"(0.234, 0.269]",0.11734693877551021
730,0.24994107188063835,"(0.234, 0.269]",0.08290155440414508
731,0.3189674518871218,"(0.303, 0.338]",0.0918918918918919
732,0.32101356396299974,"(0.303, 0.338]",0.07344632768361582
733,0.3299165891679115,"(0.303, 0.338]",0.08670520231213873
734,0.2436193169386616,"(0.234, 0.269]",0.11797752808988764
735,0.23943794258757645,"(0.234, 0.269]",0.12087912087912088
736,0.31879791957058945,"(0.303, 0.338]",0.12834224598930483
737,0.36302279977303437,"(0.338, 0.373]",0.14444444444444443
738,0.39202408314036963,"(0.373, 0.407]",0.16091954022988506
740,0.30618484300813253,"(0.303, 0.338]",0.16463414634146342
743,0.3737533840285167,"(0.373, 0.407]",0.1111111111111111
772,0.29091168737858264,"(0.269, 0.303]",0.07253886010362694
773,0.3266364706542315,"(0.303, 0.338]",0.06779661016949153
774,0.3085324197200775,"(0.303, 0.338]",0.07643312101910828
775,0.34951385944557717,"(0.338, 0.373]",0.09815950920245399
776,0.34653304422622755,"(0.338, 0.373]",0.11176470588235295
777,0.2954289213058837,"(0.269, 0.303]",0.125
815,0.13574469070219108,"(0.131, 0.165]",0.09782608695652174
816,0.2838878941289852,"(0.269, 0.303]",0.06432748538011696
817,0.3140900685541866,"(0.303, 0.338]",0.10067114093959731
818,0.268190114879319,"(0.234, 0.269]",0.12658227848101267
820,0.2623763362644995,"(0.234, 0.269]",0.15384615384615385
1630,0.41701205957372967,"(0.407, 0.442]",0.5410628019323671
1631,0.3431853045969223,"(0.338, 0.373]",0.4672897196261682
1632,0.4268539955052798,"(0.407, 0.442]",0.4434389140271493
1633,0.3748799440751831,"(0.373, 0.407]",0.41262135922330095
1634,0.4244742530066517,"(0.407, 0.442]",0.4030612244897959
1658,0.2952348744147594,"(0.269, 0.303]",0.5613207547169812
1659,0.38964415180613365,"(0.373, 0.407]",0.45794392523364486
1660,0.40205348137896857,"(0.373, 0.407]",0.44075829383886256
1661,0.3754652064670321,"(0.373, 0.407]",0.41262135922330095
1686,0.44970607869864854,"(0.442, 0.476]",0.5188679245283019
1788,0.3913970426806359,"(0.373, 0.407]",0.5315315315315315
1796,0.37005843543636135,"(0.338, 0.373]",0.18859649122807018
1797,0.33424197368992026,"(0.303, 0.338]",0.13004484304932734
1829,0.36999571759451727,"(0.338, 0.373]",0.5695652173913044
1831,0.40901793419268906,"(0.407, 0.442]",0.463302752293578
1835,0.4601609312836787,"(0.442, 0.476]",0.2145748987854251
1836,0.40434262803850063,"(0.373, 0.407]",0.19574468085106383
1837,0.3704324483342154,"(0.338, 0.373]",0.13574660633484162
1838,0.3756123384750389,"(0.373, 0.407]",0.10619469026548672
1872,0.42505439574652315,"(0.407, 0.442]",0.6755725190839694
1873,0.22307816339772996,"(0.2, 0.234]",0.6359832635983264
1874,0.42157636486963945,"(0.407, 0.442]",0.5606694560669456
1875,0.42760031505729845,"(0.407, 0.442]",0.5394736842105263
1879,0.3624133665727446,"(0.338, 0.373]",0.25
1880,0.40395848259486233,"(0.373, 0.407]",0.23376623376623376
1881,0.4019682105256302,"(0.373, 0.407]",0.16822429906542055
1882,0.4545622091822996,"(0.442, 0.476]",0.13145539906103287
1883,0.419022723640118,"(0.407, 0.442]",0.12093023255813953
1923,0.4058995618907529,"(0.373, 0.407]",0.6090909090909091
1929,0.4558381589954686,"(0.442, 0.476]",0.21634615384615385
1930,0.3752472215289404,"(0.373, 0.407]",0.1791044776119403
1931,0.3566869142787023,"(0.338, 0.373]",0.17647058823529413
1981,0.39683110376455866,"(0.373, 0.407]",0.19473684210526315
1982,0.41194352156824077,"(0.407, 0.442]",0.18716577540106952
2032,0.38853916555847956,"(0.373, 0.407]",0.3511111111111111
2033,0.3349717416632118,"(0.303, 0.338]",0.3299492385786802
2034,0.25516841096970083,"(0.234, 0.269]",0.26903553299492383
2035,0.38432638147416615,"(0.373, 0.407]",0.1827956989247312
2036,0.42438711875725327,"(0.407, 0.442]",0.11794871794871795
2088,0.36702686430986514,"(0.338, 0.373]",0.21739130434782608
2089,0.4457489683388182,"(0.442, 0.476]",0.12432432432432433
2090,0.40292498733498283,"(0.373, 0.407]",0.10679611650485436
2091,0.37827391141634364,"(0.373, 0.407]",0.10679611650485436
2145,0.3635460653046217,"(0.338, 0.373]",0.4700854700854701
2146,0.331735960889972,"(0.303, 0.338]",0.4019138755980861
2147,0.40651868088220056,"(0.373, 0.407]",0.3034825870646766
2148,0.39863070461002986,"(0.373, 0.407]",0.2247191011235955
2149,0.4472697184332766,"(0.442, 0.476]",0.12790697674418605
2150,0.3618647990996406,"(0.338, 0.373]",0.11229946524064172
2151,0.39219601104130786,"(0.373, 0.407]",0.1256544502617801
2152,0.3871226940990371,"(0.373, 0.407]",0.1306532663316583
2153,0.3704155230506992,"(0.338, 0.373]",0.15217391304347827
2206,0.41824047645797613,"(0.407, 0.442]",0.512
2207,0.4115929631585689,"(0.407, 0.442]",0.4588744588744589
2208,0.4172235974068371,"(0.407, 0.442]",0.3598130841121495
2209,0.2671439923857098,"(0.234, 0.269]",0.27461139896373055
2210,0.3045058198497903,"(0.303, 0.338]",0.18032786885245902
2211,0.4044013878929648,"(0.373, 0.407]",0.11475409836065574
2212,0.4534833754621897,"(0.442, 0.476]",0.13432835820895522
2213,0.36908809910645884,"(0.338, 0.373]",0.14358974358974358
2214,0.36483647654972723,"(0.338, 0.373]",0.16759776536312848
2215,0.36187853498976447,"(0.338, 0.373]",0.15976331360946747
2265,0.4116119012062958,"(0.407, 0.442]",0.6007326007326007
2266,0.3698078065091442,"(0.338, 0.373]",0.6235294117647059
2267,0.35545795845017164,"(0.338, 0.373]",0.6371308016877637
2268,0.3821418414290489,"(0.373, 0.407]",0.5777777777777777
2274,0.4657279228475265,"(0.442, 0.476]",0.20253164556962025
2275,0.3930626574104987,"(0.373, 0.407]",0.1712707182320442
2276,0.38237083254788257,"(0.373, 0.407]",0.17142857142857143
2277,0.34458513874331853,"(0.338, 0.373]",0.18404907975460122
2278,0.30703927932251934,"(0.303, 0.338]",0.15294117647058825
2329,0.43530630451993296,"(0.407, 0.442]",0.6262135922330098
2330,0.3876906470713186,"(0.373, 0.407]",0.6205128205128205
2331,0.4287308557509669,"(0.407, 0.442]",0.5641025641025641
2332,0.3414428041748137,"(0.338, 0.373]",0.5073891625615764
2333,0.4150469135268283,"(0.407, 0.442]",0.4714285714285714
2334,0.3992057687152068,"(0.373, 0.407]",0.44776119402985076
2335,0.3696087026405571,"(0.338, 0.373]",0.39896373056994816
2337,0.41254775574762703,"(0.407, 0.442]",0.2857142857142857
2338,0.4189894927635343,"(0.407, 0.442]",0.21468926553672316
2339,0.4321171436617441,"(0.407, 0.442]",0.2087912087912088
2340,0.36794702682047364,"(0.338, 0.373]",0.19883040935672514
2341,0.3286009426521362,"(0.303, 0.338]",0.143646408839779
2389,0.42826912187615457,"(0.407, 0.442]",0.5757575757575758
2390,0.40520242235491044,"(0.373, 0.407]",0.6117021276595744
2391,0.23358589870142968,"(0.2, 0.234]",0.5561224489795918
2392,0.43934824847789783,"(0.407, 0.442]",0.5132275132275133
2393,0.4034638352766268,"(0.373, 0.407]",0.5076142131979695
2398,0.3995026533077285,"(0.373, 0.407]",0.32105263157894737
2399,0.43980419212512806,"(0.407, 0.442]",0.23857868020304568
2400,0.38406250099930833,"(0.373, 0.407]",0.18421052631578946
2401,0.37934304485900894,"(0.373, 0.407]",0.19047619047619047
2402,0.4520583453704944,"(0.442, 0.476]",0.12574850299401197
2403,0.36289624252466746,"(0.338, 0.373]",0.13218390804597702
2404,0.35456233225887396,"(0.338, 0.373]",0.10880829015544041
2405,0.3187235972190971,"(0.303, 0.338]",0.1111111111111111
2440,0.386454772017978,"(0.373, 0.407]",0.6026200873362445
2441,0.34777554113054526,"(0.338, 0.373]",0.6143497757847534
2442,0.38205510771332135,"(0.373, 0.407]",0.5627906976744186
2443,0.4087673764710104,"(0.407, 0.442]",0.553921568627451
2444,0.36780547838478905,"(0.338, 0.373]",0.47692307692307695
2445,0.4066306990292477,"(0.373, 0.407]",0.47540983606557374
2446,0.42922687892590133,"(0.407, 0.442]",0.45685279187817257
2447,0.364904010482942,"(0.338, 0.373]",0.4635416666666667
2448,0.3693279641036525,"(0.338, 0.373]",0.5026455026455027
2449,0.32383497534038597,"(0.303, 0.338]",0.4925373134328358
2451,0.41956955505557486,"(0.407, 0.442]",0.46842105263157896
2452,0.4412766375064424,"(0.407, 0.442]",0.40860215053763443
2453,0.4527268597341896,"(0.442, 0.476]",0.291005291005291
2454,0.4720598867964325,"(0.442, 0.476]",0.2127659574468085
2455,0.4036375163025031,"(0.373, 0.407]",0.2046783625730994
2456,0.4038494107888397,"(0.373, 0.407]",0.14534883720930233
2458,0.4372175544851741,"(0.407, 0.442]",0.13333333333333333
2459,0.4150688392318727,"(0.407, 0.442]",0.10138248847926268
2460,0.3012612767800033,"(0.269, 0.303]",0.09322033898305085
2483,0.4129460117959724,"(0.407, 0.442]",0.589622641509434
2485,0.4243533836134363,"(0.407, 0.442]",0.5560747663551402
2487,0.3802348867194291,"(0.373, 0.407]",0.46766169154228854
2488,0.33535527142064464,"(0.303, 0.338]",0.44623655913978494
2489,0.38726087568213774,"(0.373, 0.407]",0.4175257731958763
2490,0.352491874984736,"(0.338, 0.373]",0.4221105527638191
2491,0.3688709986625614,"(0.338, 0.373]",0.43455497382198954
2492,0.42306623246479996,"(0.407, 0.442]",0.43333333333333335
2493,0.39878303970201506,"(0.373, 0.407]",0.46994535519125685
2494,0.376096591187298,"(0.373, 0.407]",0.4385026737967914
2495,0.41924927040510185,"(0.407, 0.442]",0.37362637362637363
2496,0.43125638517704884,"(0.407, 0.442]",0.28125
2497,0.2857464901661773,"(0.269, 0.303]",0.2019704433497537
2498,0.4094270656129313,"(0.407, 0.442]",0.18877551020408162
2499,0.4053649445875661,"(0.373, 0.407]",0.14948453608247422
2500,0.4122784995370435,"(0.407, 0.442]",0.15656565656565657
2501,0.3798691793244527,"(0.373, 0.407]",0.12935323383084577
2502,0.4155047585994359,"(0.407, 0.442]",0.0963302752293578
2503,0.3957521653523114,"(0.373, 0.407]",0.0735930735930736
2526,0.44582342282193954,"(0.442, 0.476]",0.5154639175257731
2529,0.34390695166261726,"(0.338, 0.373]",0.43434343434343436
2530,0.31054361553673715,"(0.303, 0.338]",0.41706161137440756
2531,0.3513491458627756,"(0.338, 0.373]",0.4223300970873786
2532,0.37675989976655944,"(0.373, 0.407]",0.43455497382198954
2533,0.41627546266356347,"(0.407, 0.442]",0.4336734693877551
2534,0.2917886303943939,"(0.269, 0.303]",0.39655172413793105
2535,0.37613944935167964,"(0.373, 0.407]",0.30434782608695654
2536,0.3153273231669822,"(0.303, 0.338]",0.2653061224489796
2537,0.3572040098181205,"(0.338, 0.373]",0.19289340101522842
2538,0.4496526590774031,"(0.442, 0.476]",0.18848167539267016
2539,0.33936552756176575,"(0.338, 0.373]",0.18857142857142858
2540,0.411484962190728,"(0.407, 0.442]",0.16666666666666666
2541,0.37465482500084335,"(0.373, 0.407]",0.12777777777777777
2542,0.37565109510959205,"(0.373, 0.407]",0.08866995073891626
2543,0.3745888906964599,"(0.373, 0.407]",0.0641025641025641
2544,0.4366416008491523,"(0.407, 0.442]",0.03508771929824561
2545,0.38166573998429854,"(0.373, 0.407]",0.03514376996805112
2546,0.35660327807771247,"(0.338, 0.373]",0.042682926829268296
2561,0.3113659886953408,"(0.303, 0.338]",0.31875
2562,0.3313994332678046,"(0.303, 0.338]",0.288135593220339
2563,0.37402163462713417,"(0.373, 0.407]",0.21465968586387435
2564,0.3869050754133583,"(0.373, 0.407]",0.17553191489361702
2565,0.35089651402414707,"(0.338, 0.373]",0.16853932584269662
2566,0.3803606984721863,"(0.373, 0.407]",0.12359550561797752
2567,0.3731724481528334,"(0.373, 0.407]",0.08571428571428572
2569,0.38737334502677573,"(0.373, 0.407]",0.06854838709677419
2570,0.3591009979882252,"(0.338, 0.373]",0.05460750853242321
2571,0.37008266150161134,"(0.338, 0.373]",0.05573770491803279
2572,0.27505675823376574,"(0.269, 0.303]",0.05537459283387622
2586,0.3031551843516289,"(0.269, 0.303]",0.10869565217391304
2587,0.3559247772301522,"(0.338, 0.373]",0.07857142857142857
2588,0.4279581199727324,"(0.407, 0.442]",0.10625
2589,0.39172276586013366,"(0.373, 0.407]",0.07537688442211055
2590,0.3695674190720866,"(0.338, 0.373]",0.06944444444444445
2591,0.23676756859553044,"(0.234, 0.269]",0.06944444444444445
2592,0.2898328507392335,"(0.269, 0.303]",0.07142857142857142
2593,0.13875416062427978,"(0.131, 0.165]",0.0582010582010582
2639,0.3347748295131532,"(0.303, 0.338]",0.2012987012987013
2655,0.37782529142821186,"(0.373, 0.407]",0.1927710843373494
2656,0.37811178979584453,"(0.373, 0.407]",0.18125
2657,0.3458736977786407,"(0.338, 0.373]",0.17266187050359713
2658,0.3780572431865129,"(0.373, 0.407]",0.1693548387096774
2674,0.31974196382939507,"(0.303, 0.338]",0.16049382716049382
2675,0.3345312021005466,"(0.303, 0.338]",0.16556291390728478
2676,0.29096001634898416,"(0.269, 0.303]",0.15753424657534246
2677,0.3289990896599839,"(0.303, 0.338]",0.16216216216216217
2692,0.4027826347032613,"(0.373, 0.407]",0.16339869281045752
2693,0.379253460288547,"(0.373, 0.407]",0.14193548387096774
2694,0.23460365581645745,"(0.234, 0.269]",0.1513157894736842
2695,0.3509578349481981,"(0.338, 0.373]",0.1509433962264151
2696,0.3315354388863913,"(0.303, 0.338]",0.17985611510791366
2710,0.2809648608728056,"(0.269, 0.303]",0.09467455621301775
2711,0.37726597814677054,"(0.373, 0.407]",0.07954545454545454
2712,0.34215663762645276,"(0.338, 0.373]",0.10240963855421686
2713,0.34745217102184034,"(0.338, 0.373]",0.1
2714,0.491833340052547,"(0.476, 0.511]",0.15436241610738255
2727,0.34536611327811245,"(0.338, 0.373]",0.12299465240641712
2728,0.3371638341160446,"(0.303, 0.338]",0.10204081632653061
2729,0.29661495132992993,"(0.269, 0.303]",0.11049723756906077
2730,0.35204410728364854,"(0.338, 0.373]",0.10526315789473684
2731,0.313803370350542,"(0.303, 0.338]",0.15151515151515152
2732,0.308112318990038,"(0.303, 0.338]",0.21518987341772153
2733,0.3496248438648889,"(0.338, 0.373]",0.2905405405405405
2746,0.3343180347274521,"(0.303, 0.338]",0.11224489795918367
2747,0.39311407597149883,"(0.373, 0.407]",0.10426540284360189
2748,0.36028898099562406,"(0.338, 0.373]",0.10344827586206896
2749,0.3601078625091608,"(0.338, 0.373]",0.10362694300518134
2750,0.37822584189780417,"(0.373, 0.407]",0.14204545454545456
2751,0.42057216323688607,"(0.407, 0.442]",0.18823529411764706
2752,0.29658680370874413,"(0.269, 0.303]",0.2822085889570552
2767,0.2980511358421237,"(0.269, 0.303]",0.11557788944723618
2768,0.37698768406593947,"(0.373, 0.407]",0.0970873786407767
2769,0.372046750409726,"(0.338, 0.373]",0.08717948717948718
2770,0.3138005182714602,"(0.303, 0.338]",0.0855614973262032
2771,0.4223549072362477,"(0.407, 0.442]",0.1242603550295858
2772,0.36045042396438937,"(0.338, 0.373]",0.2
2773,0.36853880315245297,"(0.338, 0.373]",0.2807017543859649
2774,0.3825759991232397,"(0.373, 0.407]",0.358974358974359
2775,0.4477533652748203,"(0.442, 0.476]",0.4178082191780822
2792,0.3746586242834394,"(0.373, 0.407]",0.16184971098265896
2793,0.4165325702311707,"(0.407, 0.442]",0.15789473684210525
2794,0.3388323055108761,"(0.338, 0.373]",0.11392405063291139
2795,0.35270207371149664,"(0.338, 0.373]",0.125
2796,0.3703591940978373,"(0.338, 0.373]",0.16875
2797,0.39232590358089403,"(0.373, 0.407]",0.22023809523809523
2798,0.4478589912502648,"(0.442, 0.476]",0.2988505747126437
2799,0.3458891235978483,"(0.338, 0.373]",0.36423841059602646
2800,0.377264851918583,"(0.373, 0.407]",0.3900709219858156
2819,0.31290216509318114,"(0.303, 0.338]",0.1488095238095238
2820,0.37810822013678497,"(0.373, 0.407]",0.15853658536585366
2821,0.3135420056231393,"(0.303, 0.338]",0.125
2822,0.3421261137966793,"(0.338, 0.373]",0.11976047904191617
2823,0.3956837080615678,"(0.373, 0.407]",0.16339869281045752
2824,0.3182093225831373,"(0.303, 0.338]",0.2064516129032258
2825,0.41199600930788516,"(0.407, 0.442]",0.27741935483870966
2827,0.4580575191191618,"(0.442, 0.476]",0.373134328358209
2847,0.35055741678347846,"(0.338, 0.373]",0.1506849315068493
2848,0.31728102438156136,"(0.303, 0.338]",0.1360544217687075
2849,0.2899734699207913,"(0.269, 0.303]",0.12903225806451613
2850,0.3881555004671635,"(0.373, 0.407]",0.17105263157894737
2851,0.3654916756534032,"(0.338, 0.373]",0.2236842105263158
2852,0.4244490910090671,"(0.407, 0.442]",0.26490066225165565
2853,0.45450503942363785,"(0.442, 0.476]",0.30597014925373134
2854,0.4393452516719679,"(0.407, 0.442]",0.38848920863309355
2875,0.3377755084884055,"(0.303, 0.338]",0.176056338028169
2876,0.3403997148649302,"(0.338, 0.373]",0.16058394160583941
2877,0.3381507665059337,"(0.338, 0.373]",0.14685314685314685
2878,0.358196259788017,"(0.338, 0.373]",0.14864864864864866
2879,0.3958969523549598,"(0.373, 0.407]",0.15584415584415584
2880,0.42342532671736605,"(0.407, 0.442]",0.1780821917808219
2881,0.42759832358854627,"(0.407, 0.442]",0.2222222222222222
2882,0.4735901123273746,"(0.442, 0.476]",0.30434782608695654
2903,0.3112122295008022,"(0.303, 0.338]",0.13071895424836602
2904,0.3508244208455688,"(0.338, 0.373]",0.13664596273291926
2905,0.364231503673312,"(0.338, 0.373]",0.12738853503184713
2906,0.3884997401846989,"(0.373, 0.407]",0.11038961038961038
2907,0.3860714217222234,"(0.373, 0.407]",0.11875
2908,0.33173398729972475,"(0.303, 0.338]",0.1476510067114094
2909,0.38383452974012616,"(0.373, 0.407]",0.20408163265306123
2910,0.4036377849036192,"(0.373, 0.407]",0.31788079470198677
2911,0.38781838433419474,"(0.373, 0.407]",0.44370860927152317
2934,0.34475350737740995,"(0.338, 0.373]",0.13013698630136986
2935,0.307299910635298,"(0.303, 0.338]",0.1592356687898089
2936,0.3179216542332122,"(0.303, 0.338]",0.1393939393939394
2937,0.3843321236288458,"(0.373, 0.407]",0.13068181818181818
2938,0.3974160890599499,"(0.373, 0.407]",0.15757575757575756
2939,0.3798369764236853,"(0.373, 0.407]",0.1858974358974359
2940,0.45973777173060065,"(0.442, 0.476]",0.30718954248366015
2941,0.4610760553197135,"(0.442, 0.476]",0.43537414965986393
2942,0.3674610684081628,"(0.338, 0.373]",0.49673202614379086
2964,0.34978307475218634,"(0.338, 0.373]",0.1037037037037037
2965,0.32388532791093716,"(0.303, 0.338]",0.1456953642384106
2966,0.2548613747654274,"(0.234, 0.269]",0.11875
2967,0.374379705293129,"(0.373, 0.407]",0.10404624277456648
2968,0.42738743071973845,"(0.407, 0.442]",0.14201183431952663
2969,0.4203492433767842,"(0.407, 0.442]",0.16455696202531644
2970,0.4274727586727255,"(0.407, 0.442]",0.2585034013605442
2971,0.367342147150418,"(0.338, 0.373]",0.39436619718309857
2972,0.435375450383232,"(0.407, 0.442]",0.5
2995,0.2747377820421709,"(0.269, 0.303]",0.15950920245398773
2996,0.2757171088081885,"(0.269, 0.303]",0.15337423312883436
2997,0.37898178897469753,"(0.373, 0.407]",0.1130952380952381
2998,0.3976783179355877,"(0.373, 0.407]",0.16352201257861634
2999,0.4358417668997423,"(0.407, 0.442]",0.16546762589928057
3000,0.4958088491616964,"(0.476, 0.511]",0.27906976744186046
3001,0.3634180625431751,"(0.338, 0.373]",0.448
3025,0.34070229872208785,"(0.338, 0.373]",0.12987012987012986
3026,0.3719410482119116,"(0.338, 0.373]",0.14583333333333334
3027,0.43264645374917077,"(0.407, 0.442]",0.16666666666666666
3028,0.43115316926554936,"(0.407, 0.442]",0.2796610169491525
3029,0.4318695170413192,"(0.407, 0.442]",0.4152542372881356
3053,0.3422218233558975,"(0.338, 0.373]",0.1328125
3054,0.41320706874679386,"(0.407, 0.442]",0.136
3055,0.32333702586316165,"(0.303, 0.338]",0.18803418803418803
3056,0.44716627739456827,"(0.442, 0.476]",0.2540983606557377
3057,0.4335944001944753,"(0.407, 0.442]",0.3643410852713178
3079,0.3157620168952198,"(0.303, 0.338]",0.14102564102564102
3080,0.27857949210994304,"(0.269, 0.303]",0.1724137931034483
3081,0.4219441690536782,"(0.407, 0.442]",0.17518248175182483
3082,0.40512463092742523,"(0.373, 0.407]",0.16428571428571428
3083,0.4112898716072898,"(0.407, 0.442]",0.20930232558139536
3084,0.4054058789826585,"(0.373, 0.407]",0.23484848484848486
3085,0.419601889247959,"(0.407, 0.442]",0.3120567375886525
3086,0.4460632070035175,"(0.442, 0.476]",0.4295774647887324
3108,0.368648688254968,"(0.338, 0.373]",0.10126582278481013
3109,0.3304600263889442,"(0.303, 0.338]",0.14893617021276595
3110,0.3747216463064931,"(0.373, 0.407]",0.18604651162790697
3111,0.4228507008641338,"(0.407, 0.442]",0.1476510067114094
3112,0.42515353822205304,"(0.407, 0.442]",0.1891891891891892
3113,0.41764839706949397,"(0.407, 0.442]",0.19463087248322147
3114,0.40701724235082387,"(0.373, 0.407]",0.23353293413173654
3115,0.40065671305381445,"(0.373, 0.407]",0.33774834437086093
3116,0.42303445261678285,"(0.407, 0.442]",0.4573170731707317
3117,0.3608688349294241,"(0.338, 0.373]",0.5517241379310345
3139,0.38461447881372585,"(0.373, 0.407]",0.06535947712418301
3140,0.37714119580251504,"(0.373, 0.407]",0.1292517006802721
3141,0.40861792018748994,"(0.407, 0.442]",0.1643835616438356
3142,0.4457135132702751,"(0.442, 0.476]",0.15384615384615385
3143,0.3568815687559913,"(0.338, 0.373]",0.17575757575757575
3144,0.39744005523944564,"(0.373, 0.407]",0.15432098765432098
3145,0.38315087694813366,"(0.373, 0.407]",0.20958083832335328
3146,0.4714170203450849,"(0.442, 0.476]",0.33793103448275863
3147,0.4427873812585119,"(0.442, 0.476]",0.46496815286624205
3170,0.3841602358648142,"(0.373, 0.407]",0.12574850299401197
3171,0.3917601917926275,"(0.373, 0.407]",0.1686746987951807
3172,0.3708121144095457,"(0.338, 0.373]",0.17415730337078653
3173,0.3586470508833341,"(0.338, 0.373]",0.15625
3174,0.34525447430588985,"(0.338, 0.373]",0.16847826086956522
3175,0.41365679908407665,"(0.407, 0.442]",0.1377245508982036
3176,0.3955771705361687,"(0.373, 0.407]",0.1895424836601307
3177,0.41680506786279625,"(0.407, 0.442]",0.3181818181818182
3178,0.4072036781435698,"(0.407, 0.442]",0.4153846153846154
3203,0.24716390845158687,"(0.234, 0.269]",0.17647058823529413
3204,0.366689808429609,"(0.338, 0.373]",0.1751412429378531
3205,0.2621789234091598,"(0.234, 0.269]",0.18072289156626506
3206,0.34061408892694084,"(0.338, 0.373]",0.16666666666666666
3207,0.42924588952596826,"(0.407, 0.442]",0.22142857142857142
3208,0.3153964881107005,"(0.303, 0.338]",0.29838709677419356
3236,0.3307618735717114,"(0.303, 0.338]",0.20125786163522014
3237,0.41568110600631775,"(0.407, 0.442]",0.264
3330,0.3994827059821891,"(0.373, 0.407]",0.2857142857142857
3331,0.4215241882124223,"(0.407, 0.442]",0.3
3363,0.3888578700215406,"(0.373, 0.407]",0.2602739726027397
3364,0.39951633026683225,"(0.373, 0.407]",0.25333333333333335
3365,0.47553732379521024,"(0.442, 0.476]",0.2802547770700637
3366,0.44739180907137105,"(0.442, 0.476]",0.29577464788732394
3399,0.3490389421422049,"(0.338, 0.373]",0.20625
3400,0.35255927257834097,"(0.338, 0.373]",0.2422360248447205
3401,0.4193007424944909,"(0.407, 0.442]",0.2558139534883721
3402,0.4332479966725157,"(0.407, 0.442]",0.2722222222222222
3403,0.4713618087248654,"(0.442, 0.476]",0.2893081761006289
3437,0.3111666270155296,"(0.303, 0.338]",0.17341040462427745
3438,0.34450605251988203,"(0.338, 0.373]",0.19767441860465115
3439,0.37109267215884906,"(0.338, 0.373]",0.22424242424242424
3440,0.410893687298976,"(0.407, 0.442]",0.23563218390804597
3441,0.44632121783051654,"(0.442, 0.476]",0.2556818181818182
3442,0.4598307624922379,"(0.442, 0.476]",0.27564102564102566
3443,0.42064581553399466,"(0.407, 0.442]",0.33986928104575165
3444,0.44387225189303975,"(0.442, 0.476]",0.40540540540540543
3445,0.4460695862935023,"(0.442, 0.476]",0.46153846153846156
3446,0.38941889082392955,"(0.373, 0.407]",0.5297619047619048
3479,0.3304824588857254,"(0.303, 0.338]",0.20958083832335328
3480,0.3169315337470325,"(0.303, 0.338]",0.2012987012987013
3481,0.3539154295090341,"(0.338, 0.373]",0.19753086419753085
3482,0.379934321162389,"(0.373, 0.407]",0.2392638036809816
3483,0.3596618569836183,"(0.338, 0.373]",0.2483221476510067
3484,0.425952033982221,"(0.407, 0.442]",0.3401360544217687
3485,0.45348966091345916,"(0.442, 0.476]",0.4142857142857143
3486,0.42768564747496274,"(0.407, 0.442]",0.417910447761194
3487,0.3383350834600619,"(0.338, 0.373]",0.5102040816326531
3518,0.33539541179366916,"(0.303, 0.338]",0.23270440251572327
3519,0.3222572134519129,"(0.303, 0.338]",0.22289156626506024
3520,0.3037769775191194,"(0.303, 0.338]",0.21951219512195122
3521,0.3692331666081738,"(0.338, 0.373]",0.18354430379746836
3522,0.3267983438143235,"(0.303, 0.338]",0.18902439024390244
3523,0.4190571563511726,"(0.407, 0.442]",0.2422360248447205
3524,0.36631136640254863,"(0.338, 0.373]",0.27741935483870966
3525,0.40230694855283655,"(0.373, 0.407]",0.3419354838709677
3526,0.4501413746127584,"(0.442, 0.476]",0.37583892617449666
3527,0.44893596052615103,"(0.442, 0.476]",0.36423841059602646
3528,0.4270373412342532,"(0.407, 0.442]",0.4423076923076923
3529,0.4153191480247946,"(0.407, 0.442]",0.5246913580246914
3562,0.3711111042322729,"(0.338, 0.373]",0.23214285714285715
3563,0.3103477515648594,"(0.303, 0.338]",0.20606060606060606
3564,0.3934345371753532,"(0.373, 0.407]",0.18181818181818182
3565,0.40225442899838953,"(0.373, 0.407]",0.16666666666666666
3566,0.34012342092349696,"(0.338, 0.373]",0.23076923076923078
3567,0.4076004002359543,"(0.407, 0.442]",0.2830188679245283
3568,0.39031340049759855,"(0.373, 0.407]",0.31547619047619047
3569,0.42217703273813395,"(0.407, 0.442]",0.3855421686746988
3570,0.44161066899240087,"(0.407, 0.442]",0.3742690058479532
3571,0.4521709448088359,"(0.442, 0.476]",0.45930232558139533
3572,0.43693731292676635,"(0.407, 0.442]",0.5428571428571428
3605,0.374391442984057,"(0.373, 0.407]",0.2222222222222222
3606,0.3768801810644469,"(0.373, 0.407]",0.19858156028368795
3607,0.35613463144726065,"(0.338, 0.373]",0.20300751879699247
3608,0.3965510414565904,"(0.373, 0.407]",0.18439716312056736
3609,0.4546725976822152,"(0.442, 0.476]",0.26582278481012656
3610,0.3901852639415993,"(0.373, 0.407]",0.29545454545454547
3611,0.351869470920419,"(0.338, 0.373]",0.31016042780748665
3612,0.3354382195048519,"(0.303, 0.338]",0.3465909090909091
3613,0.3917941534027145,"(0.373, 0.407]",0.31952662721893493
3614,0.42570096257003714,"(0.407, 0.442]",0.40522875816993464
3615,0.43541139950394725,"(0.407, 0.442]",0.4967741935483871
3648,0.38108141361053277,"(0.373, 0.407]",0.19318181818181818
3649,0.382691503049591,"(0.373, 0.407]",0.17901234567901234
3650,0.3395582795541851,"(0.338, 0.373]",0.18867924528301888
3651,0.32406861075991195,"(0.303, 0.338]",0.17218543046357615
3652,0.2969777301523573,"(0.269, 0.303]",0.22727272727272727
3654,0.37343940895400635,"(0.373, 0.407]",0.30337078651685395
3655,0.4341118040364952,"(0.407, 0.442]",0.3103448275862069
3656,0.36770934544114736,"(0.338, 0.373]",0.34502923976608185
3657,0.42707379337289786,"(0.407, 0.442]",0.40993788819875776
3658,0.37089589612703305,"(0.338, 0.373]",0.487012987012987
3659,0.3514317363257361,"(0.338, 0.373]",0.573170731707317
3683,0.4136357380861583,"(0.407, 0.442]",0.20114942528735633
3684,0.38134627284976685,"(0.373, 0.407]",0.18404907975460122
3685,0.36284108850758545,"(0.338, 0.373]",0.20512820512820512
3686,0.3758252637978968,"(0.373, 0.407]",0.1891891891891892
3687,0.3311338250558298,"(0.303, 0.338]",0.2360248447204969
3688,0.3609249340043063,"(0.338, 0.373]",0.27218934911242604
3689,0.43582827738176294,"(0.407, 0.442]",0.25842696629213485
3690,0.43131632907122847,"(0.407, 0.442]",0.2727272727272727
3691,0.4247842819467405,"(0.407, 0.442]",0.3090909090909091
3692,0.4475714568206189,"(0.442, 0.476]",0.375
3693,0.39481095780323794,"(0.373, 0.407]",0.4723926380368098
3694,0.3957519195759233,"(0.373, 0.407]",0.5432098765432098
3722,0.29553283128163244,"(0.269, 0.303]",0.17857142857142858
3723,0.40317517006045817,"(0.373, 0.407]",0.17763157894736842
3724,0.40738390933923735,"(0.407, 0.442]",0.18493150684931506
3725,0.3835867671873502,"(0.373, 0.407]",0.1597222222222222
3726,0.33984452173798807,"(0.338, 0.373]",0.2064516129032258
3728,0.3987659023272222,"(0.373, 0.407]",0.23809523809523808
3729,0.4163584845579444,"(0.407, 0.442]",0.2545454545454545
3730,0.3548466757369623,"(0.338, 0.373]",0.31543624161073824
3731,0.4100130109065089,"(0.407, 0.442]",0.35064935064935066
3732,0.43538636969827155,"(0.407, 0.442]",0.46308724832214765
3733,0.4182368045080002,"(0.407, 0.442]",0.5734265734265734
3734,0.319293698290874,"(0.303, 0.338]",0.5838926174496645
3764,0.3550006309436364,"(0.338, 0.373]",0.19767441860465115
3765,0.399261729745754,"(0.373, 0.407]",0.19078947368421054
3766,0.3624630531711482,"(0.338, 0.373]",0.16560509554140126
3767,0.4045481258563618,"(0.373, 0.407]",0.11333333333333333
3768,0.38193176819079866,"(0.373, 0.407]",0.1503267973856209
3769,0.31089927206002493,"(0.303, 0.338]",0.2080536912751678
3770,0.33016965243676216,"(0.303, 0.338]",0.19047619047619047
3771,0.36007449606759234,"(0.338, 0.373]",0.23333333333333334
3772,0.3631953474213698,"(0.338, 0.373]",0.3150684931506849
3773,0.44193641078695695,"(0.442, 0.476]",0.3167701863354037
3774,0.44536432477162946,"(0.442, 0.476]",0.422360248447205
3775,0.46543627998836207,"(0.442, 0.476]",0.5170068027210885
3804,0.3673478480945874,"(0.338, 0.373]",0.21686746987951808
3805,0.34949576219737816,"(0.338, 0.373]",0.20408163265306123
3806,0.39644734339032,"(0.373, 0.407]",0.1643835616438356
3807,0.38434064998602663,"(0.373, 0.407]",0.10526315789473684
3808,0.38710343502529376,"(0.373, 0.407]",0.14102564102564102
3809,0.395406168518398,"(0.373, 0.407]",0.1761006289308176
3810,0.3643317954622931,"(0.338, 0.373]",0.18238993710691823
3811,0.4277959449202985,"(0.407, 0.442]",0.2356687898089172
3812,0.4285923986361742,"(0.407, 0.442]",0.2847682119205298
3813,0.42675051416719756,"(0.407, 0.442]",0.30538922155688625
3842,0.3729488547822129,"(0.373, 0.407]",0.19298245614035087
3843,0.3376830861529438,"(0.303, 0.338]",0.19463087248322147
3844,0.39950264335332664,"(0.373, 0.407]",0.17880794701986755
3845,0.3501894972285139,"(0.338, 0.373]",0.11764705882352941
3846,0.35108788890099,"(0.338, 0.373]",0.14093959731543623
3847,0.43123429641163263,"(0.407, 0.442]",0.17647058823529413
3848,0.3651857279289687,"(0.338, 0.373]",0.21476510067114093
3849,0.4167876519561701,"(0.407, 0.442]",0.2653061224489796
3850,0.4201384823107403,"(0.407, 0.442]",0.3194444444444444
3851,0.3754457874730611,"(0.373, 0.407]",0.348993288590604
3852,0.4078762151133749,"(0.407, 0.442]",0.3916083916083916
3853,0.3543114320632964,"(0.338, 0.373]",0.4233576642335766
3881,0.38669316684538335,"(0.373, 0.407]",0.20245398773006135
3882,0.31704993375607565,"(0.303, 0.338]",0.1511627906976744
3883,0.32827281935244124,"(0.303, 0.338]",0.19318181818181818
3884,0.3555873081132761,"(0.338, 0.373]",0.21176470588235294
3885,0.3300016797091295,"(0.303, 0.338]",0.25157232704402516
3886,0.3228620009943786,"(0.303, 0.338]",0.3
3887,0.351242977524179,"(0.338, 0.373]",0.3028169014084507
3888,0.29832327914869433,"(0.269, 0.303]",0.31333333333333335
3889,0.41162017978767274,"(0.407, 0.442]",0.31543624161073824
3890,0.42615869399151896,"(0.407, 0.442]",0.3076923076923077
3918,0.3627776820102447,"(0.338, 0.373]",0.17159763313609466
3919,0.41095392806950376,"(0.407, 0.442]",0.20689655172413793
3920,0.42341090661919895,"(0.407, 0.442]",0.2222222222222222
3921,0.31217420605347135,"(0.303, 0.338]",0.2679738562091503
3922,0.21790842089358478,"(0.2, 0.234]",0.31654676258992803
3923,0.28732621585160667,"(0.269, 0.303]",0.3076923076923077
3924,0.3288515477814541,"(0.303, 0.338]",0.32575757575757575
3925,0.3710512736446051,"(0.338, 0.373]",0.30708661417322836
3950,0.29464417060580594,"(0.269, 0.303]",0.2603550295857988
3951,0.33374080652725674,"(0.303, 0.338]",0.2897727272727273
3952,0.3185491609893719,"(0.303, 0.338]",0.2830188679245283
3953,0.35357340781329777,"(0.338, 0.373]",0.30708661417322836
3954,0.23341957216809206,"(0.2, 0.234]",0.35714285714285715
3955,0.3089836998990358,"(0.303, 0.338]",0.336734693877551
3956,0.29975699571738545,"(0.269, 0.303]",0.3263157894736842
3981,0.26949843809906154,"(0.269, 0.303]",0.27976190476190477
3982,0.32481172017960114,"(0.303, 0.338]",0.2684563758389262
3983,0.34374566695864983,"(0.338, 0.373]",0.2857142857142857
3984,0.26952547362243084,"(0.269, 0.303]",0.34831460674157305
4008,0.3175686675606831,"(0.303, 0.338]",0.312
4009,0.36966925768205516,"(0.338, 0.373]",0.3125
4010,0.34490137486322714,"(0.338, 0.373]",0.2621359223300971
4158,0.236654316166222,"(0.234, 0.269]",0.6909090909090909
4159,0.259216477010417,"(0.234, 0.269]",0.6616915422885572
4160,0.3336569760455658,"(0.303, 0.338]",0.6385542168674698
4161,0.320925467079579,"(0.303, 0.338]",0.16037735849056603
4162,0.38983606661702547,"(0.373, 0.407]",0.1523809523809524
4163,0.337170051318043,"(0.303, 0.338]",0.17355371900826447
4164,0.3373342523077167,"(0.303, 0.338]",0.11650485436893204
4165,0.1725344277840871,"(0.165, 0.2]",0.11627906976744186
4185,0.24415693371927397,"(0.234, 0.269]",0.6794258373205742
4186,0.24980425103153828,"(0.234, 0.269]",0.6666666666666666
4187,0.31412464368067317,"(0.303, 0.338]",0.6284153005464481
4188,0.29593854972544653,"(0.269, 0.303]",0.5894736842105263
4189,0.351643383354583,"(0.338, 0.373]",0.4067796610169492
4190,0.4068686655817852,"(0.373, 0.407]",0.29770992366412213
4191,0.3837037741417776,"(0.373, 0.407]",0.19658119658119658
4192,0.3470998741413467,"(0.338, 0.373]",0.15151515151515152
4193,0.39338015951585936,"(0.373, 0.407]",0.1503267973856209
4194,0.3966354653186912,"(0.373, 0.407]",0.1390728476821192
4195,0.28949090215232504,"(0.269, 0.303]",0.1497005988023952
4196,0.32899880224359807,"(0.303, 0.338]",0.125
4197,0.2644024447307233,"(0.234, 0.269]",0.11904761904761904
4198,0.2481109142352404,"(0.234, 0.269]",0.11290322580645161
4199,-0.07141078299976401,"(-0.0765, -0.042]",0.11304347826086956
4220,0.3832276900884023,"(0.373, 0.407]",0.7022222222222222
4221,0.2701134520247703,"(0.269, 0.303]",0.700507614213198
4222,0.3396517741275964,"(0.338, 0.373]",0.64
4223,0.38785681114664655,"(0.373, 0.407]",0.5906735751295337
4224,0.2585333106437507,"(0.234, 0.269]",0.43103448275862066
4225,0.2942717171994245,"(0.269, 0.303]",0.3125
4226,0.36164219406906173,"(0.338, 0.373]",0.1796875
4227,0.35842210975580885,"(0.338, 0.373]",0.13333333333333333
4228,0.3564602127263216,"(0.338, 0.373]",0.11515151515151516
4229,0.40727457766760483,"(0.407, 0.442]",0.09876543209876543
4230,0.36359556457113035,"(0.338, 0.373]",0.12643678160919541
4231,0.30017187766072173,"(0.269, 0.303]",0.11666666666666667
4232,0.329727980921428,"(0.303, 0.338]",0.13125
4233,0.3605067831763741,"(0.338, 0.373]",0.1411042944785276
4234,0.21371670004963195,"(0.2, 0.234]",0.13071895424836602
4264,0.4173561723010984,"(0.407, 0.442]",0.6067415730337079
4265,0.39701606581716226,"(0.373, 0.407]",0.5921787709497207
4266,0.3516548445295889,"(0.338, 0.373]",0.3700787401574803
4267,0.4304907682021564,"(0.407, 0.442]",0.1956521739130435
4268,0.3951929994178688,"(0.373, 0.407]",0.15753424657534246
4269,0.29306240033357994,"(0.269, 0.303]",0.13333333333333333
4270,0.334423219456235,"(0.303, 0.338]",0.08176100628930817
4271,0.34049402732984857,"(0.338, 0.373]",0.10191082802547771
4272,0.37753513229223234,"(0.373, 0.407]",0.0903954802259887
4273,0.3542827138226117,"(0.338, 0.373]",0.09580838323353294
4274,0.21301097837178054,"(0.2, 0.234]",0.1125
4275,0.3935619503565964,"(0.373, 0.407]",0.12337662337662338
4293,0.21450721671737624,"(0.2, 0.234]",0.7844036697247706
4302,0.16499706506768005,"(0.131, 0.165]",0.7301587301587301
4303,0.29428598334954137,"(0.269, 0.303]",0.7396694214876033
4310,0.3979538535533367,"(0.373, 0.407]",0.6023391812865497
4311,0.4078458060601615,"(0.407, 0.442]",0.4435483870967742
4312,0.4038773325661126,"(0.373, 0.407]",0.3597122302158273
4313,0.3983012693390894,"(0.373, 0.407]",0.19745222929936307
4314,0.302664589910562,"(0.269, 0.303]",0.1610738255033557
4315,0.3762350279908304,"(0.373, 0.407]",0.14792899408284024
4316,0.30396100675166304,"(0.303, 0.338]",0.0872093023255814
4317,0.3263954409710684,"(0.303, 0.338]",0.10429447852760736
4318,0.4058739142173005,"(0.373, 0.407]",0.10869565217391304
4319,0.35034332602502377,"(0.338, 0.373]",0.10919540229885058
4320,0.3861072221630938,"(0.373, 0.407]",0.10975609756097561
4340,0.30915571378967055,"(0.303, 0.338]",0.7548076923076923
4347,0.41014520172998686,"(0.407, 0.442]",0.7068273092369478
4348,0.3317010980420702,"(0.303, 0.338]",0.728744939271255
4349,0.27524322039626564,"(0.269, 0.303]",0.710204081632653
4350,0.31891861901655044,"(0.303, 0.338]",0.7073170731707317
4351,0.18798612175641044,"(0.165, 0.2]",0.7112970711297071
4352,0.18484114818053105,"(0.165, 0.2]",0.6891891891891891
4356,0.41052897337424116,"(0.407, 0.442]",0.6263736263736264
4357,0.39764467781831536,"(0.373, 0.407]",0.5853658536585366
4358,0.47489109260830153,"(0.442, 0.476]",0.2887323943661972
4359,0.41234716196797494,"(0.407, 0.442]",0.16666666666666666
4360,0.37432147430384427,"(0.373, 0.407]",0.15862068965517243
4361,0.2964215221875105,"(0.269, 0.303]",0.1464968152866242
4362,0.3245861064821943,"(0.303, 0.338]",0.09433962264150944
4363,0.2842858905488841,"(0.269, 0.303]",0.13815789473684212
4364,0.42136990983973793,"(0.407, 0.442]",0.12
4365,0.24327992920031907,"(0.234, 0.269]",0.12429378531073447
4395,0.31473348253758454,"(0.303, 0.338]",0.708
4396,0.3775437198608103,"(0.373, 0.407]",0.7142857142857143
4398,0.2816513590350474,"(0.269, 0.303]",0.6866359447004609
4402,0.3560688941934067,"(0.338, 0.373]",0.6337209302325582
4403,0.417717185180374,"(0.407, 0.442]",0.5903614457831325
4404,0.4315810156895999,"(0.407, 0.442]",0.546583850931677
4405,0.35338746918186303,"(0.338, 0.373]",0.45652173913043476
4406,0.37752335507399826,"(0.373, 0.407]",0.4074074074074074
4407,0.40410531966172863,"(0.373, 0.407]",0.328125
4408,0.42720467282501984,"(0.407, 0.442]",0.2847222222222222
4409,0.38558813186328317,"(0.373, 0.407]",0.19078947368421054
4410,0.3629310151229543,"(0.338, 0.373]",0.1527777777777778
4411,0.3659721930321204,"(0.338, 0.373]",0.17532467532467533
4412,0.22313810495461034,"(0.2, 0.234]",0.14193548387096774
4413,0.3113929178260402,"(0.303, 0.338]",0.1610738255033557
4414,0.34163709666366343,"(0.338, 0.373]",0.14906832298136646
4415,0.18895961577695944,"(0.165, 0.2]",0.11875
4445,0.306377167620444,"(0.303, 0.338]",0.7047244094488189
4446,0.3376377608267916,"(0.303, 0.338]",0.6935483870967742
4447,0.24201050274722058,"(0.234, 0.269]",0.7119341563786008
4448,0.367147404136749,"(0.338, 0.373]",0.6578947368421053
4449,0.27719882253177813,"(0.269, 0.303]",0.6523809523809524
4450,0.40187687181188436,"(0.373, 0.407]",0.6381909547738693
4451,0.2955050330794437,"(0.269, 0.303]",0.6230366492146597
4452,0.445624699042437,"(0.442, 0.476]",0.6111111111111112
4453,0.4075072041984433,"(0.407, 0.442]",0.5789473684210527
4454,0.30583952357403715,"(0.303, 0.338]",0.52
4455,0.31615220236540764,"(0.303, 0.338]",0.4263565891472868
4456,0.2581283332664968,"(0.234, 0.269]",0.3902439024390244
4457,0.4143720169624077,"(0.407, 0.442]",0.3543307086614173
4458,0.393855234425735,"(0.373, 0.407]",0.2900763358778626
4459,0.39538930649647464,"(0.373, 0.407]",0.2463768115942029
4460,0.3580154194926729,"(0.338, 0.373]",0.18055555555555555
4461,0.31578182123927184,"(0.303, 0.338]",0.13076923076923078
4462,0.3794563350443978,"(0.373, 0.407]",0.16666666666666666
4463,0.3138520628449976,"(0.303, 0.338]",0.14788732394366197
4464,0.2783628537966515,"(0.269, 0.303]",0.1736111111111111
4465,0.20889209665604813,"(0.2, 0.234]",0.16129032258064516
4466,0.26355080005093645,"(0.234, 0.269]",0.14285714285714285
4491,0.2774556230051868,"(0.269, 0.303]",0.7673469387755102
4492,0.37035669005648175,"(0.338, 0.373]",0.7573529411764706
4493,0.2969962476848689,"(0.269, 0.303]",0.7509025270758123
4497,0.3162893231069124,"(0.303, 0.338]",0.6859504132231405
4498,0.06313348715430088,"(0.0617, 0.0962]",0.680672268907563
4499,0.40464558418650654,"(0.373, 0.407]",0.6294642857142857
4500,0.3592462885003999,"(0.338, 0.373]",0.6056338028169014
4501,0.3703974185658147,"(0.338, 0.373]",0.6205128205128205
4502,0.39106213877118134,"(0.373, 0.407]",0.6021505376344086
4503,0.39392622247956127,"(0.373, 0.407]",0.5963855421686747
4504,0.31932491409978114,"(0.303, 0.338]",0.569620253164557
4505,0.42552258109137947,"(0.407, 0.442]",0.4859154929577465
4506,0.36357023630227764,"(0.338, 0.373]",0.3884297520661157
4507,0.3299356610910972,"(0.303, 0.338]",0.35833333333333334
4508,0.3569680945461593,"(0.338, 0.373]",0.33043478260869563
4509,0.22516153983756246,"(0.2, 0.234]",0.25
4510,0.35929584094668265,"(0.338, 0.373]",0.2265625
4511,0.3324787031463912,"(0.303, 0.338]",0.17142857142857143
4512,0.3001489141725637,"(0.269, 0.303]",0.12408759124087591
4513,0.3022353080247341,"(0.269, 0.303]",0.14925373134328357
4514,0.36054598428834883,"(0.338, 0.373]",0.13333333333333333
4515,0.25069257795602445,"(0.234, 0.269]",0.16911764705882354
4516,0.2539783538985207,"(0.234, 0.269]",0.1506849315068493
4517,0.2543378648369691,"(0.234, 0.269]",0.14193548387096774
4540,0.25499674784168375,"(0.234, 0.269]",0.7860262008733624
4541,0.3495490978971468,"(0.338, 0.373]",0.7662337662337663
4542,0.38026899851271767,"(0.373, 0.407]",0.7559055118110236
4549,0.3825621356643665,"(0.373, 0.407]",0.6602870813397129
4550,0.35842969355094406,"(0.338, 0.373]",0.6273584905660378
4551,0.41331501779458546,"(0.407, 0.442]",0.6288659793814433
4552,0.3880275930950402,"(0.373, 0.407]",0.5684210526315789
4553,0.3913958239584648,"(0.373, 0.407]",0.5895953757225434
4554,0.3073305087343582,"(0.303, 0.338]",0.55
4555,0.42205364059942985,"(0.407, 0.442]",0.44594594594594594
4556,0.3832741455298508,"(0.373, 0.407]",0.34814814814814815
4557,0.3703621372355742,"(0.338, 0.373]",0.288
4558,0.2888717082925765,"(0.269, 0.303]",0.2903225806451613
4559,0.2438880487861262,"(0.234, 0.269]",0.2230769230769231
4560,0.36467155606746077,"(0.338, 0.373]",0.2288135593220339
4561,0.3880200021097106,"(0.373, 0.407]",0.19083969465648856
4565,0.40057828721902816,"(0.373, 0.407]",0.1323529411764706
4566,0.39063179547400617,"(0.373, 0.407]",0.1388888888888889
4589,0.2639148735928983,"(0.234, 0.269]",0.7837837837837838
4590,0.27451683618607087,"(0.269, 0.303]",0.7747747747747747
4591,0.22372751972180105,"(0.2, 0.234]",0.7673469387755102
4592,0.3507513303073041,"(0.338, 0.373]",0.7480314960629921
4598,0.3412899638316931,"(0.338, 0.373]",0.6901408450704225
4599,0.4069084847848916,"(0.373, 0.407]",0.6637168141592921
4600,0.4356081328880759,"(0.407, 0.442]",0.6568627450980392
4601,0.330216643859006,"(0.303, 0.338]",0.5583756345177665
4602,0.4445723722078418,"(0.442, 0.476]",0.5706214689265536
4603,0.33024552199134666,"(0.303, 0.338]",0.52
4604,0.4283452397889224,"(0.407, 0.442]",0.44285714285714284
4605,0.4138965939316995,"(0.407, 0.442]",0.37398373983739835
4606,0.3621328285267651,"(0.338, 0.373]",0.3442622950819672
4607,0.33643634767590896,"(0.303, 0.338]",0.3228346456692913
4608,0.40369058727812324,"(0.373, 0.407]",0.25
4609,0.37400721921174607,"(0.373, 0.407]",0.2571428571428571
4610,0.4038236177509672,"(0.373, 0.407]",0.17857142857142858
4638,0.3642665944707288,"(0.338, 0.373]",0.7972350230414746
4639,0.3212257171179612,"(0.303, 0.338]",0.7777777777777778
4640,0.354836558372225,"(0.338, 0.373]",0.775330396475771
4641,0.328990538784881,"(0.303, 0.338]",0.7336065573770492
4650,0.34562570124235104,"(0.338, 0.373]",0.5876288659793815
4651,0.4342111876023694,"(0.407, 0.442]",0.5891891891891892
4652,0.42442112580086877,"(0.407, 0.442]",0.538961038961039
4653,0.39966310983587977,"(0.373, 0.407]",0.45517241379310347
4654,0.25406887658064864,"(0.234, 0.269]",0.40310077519379844
4655,0.3951386486164241,"(0.373, 0.407]",0.319672131147541
4656,0.3796130296809848,"(0.373, 0.407]",0.2601626016260163
4657,0.3190720624956365,"(0.303, 0.338]",0.20610687022900764
4658,0.40581330027811874,"(0.373, 0.407]",0.21641791044776118
4659,0.37962000813216845,"(0.373, 0.407]",0.15151515151515152
4688,0.2970922530685674,"(0.269, 0.303]",0.7847533632286996
4689,0.060848182736465306,"(0.0271, 0.0617]",0.7533632286995515
4690,0.3293543943368411,"(0.303, 0.338]",0.7217391304347827
4691,0.2947990764789961,"(0.269, 0.303]",0.7142857142857143
4699,0.43547467509576737,"(0.407, 0.442]",0.5665024630541872
4700,0.3708548549316011,"(0.338, 0.373]",0.5654450261780105
4701,0.24848914400873015,"(0.234, 0.269]",0.5030674846625767
4702,0.4290068969400974,"(0.407, 0.442]",0.4117647058823529
4703,0.4078024814108696,"(0.407, 0.442]",0.3880597014925373
4704,0.4282918991838566,"(0.407, 0.442]",0.29545454545454547
4705,0.33940607136690626,"(0.338, 0.373]",0.24817518248175183
4706,0.39337867580406305,"(0.373, 0.407]",0.20588235294117646
4707,0.35624504556268255,"(0.338, 0.373]",0.18705035971223022
4708,0.3788293279742898,"(0.373, 0.407]",0.140625
4738,0.17249919380332118,"(0.165, 0.2]",0.7292576419213974
4739,0.14558563252580292,"(0.131, 0.165]",0.7117903930131004
4740,0.28372593572175164,"(0.269, 0.303]",0.7219917012448133
4741,0.19084114791824672,"(0.165, 0.2]",0.7142857142857143
4748,0.32949574731441095,"(0.303, 0.338]",0.5752688172043011
4749,0.3723571429127712,"(0.338, 0.373]",0.2777777777777778
4750,0.37449651476189383,"(0.373, 0.407]",0.24647887323943662
4781,0.28318545145752827,"(0.269, 0.303]",0.74235807860262
4782,0.22062870072275698,"(0.2, 0.234]",0.7341772151898734
4783,0.33888007867749986,"(0.338, 0.373]",0.7224669603524229
4784,0.36412887829029383,"(0.338, 0.373]",0.6965811965811965
4791,0.254412538285504,"(0.234, 0.269]",0.25190839694656486
4794,0.3614935574957451,"(0.338, 0.373]",0.12686567164179105
4821,0.23101033276693944,"(0.2, 0.234]",0.6926406926406926
4822,0.3393655706142244,"(0.338, 0.373]",0.7136363636363636
4823,0.30828349507116365,"(0.303, 0.338]",0.7090909090909091
4824,0.35482317345469294,"(0.338, 0.373]",0.6724137931034483
4831,0.3824575797982707,"(0.373, 0.407]",0.24242424242424243
4856,0.42872476766709783,"(0.407, 0.442]",0.625
4857,0.3529681630651288,"(0.338, 0.373]",0.6238532110091743
4859,0.3073648143401261,"(0.303, 0.338]",0.6666666666666666
4893,0.26464421243000824,"(0.234, 0.269]",0.6058823529411764
4894,0.42576497954997666,"(0.407, 0.442]",0.6421052631578947
4895,0.3756933878201652,"(0.373, 0.407]",0.6208530805687204
4896,0.3712296253889143,"(0.338, 0.373]",0.6757990867579908
4897,0.38724502692746116,"(0.373, 0.407]",0.6728110599078341
4898,0.39098249599962753,"(0.373, 0.407]",0.6575342465753424
4899,0.3861045300595909,"(0.373, 0.407]",0.6164383561643836
4900,0.4430696323685842,"(0.442, 0.476]",0.5627906976744186
4902,0.3899533331447418,"(0.373, 0.407]",0.5539906103286385
4905,0.3705655952851525,"(0.338, 0.373]",0.5178571428571429
4906,0.42738158692489736,"(0.407, 0.442]",0.21428571428571427
4908,0.33792119952627847,"(0.303, 0.338]",0.2112676056338028
4931,0.44016211859977095,"(0.407, 0.442]",0.535031847133758
4932,0.36437434725692996,"(0.338, 0.373]",0.5435897435897435
4933,0.3599718390054923,"(0.338, 0.373]",0.6018518518518519
4934,0.3730636769932794,"(0.373, 0.407]",0.6153846153846154
4935,0.41249401777203143,"(0.407, 0.442]",0.625
4936,0.3894962675723798,"(0.373, 0.407]",0.5866666666666667
4937,0.31427941759230715,"(0.303, 0.338]",0.5118483412322274
4938,0.41208846654303605,"(0.407, 0.442]",0.5192307692307693
4939,0.3891809625763774,"(0.373, 0.407]",0.49295774647887325
4940,0.45217884432760475,"(0.442, 0.476]",0.5102040816326531
4941,0.38212539178828353,"(0.373, 0.407]",0.5193370165745856
4942,0.4094145582490948,"(0.407, 0.442]",0.4723926380368098
4943,0.42609025772285575,"(0.407, 0.442]",0.1702127659574468
4944,0.38238338523376025,"(0.373, 0.407]",0.2097902097902098
4968,0.4347707744516592,"(0.407, 0.442]",0.49101796407185627
4969,0.4247186962326046,"(0.407, 0.442]",0.5528846153846154
4970,0.3610708945307291,"(0.338, 0.373]",0.5539906103286385
4971,0.4049556710893486,"(0.373, 0.407]",0.5692307692307692
4972,0.3808280840170237,"(0.373, 0.407]",0.5533980582524272
4973,0.43785965716376485,"(0.407, 0.442]",0.49171270718232046
4975,0.3267815521033938,"(0.303, 0.338]",0.4745762711864407
4977,0.4181750487364608,"(0.407, 0.442]",0.48427672955974843
4978,0.42715506362814243,"(0.407, 0.442]",0.445859872611465
4979,0.28392086969123403,"(0.269, 0.303]",0.17857142857142858
4980,0.40012679069743756,"(0.373, 0.407]",0.16233766233766234
4981,0.40943779434325855,"(0.407, 0.442]",0.20422535211267606
4982,0.3586009086549185,"(0.338, 0.373]",0.21481481481481482
4983,0.4136067702432751,"(0.407, 0.442]",0.1897810218978102
4984,0.09454049716602506,"(0.0617, 0.0962]",0.21212121212121213
5004,0.47997091626075983,"(0.476, 0.511]",0.4801980198019802
5005,0.4544131688452337,"(0.442, 0.476]",0.4672897196261682
5006,0.3754482964174161,"(0.373, 0.407]",0.48404255319148937
5007,0.37838162710774087,"(0.373, 0.407]",0.47668393782383417
5008,0.4268243555984138,"(0.407, 0.442]",0.4476744186046512
5009,0.39048109065895736,"(0.373, 0.407]",0.4720496894409938
5010,0.44450859792341535,"(0.442, 0.476]",0.4430379746835443
5011,0.36651063964761127,"(0.338, 0.373]",0.436241610738255
5012,0.35796709673563126,"(0.338, 0.373]",0.45751633986928103
5013,0.3973225425717657,"(0.373, 0.407]",0.4723926380368098
5014,0.4036355294936551,"(0.373, 0.407]",0.4805194805194805
5015,0.369674302058716,"(0.338, 0.373]",0.15555555555555556
5016,0.4116077700641003,"(0.407, 0.442]",0.15436241610738255
5017,0.3873669283989652,"(0.373, 0.407]",0.1564625850340136
5018,0.33336220731323285,"(0.303, 0.338]",0.20422535211267606
5041,0.41496630720929417,"(0.407, 0.442]",0.40476190476190477
5042,0.4180252570457101,"(0.407, 0.442]",0.3979591836734694
5043,0.39273514936825293,"(0.373, 0.407]",0.4157303370786517
5044,0.4016983888742276,"(0.373, 0.407]",0.4350282485875706
5045,0.4700470881767573,"(0.442, 0.476]",0.4457831325301205
5046,0.39590567840268936,"(0.373, 0.407]",0.4666666666666667
5047,0.44130620313269997,"(0.407, 0.442]",0.4316546762589928
5048,0.43895354294060923,"(0.407, 0.442]",0.4253731343283582
5049,0.4075874782398435,"(0.407, 0.442]",0.41911764705882354
5050,0.41071245565220993,"(0.407, 0.442]",0.44155844155844154
5051,0.36026920781451977,"(0.338, 0.373]",0.45161290322580644
5052,0.40220796801949366,"(0.373, 0.407]",0.42105263157894735
5053,0.4677783830824557,"(0.442, 0.476]",0.3783783783783784
5054,0.2333383185090506,"(0.2, 0.234]",0.29770992366412213
5055,0.36634491055758406,"(0.338, 0.373]",0.21768707482993196
5056,0.4835149420293637,"(0.476, 0.511]",0.17763157894736842
5057,0.22720181968722866,"(0.2, 0.234]",0.15333333333333332
5058,0.3456048824960613,"(0.338, 0.373]",0.16666666666666666
5059,0.2476441162505489,"(0.234, 0.269]",0.18248175182481752
5084,0.40337271382324363,"(0.373, 0.407]",0.38461538461538464
5086,0.38964204693555515,"(0.373, 0.407]",0.41044776119402987
5087,0.43436083105336243,"(0.407, 0.442]",0.43448275862068964
5088,0.3809402642491252,"(0.373, 0.407]",0.4267515923566879
5089,0.41806420556141827,"(0.407, 0.442]",0.4382716049382716
5090,0.453432965302844,"(0.442, 0.476]",0.45695364238410596
5091,0.41860297614239184,"(0.407, 0.442]",0.3961038961038961
5092,0.28689500685394287,"(0.269, 0.303]",0.3333333333333333
5093,0.30103762094228753,"(0.269, 0.303]",0.2677165354330709
5094,0.37339104983935684,"(0.373, 0.407]",0.19444444444444445
5095,0.32503433138358256,"(0.303, 0.338]",0.14864864864864866
5096,0.2770268091773784,"(0.269, 0.303]",0.11409395973154363
5097,0.3572307254210701,"(0.338, 0.373]",0.14193548387096774
5120,0.43705851771330967,"(0.407, 0.442]",0.2814814814814815
5121,0.36725920988813787,"(0.338, 0.373]",0.29411764705882354
5122,0.39305953561794654,"(0.373, 0.407]",0.28662420382165604
5123,0.4505561126388571,"(0.442, 0.476]",0.30718954248366015
5124,0.4909229869074731,"(0.476, 0.511]",0.34265734265734266
5125,0.32098893475798346,"(0.303, 0.338]",0.3333333333333333
5126,0.40743846782148785,"(0.407, 0.442]",0.35251798561151076
5127,0.39279107745867414,"(0.373, 0.407]",0.37748344370860926
5128,0.4145758511629728,"(0.407, 0.442]",0.40522875816993464
5129,0.45195135800923,"(0.442, 0.476]",0.42105263157894735
5130,0.413112524474072,"(0.407, 0.442]",0.38311688311688313
5131,0.41227544440151115,"(0.407, 0.442]",0.3356643356643357
5133,0.2960755752018851,"(0.269, 0.303]",0.24183006535947713
5134,0.3328276199536809,"(0.303, 0.338]",0.2
5135,0.33165164650121887,"(0.303, 0.338]",0.17721518987341772
5136,0.32634214902698666,"(0.303, 0.338]",0.20606060606060606
5159,0.34585688286891536,"(0.338, 0.373]",0.24444444444444444
5160,0.35161853513923985,"(0.338, 0.373]",0.24489795918367346
5161,0.40381932035575757,"(0.373, 0.407]",0.24161073825503357
5162,0.38472978223024973,"(0.373, 0.407]",0.2671232876712329
5163,0.3829141105975762,"(0.373, 0.407]",0.2803030303030303
5164,0.45653417325078033,"(0.442, 0.476]",0.3049645390070922
5165,0.38580186984150744,"(0.373, 0.407]",0.32450331125827814
5166,0.4429508480624442,"(0.442, 0.476]",0.32666666666666666
5167,0.35829054813293026,"(0.338, 0.373]",0.3469387755102041
5168,0.33023026364392544,"(0.303, 0.338]",0.33974358974358976
5169,0.24967189275288876,"(0.234, 0.269]",0.33557046979865773
5170,0.3359422833579353,"(0.303, 0.338]",0.31333333333333335
5171,0.3206479195248046,"(0.303, 0.338]",0.25748502994011974
5172,0.23712385114986795,"(0.234, 0.269]",0.19135802469135801
5173,0.3451787778186297,"(0.338, 0.373]",0.15060240963855423
5174,0.35902811825196457,"(0.338, 0.373]",0.17901234567901234
5197,0.3861378435028103,"(0.373, 0.407]",0.18253968253968253
5198,0.43065654128648434,"(0.407, 0.442]",0.18248175182481752
5199,0.2733719104681591,"(0.269, 0.303]",0.2222222222222222
5200,0.38589855066538464,"(0.373, 0.407]",0.2589928057553957
5201,0.4364708579116991,"(0.407, 0.442]",0.273972602739726
5202,0.43760341959172006,"(0.407, 0.442]",0.3125
5203,0.45441473391609244,"(0.442, 0.476]",0.32867132867132864
5204,0.35429495090600716,"(0.338, 0.373]",0.3103448275862069
5205,0.36114405702410074,"(0.338, 0.373]",0.3092105263157895
5206,0.3468708844315966,"(0.338, 0.373]",0.2746478873239437
5207,0.36380006846344976,"(0.338, 0.373]",0.2536231884057971
5208,0.42549200613210475,"(0.407, 0.442]",0.24489795918367346
5209,0.3644962748525761,"(0.338, 0.373]",0.1836734693877551
5210,0.3759483876873544,"(0.373, 0.407]",0.1592356687898089
5211,0.39175571579842905,"(0.373, 0.407]",0.19875776397515527
5233,0.4484571211647528,"(0.442, 0.476]",0.17272727272727273
5234,0.42525734879035654,"(0.407, 0.442]",0.184
5235,0.4377874202154611,"(0.407, 0.442]",0.18791946308724833
5236,0.3433871484183606,"(0.338, 0.373]",0.2246376811594203
5237,0.39561419565290573,"(0.373, 0.407]",0.23943661971830985
5238,0.3456440991669784,"(0.338, 0.373]",0.26143790849673204
5239,0.3510087911249622,"(0.338, 0.373]",0.27972027972027974
5244,0.34312552250955103,"(0.338, 0.373]",0.2375
5245,0.3695747856027533,"(0.338, 0.373]",0.18238993710691823
5246,0.3585514155021243,"(0.338, 0.373]",0.17261904761904762
5247,0.36689261238566445,"(0.338, 0.373]",0.19161676646706588
5248,0.3479866528388879,"(0.338, 0.373]",0.16981132075471697
5268,0.29942302677870675,"(0.269, 0.303]",0.14782608695652175
5269,0.2830528289648266,"(0.269, 0.303]",0.15333333333333332
5270,0.3259047769918953,"(0.303, 0.338]",0.1870967741935484
5271,0.31340301411734867,"(0.303, 0.338]",0.20121951219512196
5272,0.3808049326043584,"(0.373, 0.407]",0.22699386503067484
5273,0.36409347625768373,"(0.338, 0.373]",0.24050632911392406
5274,0.3949993185931395,"(0.373, 0.407]",0.23076923076923078
5275,0.35094896067201004,"(0.338, 0.373]",0.2578616352201258
5276,0.2873055646513467,"(0.269, 0.303]",0.23529411764705882
5277,0.2899662621336445,"(0.269, 0.303]",0.21641791044776118
5278,0.33492500612870885,"(0.303, 0.338]",0.2112676056338028
5279,0.31100518645030906,"(0.303, 0.338]",0.14189189189189189
5280,0.2700854273333313,"(0.269, 0.303]",0.15757575757575756
5281,0.3626992893240225,"(0.338, 0.373]",0.17647058823529413
5301,0.3485882897215948,"(0.338, 0.373]",0.1276595744680851
5302,0.22988236803039558,"(0.2, 0.234]",0.13924050632911392
5303,0.3144411436701093,"(0.303, 0.338]",0.15568862275449102
5304,0.3136251817818614,"(0.303, 0.338]",0.16374269005847952
5305,0.3634963823917367,"(0.338, 0.373]",0.16770186335403728
5306,0.3940919848075352,"(0.373, 0.407]",0.15789473684210525
5307,0.30763161089278823,"(0.303, 0.338]",0.1566265060240964
5308,0.2800011967529613,"(0.269, 0.303]",0.12987012987012986
5309,0.33416950865351347,"(0.303, 0.338]",0.1388888888888889
5310,0.3480634663445711,"(0.338, 0.373]",0.16981132075471697
5311,0.2920532697182983,"(0.269, 0.303]",0.15757575757575756
5312,0.1665304007760903,"(0.165, 0.2]",0.19553072625698323
5313,0.19646595747219103,"(0.165, 0.2]",0.193717277486911
5332,0.3958540624284305,"(0.373, 0.407]",0.08849557522123894
5333,0.2695612302860607,"(0.269, 0.303]",0.09523809523809523
5334,0.3197168515206582,"(0.303, 0.338]",0.10909090909090909
5335,0.3643408554329242,"(0.338, 0.373]",0.10588235294117647
5336,0.34650209281646244,"(0.338, 0.373]",0.11731843575418995
5337,0.37584431790026684,"(0.373, 0.407]",0.12222222222222222
5338,0.321600516328006,"(0.303, 0.338]",0.11797752808988764
5339,0.32310326467728656,"(0.303, 0.338]",0.10059171597633136
5340,0.2913240619736762,"(0.269, 0.303]",0.11801242236024845
5341,0.29202788232896704,"(0.269, 0.303]",0.12138728323699421
5342,0.3218635225802129,"(0.303, 0.338]",0.13953488372093023
5343,0.30011769492422635,"(0.269, 0.303]",0.19553072625698323
5362,0.23336855436517054,"(0.2, 0.234]",0.09701492537313433
5363,0.3919143646434507,"(0.373, 0.407]",0.1069182389937107
5364,0.3800689073543859,"(0.373, 0.407]",0.1
5365,0.43011555460290757,"(0.407, 0.442]",0.10555555555555556
5366,0.34446124052216465,"(0.338, 0.373]",0.11494252873563218
5367,0.370466482413858,"(0.338, 0.373]",0.11666666666666667
5368,0.3901198733531847,"(0.373, 0.407]",0.1016949152542373
5369,0.382596231268851,"(0.373, 0.407]",0.12804878048780488
5390,0.34345878571938127,"(0.338, 0.373]",0.12408759124087591
5391,0.38797180395720543,"(0.373, 0.407]",0.1111111111111111
5392,0.35583229423707485,"(0.338, 0.373]",0.10270270270270271
5393,0.38713746400774357,"(0.373, 0.407]",0.09826589595375723
5394,0.2947287240905483,"(0.269, 0.303]",0.08743169398907104
5395,0.3669965963814167,"(0.338, 0.373]",0.08522727272727272
5396,0.27317575406650796,"(0.269, 0.303]",0.12195121951219512
5417,0.38584066057503125,"(0.373, 0.407]",0.14814814814814814
5419,0.33192217875039437,"(0.303, 0.338]",0.13450292397660818
5420,0.3110915061252293,"(0.303, 0.338]",0.12574850299401197
5421,0.32292258379500544,"(0.303, 0.338]",0.10344827586206896
5422,0.34531392875158406,"(0.338, 0.373]",0.10795454545454546
5423,0.4188928091762472,"(0.407, 0.442]",0.11538461538461539
5447,0.26212992713949684,"(0.234, 0.269]",0.10734463276836158
7270,0.3626332400408708,"(0.338, 0.373]",0.3509933774834437
7546,0.2587158748306664,"(0.234, 0.269]",0.29411764705882354
7547,0.36339148085287254,"(0.338, 0.373]",0.25
7548,0.3642309300047897,"(0.338, 0.373]",0.26436781609195403
7556,0.31178919885262296,"(0.303, 0.338]",0.21212121212121213
7557,0.35025280816399956,"(0.338, 0.373]",0.22981366459627328
7558,0.3575349023965779,"(0.338, 0.373]",0.20754716981132076
7566,0.3590075795257894,"(0.338, 0.373]",0.2303370786516854
7567,0.28196824285022676,"(0.269, 0.303]",0.22485207100591717
7568,0.32928608346764254,"(0.303, 0.338]",0.26256983240223464
7569,0.30152614811354356,"(0.269, 0.303]",0.2459016393442623
7573,0.37866589313627314,"(0.373, 0.407]",0.24338624338624337
7574,0.29585835950281814,"(0.269, 0.303]",0.24864864864864866
7648,0.30407347726164125,"(0.303, 0.338]",0.26506024096385544
7666,0.3319153106076268,"(0.303, 0.338]",0.3218390804597701
7667,0.3824104335490414,"(0.373, 0.407]",0.33136094674556216
7668,0.4178911936055095,"(0.407, 0.442]",0.2857142857142857
7669,0.34308051163013353,"(0.338, 0.373]",0.28488372093023256
7670,0.28750106462502756,"(0.269, 0.303]",0.30434782608695654
7671,0.3237541014131583,"(0.303, 0.338]",0.31794871794871793
7675,0.38573554081826994,"(0.373, 0.407]",0.3170731707317073
7676,0.3594905503713746,"(0.338, 0.373]",0.3065326633165829
7682,0.31672557867984824,"(0.303, 0.338]",0.2348993288590604
7752,0.34569704125994916,"(0.338, 0.373]",0.2710843373493976
7755,0.38600275833713926,"(0.373, 0.407]",0.27167630057803466
7760,0.35472941353915255,"(0.338, 0.373]",0.32558139534883723
7761,0.4026860263708432,"(0.373, 0.407]",0.33714285714285713
7762,0.33931234374795183,"(0.338, 0.373]",0.32608695652173914
7765,0.3410912551327693,"(0.338, 0.373]",0.25
7772,0.42338899133265206,"(0.407, 0.442]",0.3170731707317073
7773,0.4366158644529883,"(0.407, 0.442]",0.36363636363636365
7774,0.38139452800800544,"(0.373, 0.407]",0.391304347826087
7775,0.41853108609457557,"(0.407, 0.442]",0.3765432098765432
7776,0.40508918837171354,"(0.373, 0.407]",0.3592814371257485
7777,0.37682229411299123,"(0.373, 0.407]",0.3263157894736842
7778,0.367784223369503,"(0.338, 0.373]",0.3333333333333333
7781,0.4210617271527987,"(0.407, 0.442]",0.34328358208955223
7782,0.4150016628757031,"(0.407, 0.442]",0.3163265306122449
7783,0.380294026770214,"(0.373, 0.407]",0.3191489361702128
7784,0.3861792393988523,"(0.373, 0.407]",0.2967032967032967
7788,0.33825347116336496,"(0.338, 0.373]",0.23417721518987342
7789,0.37821531414730475,"(0.373, 0.407]",0.23270440251572327
7860,0.26936565999966144,"(0.269, 0.303]",0.2934131736526946
7861,0.3647712616333181,"(0.338, 0.373]",0.2988505747126437
7862,0.34719369811125644,"(0.338, 0.373]",0.25274725274725274
7863,0.30123887696414875,"(0.269, 0.303]",0.27586206896551724
7864,0.3300522500741846,"(0.303, 0.338]",0.27325581395348836
7866,0.3724369606594264,"(0.338, 0.373]",0.294478527607362
7867,0.36643475691796784,"(0.338, 0.373]",0.3181818181818182
7868,0.3986408387275341,"(0.373, 0.407]",0.3595505617977528
7869,0.3183388542250043,"(0.303, 0.338]",0.3707865168539326
7870,0.4138299179614123,"(0.407, 0.442]",0.3595505617977528
7871,0.3898655429298843,"(0.373, 0.407]",0.3142857142857143
7872,0.32710357022321007,"(0.303, 0.338]",0.27647058823529413
7873,0.41623826074628334,"(0.407, 0.442]",0.2619047619047619
7874,0.43693452874253846,"(0.407, 0.442]",0.2822085889570552
7875,0.35842465469091916,"(0.338, 0.373]",0.2564102564102564
7876,0.42129231555692737,"(0.407, 0.442]",0.2958579881656805
7877,0.4241097102770255,"(0.407, 0.442]",0.3192771084337349
7878,0.34091421737584304,"(0.338, 0.373]",0.3105590062111801
7879,0.3924589431006397,"(0.373, 0.407]",0.3333333333333333
7880,0.3879974205955865,"(0.373, 0.407]",0.3181818181818182
7881,0.42813735580801543,"(0.407, 0.442]",0.38064516129032255
7882,0.3812560810056976,"(0.373, 0.407]",0.3881578947368421
7883,0.383901265715424,"(0.373, 0.407]",0.40540540540540543
7884,0.4250129656800947,"(0.407, 0.442]",0.4088050314465409
7885,0.3270164125450587,"(0.303, 0.338]",0.3352272727272727
7886,0.3739266914057141,"(0.373, 0.407]",0.3520408163265306
7887,0.42211991022291023,"(0.407, 0.442]",0.3520408163265306
7888,0.38591490950837815,"(0.373, 0.407]",0.36
7889,0.36961933194962787,"(0.338, 0.373]",0.35294117647058826
7890,0.380914554200552,"(0.373, 0.407]",0.33695652173913043
7891,0.3382016112476806,"(0.338, 0.373]",0.3446327683615819
7896,0.36322192472878434,"(0.338, 0.373]",0.30409356725146197
7898,0.3082910614952735,"(0.303, 0.338]",0.28205128205128205
7954,0.3626785698468439,"(0.338, 0.373]",0.25
7955,0.3490623001933181,"(0.338, 0.373]",0.22916666666666666
7959,0.34842820467515956,"(0.338, 0.373]",0.25287356321839083
7960,0.30082822572249385,"(0.269, 0.303]",0.27607361963190186
7961,0.32619067392919565,"(0.303, 0.338]",0.2994011976047904
7962,0.44196553460743043,"(0.442, 0.476]",0.24705882352941178
7963,0.3967642943174856,"(0.373, 0.407]",0.23376623376623376
7964,0.34869320259930797,"(0.338, 0.373]",0.2662337662337662
7965,0.32740904074320637,"(0.303, 0.338]",0.23129251700680273
7966,0.36850952245551555,"(0.338, 0.373]",0.273972602739726
7967,0.3277021185242944,"(0.303, 0.338]",0.3275862068965517
7968,0.4132800944012019,"(0.407, 0.442]",0.32386363636363635
7969,0.41895223971457096,"(0.407, 0.442]",0.3442622950819672
7970,0.4074879848827899,"(0.407, 0.442]",0.32608695652173914
7971,0.3897032977683646,"(0.373, 0.407]",0.3050847457627119
7972,0.3720435770893599,"(0.338, 0.373]",0.3103448275862069
7973,0.43095812518925625,"(0.407, 0.442]",0.3125
7974,0.37214978730355375,"(0.338, 0.373]",0.3475609756097561
7975,0.47232327940234575,"(0.442, 0.476]",0.325
7976,0.4673139148119654,"(0.442, 0.476]",0.36416184971098264
7977,0.4082788347443224,"(0.407, 0.442]",0.38764044943820225
7978,0.31976917194166105,"(0.303, 0.338]",0.38461538461538464
7979,0.38379568758721366,"(0.373, 0.407]",0.38596491228070173
7980,0.3945949202624901,"(0.373, 0.407]",0.35802469135802467
7981,0.37219424712139393,"(0.338, 0.373]",0.41916167664670656
7982,0.4046842752185862,"(0.373, 0.407]",0.4266666666666667
7983,0.439191009137501,"(0.407, 0.442]",0.4794520547945205
7984,0.43713160082049274,"(0.407, 0.442]",0.4934210526315789
7985,0.36227766906546655,"(0.338, 0.373]",0.4049079754601227
7986,0.395045795329875,"(0.373, 0.407]",0.4074074074074074
7989,0.44080876120361934,"(0.407, 0.442]",0.375
7990,0.40185531563525556,"(0.373, 0.407]",0.37572254335260113
7991,0.4506475372603834,"(0.442, 0.476]",0.3780487804878049
7992,0.3694102577828308,"(0.338, 0.373]",0.36477987421383645
7993,0.4125171120454042,"(0.407, 0.442]",0.36477987421383645
7996,0.3461112319795394,"(0.338, 0.373]",0.3253012048192771
7999,0.3761581964612278,"(0.373, 0.407]",0.34265734265734266
8044,0.318238982712283,"(0.303, 0.338]",0.17532467532467533
8045,0.3363838322037133,"(0.303, 0.338]",0.176056338028169
8046,0.44276074469074844,"(0.442, 0.476]",0.1891891891891892
8047,0.4169066922684396,"(0.407, 0.442]",0.23076923076923078
8048,0.4150976298837825,"(0.407, 0.442]",0.23972602739726026
8049,0.3536141139861703,"(0.338, 0.373]",0.21341463414634146
8050,0.32992871846105093,"(0.303, 0.338]",0.21764705882352942
8052,0.32449632620124225,"(0.303, 0.338]",0.26436781609195403
8053,0.3650820519076401,"(0.338, 0.373]",0.2994011976047904
8054,0.38159483728597043,"(0.373, 0.407]",0.31213872832369943
8055,0.36547845103015597,"(0.338, 0.373]",0.2857142857142857
8056,0.4209282999910446,"(0.407, 0.442]",0.2822085889570552
8057,0.441524691060357,"(0.407, 0.442]",0.2777777777777778
8058,0.39374663022408735,"(0.373, 0.407]",0.2857142857142857
8059,0.41338678886362656,"(0.407, 0.442]",0.3076923076923077
8060,0.39603120793101115,"(0.373, 0.407]",0.367816091954023
8061,0.42479682245233963,"(0.407, 0.442]",0.41379310344827586
8062,0.4369608028682441,"(0.407, 0.442]",0.44505494505494503
8063,0.3662141494979987,"(0.338, 0.373]",0.43575418994413406
8064,0.3939537333015923,"(0.373, 0.407]",0.42424242424242425
8065,0.3862001996484595,"(0.373, 0.407]",0.4125
8066,0.46384864113420854,"(0.442, 0.476]",0.4258064516129032
8067,0.4272998807043658,"(0.407, 0.442]",0.4691358024691358
8068,0.40369622641850667,"(0.373, 0.407]",0.453416149068323
8069,0.3933355636702853,"(0.373, 0.407]",0.49444444444444446
8070,0.4036591771307115,"(0.373, 0.407]",0.5081081081081081
8071,0.4255984014272076,"(0.407, 0.442]",0.49710982658959535
8074,0.4108843504056935,"(0.407, 0.442]",0.42857142857142855
8075,0.37167433458629534,"(0.338, 0.373]",0.44966442953020136
8076,0.4196648913602773,"(0.407, 0.442]",0.5379746835443038
8077,0.4125117752259904,"(0.407, 0.442]",0.5375
8082,0.47043557293550725,"(0.442, 0.476]",0.33532934131736525
8083,0.40437556805390923,"(0.373, 0.407]",0.36363636363636365
8085,0.43291535198900255,"(0.407, 0.442]",0.4
8086,0.3710577979426794,"(0.338, 0.373]",0.3881578947368421
8087,0.3605196753406199,"(0.338, 0.373]",0.36477987421383645
8088,0.3591115209125824,"(0.338, 0.373]",0.34375
8130,0.34349148175714855,"(0.338, 0.373]",0.17557251908396945
8131,0.35528628758340985,"(0.338, 0.373]",0.16666666666666666
8132,0.3987135346166834,"(0.373, 0.407]",0.16129032258064516
8133,0.4013458568724703,"(0.373, 0.407]",0.15671641791044777
8134,0.34032924670614567,"(0.338, 0.373]",0.18705035971223022
8135,0.415700925643535,"(0.407, 0.442]",0.22302158273381295
8136,0.367428665368101,"(0.338, 0.373]",0.20512820512820512
8137,0.352114503865132,"(0.338, 0.373]",0.2356687898089172
8138,0.36997545811538535,"(0.338, 0.373]",0.22297297297297297
8139,0.40153561921469966,"(0.373, 0.407]",0.25157232704402516
8140,0.3951643348278219,"(0.373, 0.407]",0.3051948051948052
8141,0.37739550064354255,"(0.373, 0.407]",0.3128834355828221
8142,0.38929019550626187,"(0.373, 0.407]",0.3522727272727273
8143,0.4719065681215621,"(0.442, 0.476]",0.3522012578616352
8144,0.44585231485905247,"(0.442, 0.476]",0.3584905660377358
8145,0.43451417156229366,"(0.407, 0.442]",0.40268456375838924
8146,0.3862611253919033,"(0.373, 0.407]",0.3958333333333333
8147,0.3861598436460882,"(0.373, 0.407]",0.4176470588235294
8148,0.4060957761208378,"(0.373, 0.407]",0.4519774011299435
8149,0.41683146778063945,"(0.407, 0.442]",0.48044692737430167
8150,0.40215498297908514,"(0.373, 0.407]",0.4971751412429379
8151,0.31834794680783673,"(0.303, 0.338]",0.5345911949685535
8152,0.2804320991572941,"(0.269, 0.303]",0.5135135135135135
8153,0.3164632867369329,"(0.303, 0.338]",0.527027027027027
8155,0.435735330816774,"(0.407, 0.442]",0.5087719298245614
8156,0.39652417312391236,"(0.373, 0.407]",0.5544041450777202
8157,0.42694501264846796,"(0.407, 0.442]",0.5678391959798995
8158,0.35907037849163587,"(0.338, 0.373]",0.5721925133689839
8161,0.41131200520766903,"(0.407, 0.442]",0.5283018867924528
8162,0.43988520478567483,"(0.407, 0.442]",0.5345911949685535
8163,0.3875778059854818,"(0.373, 0.407]",0.6035502958579881
8164,0.4338933777136495,"(0.407, 0.442]",0.6136363636363636
8169,0.45657734820840756,"(0.442, 0.476]",0.3977272727272727
8172,0.3865139182086769,"(0.373, 0.407]",0.41721854304635764
8174,0.334990990591935,"(0.303, 0.338]",0.3448275862068966
8175,0.4372467209564531,"(0.407, 0.442]",0.35625
8210,0.343362637905874,"(0.338, 0.373]",0.2878787878787879
8211,0.4168885110369844,"(0.407, 0.442]",0.3543307086614173
8212,0.476398403406371,"(0.476, 0.511]",0.38461538461538464
8213,0.4684035970657796,"(0.442, 0.476]",0.4244604316546763
8214,0.47283170998927637,"(0.442, 0.476]",0.4351145038167939
8215,0.44486215907615007,"(0.442, 0.476]",0.44776119402985076
8216,0.391577410374916,"(0.373, 0.407]",0.48484848484848486
8217,0.36803921810692464,"(0.338, 0.373]",0.4925373134328358
8218,0.39630059922105193,"(0.373, 0.407]",0.5032679738562091
8219,0.41056292091564667,"(0.407, 0.442]",0.515527950310559
8220,0.365517243088731,"(0.338, 0.373]",0.5586592178770949
8221,0.3666837806307092,"(0.338, 0.373]",0.5513513513513514
8222,0.40047154070296687,"(0.373, 0.407]",0.5921787709497207
8242,0.303030298795722,"(0.269, 0.303]",0.5443786982248521
8285,0.395923719208773,"(0.373, 0.407]",0.572139303482587
8288,0.4129365787052102,"(0.407, 0.442]",0.31343283582089554
8289,0.38166744575521155,"(0.373, 0.407]",0.3055555555555556
8290,0.36150196819572306,"(0.338, 0.373]",0.2898550724637681
8319,0.4098832830781681,"(0.407, 0.442]",0.35294117647058826
8320,0.4423375157180787,"(0.442, 0.476]",0.3333333333333333
8321,0.44791713860822163,"(0.442, 0.476]",0.34
8322,0.395824568840274,"(0.373, 0.407]",0.3333333333333333
8340,0.32528442470687624,"(0.303, 0.338]",0.7355769230769231
8341,0.3057248030513277,"(0.303, 0.338]",0.7239583333333334
8342,0.2869167010544824,"(0.269, 0.303]",0.6979166666666666
8343,0.4146971932656016,"(0.407, 0.442]",0.42028985507246375
8344,0.38636609133840905,"(0.373, 0.407]",0.38686131386861317
8345,0.437955867599398,"(0.407, 0.442]",0.323943661971831
8346,0.3350332657191236,"(0.303, 0.338]",0.3248407643312102
8347,0.4298993170725991,"(0.407, 0.442]",0.30434782608695654
8348,0.34699558551079107,"(0.338, 0.373]",0.3072289156626506
8351,0.3204703001431875,"(0.303, 0.338]",0.30656934306569344
8352,0.36535105914260513,"(0.338, 0.373]",0.32142857142857145
8362,0.2921791433077429,"(0.269, 0.303]",0.7608695652173914
8366,0.3790870257500479,"(0.373, 0.407]",0.4857142857142857
8367,0.39343127626666813,"(0.373, 0.407]",0.4236111111111111
8369,0.3841517100241548,"(0.373, 0.407]",0.3710691823899371
8370,0.23611588826191418,"(0.234, 0.269]",0.3236994219653179
8372,0.39485486817509946,"(0.373, 0.407]",0.3018867924528302
8373,0.3700090725295358,"(0.338, 0.373]",0.32926829268292684
8374,0.3020565590449326,"(0.269, 0.303]",0.33544303797468356
8375,0.40663765578025945,"(0.373, 0.407]",0.33136094674556216
8376,0.3852372193824566,"(0.373, 0.407]",0.3184713375796178
8387,0.4599883473855555,"(0.442, 0.476]",0.31788079470198677
8388,0.34053735471401353,"(0.338, 0.373]",0.30612244897959184
8389,0.33363655483617954,"(0.303, 0.338]",0.3333333333333333
8390,0.277434135021947,"(0.269, 0.303]",0.3484848484848485
8391,0.41475943615019384,"(0.407, 0.442]",0.33088235294117646
8540,0.4265316877014628,"(0.407, 0.442]",0.6331877729257642
8569,0.35389850782180765,"(0.338, 0.373]",0.5119047619047619
8575,0.3626497606644719,"(0.338, 0.373]",0.6318181818181818
8576,0.27960129460828936,"(0.269, 0.303]",0.6653992395437263
8577,0.39298194205050613,"(0.373, 0.407]",0.6431095406360424
8603,0.42963469450379516,"(0.407, 0.442]",0.43312101910828027
8604,0.3956446566540762,"(0.373, 0.407]",0.436046511627907
8605,0.4095915782137655,"(0.407, 0.442]",0.458128078817734
8606,0.35292979768188465,"(0.338, 0.373]",0.4954954954954955
8607,0.3673599643187171,"(0.338, 0.373]",0.5391304347826087
8612,0.2637912724317769,"(0.234, 0.269]",0.6567164179104478
8638,0.393156508320024,"(0.373, 0.407]",0.2835820895522388
8639,0.28842701374387086,"(0.269, 0.303]",0.2876712328767123
8640,0.4453475110074998,"(0.442, 0.476]",0.2948717948717949
8641,0.4559662965927512,"(0.442, 0.476]",0.3372093023255814
8642,0.4306545591149966,"(0.407, 0.442]",0.39572192513368987
8643,0.4270562362955077,"(0.407, 0.442]",0.43315508021390375
8644,0.33487556865863544,"(0.303, 0.338]",0.46733668341708545
8645,0.3905094476609465,"(0.373, 0.407]",0.455
8646,0.3613921194444517,"(0.338, 0.373]",0.4803921568627451
8647,0.386245308088823,"(0.373, 0.407]",0.5022026431718062
8649,0.35516949180298835,"(0.338, 0.373]",0.5462184873949579
8679,0.41790969187447985,"(0.407, 0.442]",0.14615384615384616
8680,0.37987310116997225,"(0.373, 0.407]",0.18518518518518517
8681,0.3022300641014395,"(0.269, 0.303]",0.2112676056338028
8682,0.40112020070610444,"(0.373, 0.407]",0.26666666666666666
8683,0.3466972172024937,"(0.338, 0.373]",0.2974683544303797
8684,0.38365335360803104,"(0.373, 0.407]",0.32298136645962733
8685,0.3889731149677107,"(0.373, 0.407]",0.33714285714285713
8686,0.4242782429045473,"(0.407, 0.442]",0.34972677595628415
8687,0.357263378052441,"(0.338, 0.373]",0.365
8688,0.3525033352036431,"(0.338, 0.373]",0.3894230769230769
8689,0.28134866431592304,"(0.269, 0.303]",0.41545893719806765
8690,0.40850683484503625,"(0.407, 0.442]",0.43661971830985913
8691,0.32875917805177834,"(0.303, 0.338]",0.43
8692,0.3086043500274706,"(0.303, 0.338]",0.441747572815534
8693,0.3808785252180692,"(0.373, 0.407]",0.47345132743362833
8694,0.21705609016515767,"(0.2, 0.234]",0.5042016806722689
8695,0.3727937074689069,"(0.373, 0.407]",0.5634920634920635
8696,0.3827143781300339,"(0.373, 0.407]",0.59765625
8728,0.28622676883457265,"(0.269, 0.303]",0.136986301369863
8729,0.22981656833717637,"(0.2, 0.234]",0.15286624203821655
8730,0.38497565401292616,"(0.373, 0.407]",0.14534883720930233
8731,0.34811467449121597,"(0.338, 0.373]",0.13559322033898305
8732,0.3809630930798799,"(0.373, 0.407]",0.17391304347826086
8733,0.4415513367108923,"(0.407, 0.442]",0.18518518518518517
8734,0.4439461866706541,"(0.442, 0.476]",0.24725274725274726
8735,0.464195303407125,"(0.442, 0.476]",0.2807017543859649
8736,0.3754130359548954,"(0.373, 0.407]",0.32903225806451614
8737,0.28078472338163846,"(0.269, 0.303]",0.3696969696969697
8738,0.3440773525235979,"(0.338, 0.373]",0.38202247191011235
8739,0.3093817782416055,"(0.303, 0.338]",0.3584905660377358
8740,0.3698991309349056,"(0.338, 0.373]",0.3738738738738739
8741,0.3429214987038395,"(0.338, 0.373]",0.39111111111111113
8742,0.4313931133888134,"(0.407, 0.442]",0.4
8743,0.4101718689081606,"(0.407, 0.442]",0.45365853658536587
8748,0.43519374649269443,"(0.407, 0.442]",0.5730337078651685
8780,0.2917256176608499,"(0.269, 0.303]",0.14705882352941177
8781,0.35110410510169276,"(0.338, 0.373]",0.1488095238095238
8782,0.4212636389851481,"(0.407, 0.442]",0.17159763313609466
8783,0.40902140834751743,"(0.407, 0.442]",0.1569767441860465
8784,0.4295631000530661,"(0.407, 0.442]",0.16759776536312848
8785,0.30225235041192605,"(0.269, 0.303]",0.20786516853932585
8786,0.4013855407493949,"(0.373, 0.407]",0.21761658031088082
8787,0.45824850529369926,"(0.442, 0.476]",0.273224043715847
8788,0.4090988293680062,"(0.407, 0.442]",0.2976190476190476
8789,0.346708412290651,"(0.338, 0.373]",0.3419354838709677
8790,0.4002243885888803,"(0.373, 0.407]",0.38562091503267976
8791,0.4080879116717482,"(0.407, 0.442]",0.4152046783625731
8792,0.43091899353398,"(0.407, 0.442]",0.3910891089108911
8793,0.37240328944820794,"(0.338, 0.373]",0.4166666666666667
8795,0.32529239835471835,"(0.303, 0.338]",0.4537037037037037
8796,0.3831892960739282,"(0.373, 0.407]",0.5219512195121951
8801,0.39699355532550173,"(0.373, 0.407]",0.5817490494296578
8802,0.3761660154693053,"(0.373, 0.407]",0.60546875
8803,0.30400607841472277,"(0.303, 0.338]",0.6349206349206349
8804,0.4352457820293213,"(0.407, 0.442]",0.6598360655737705
8833,0.381793447887566,"(0.373, 0.407]",0.125
8835,0.28958339880281286,"(0.269, 0.303]",0.1564625850340136
8836,0.39869134779887994,"(0.373, 0.407]",0.17687074829931973
8837,0.3285103713068406,"(0.303, 0.338]",0.23270440251572327
8838,0.3363088259918061,"(0.303, 0.338]",0.2619047619047619
8839,0.38578063126400725,"(0.373, 0.407]",0.2702702702702703
8840,0.44153156116810904,"(0.407, 0.442]",0.2983425414364641
8841,0.28827754890212726,"(0.269, 0.303]",0.3072289156626506
8842,0.3836449348690452,"(0.373, 0.407]",0.3670886075949367
8843,0.3607050507226971,"(0.338, 0.373]",0.40384615384615385
8844,0.3999501693525875,"(0.373, 0.407]",0.44508670520231214
8845,0.3664400456256396,"(0.338, 0.373]",0.4187192118226601
8846,0.32569195585497995,"(0.303, 0.338]",0.4232558139534884
8848,0.43978249616555426,"(0.407, 0.442]",0.46396396396396394
8849,0.27545328734098223,"(0.269, 0.303]",0.5280373831775701
8850,0.3589826736613574,"(0.338, 0.373]",0.5324675324675324
8851,0.4358868362719513,"(0.407, 0.442]",0.5689655172413793
8852,0.35893802004163794,"(0.338, 0.373]",0.5738396624472574
8854,0.3889092023784447,"(0.373, 0.407]",0.5813953488372093
8855,0.42067754825329007,"(0.407, 0.442]",0.6023622047244095
8856,0.4330880429635218,"(0.407, 0.442]",0.62890625
8857,0.3847164167450759,"(0.373, 0.407]",0.6535433070866141
8894,0.3864203493223883,"(0.373, 0.407]",0.11842105263157894
8895,0.3546136730604989,"(0.338, 0.373]",0.12337662337662338
8896,0.3305870710820772,"(0.303, 0.338]",0.15862068965517243
8897,0.36699324325116456,"(0.338, 0.373]",0.16891891891891891
8898,0.35580387364210714,"(0.338, 0.373]",0.2185430463576159
8899,0.26417174672101557,"(0.234, 0.269]",0.2795031055900621
8900,0.36548741875709007,"(0.338, 0.373]",0.2698412698412698
8901,0.4270588814013228,"(0.407, 0.442]",0.2972972972972973
8902,0.41058433453091425,"(0.407, 0.442]",0.3372093023255814
8903,0.2548476918625296,"(0.234, 0.269]",0.36477987421383645
8904,0.4189591713778235,"(0.407, 0.442]",0.4144736842105263
8905,0.393842318226272,"(0.373, 0.407]",0.4550898203592814
8906,0.42336085246762706,"(0.407, 0.442]",0.4322916666666667
8907,0.3553216608448167,"(0.338, 0.373]",0.4608294930875576
8909,0.39850686551205217,"(0.373, 0.407]",0.5021834061135371
8910,0.38199925177127075,"(0.373, 0.407]",0.5720338983050848
8911,0.39464052726258586,"(0.373, 0.407]",0.5819672131147541
8912,0.4061803750343585,"(0.373, 0.407]",0.6224066390041494
8915,0.4046865142296685,"(0.373, 0.407]",0.6086956521739131
8959,0.38952698132253516,"(0.373, 0.407]",0.13125
8960,0.3729979356631923,"(0.373, 0.407]",0.15384615384615385
8961,0.3732703405925363,"(0.373, 0.407]",0.16546762589928057
8962,0.3734112465233789,"(0.373, 0.407]",0.21897810218978103
8963,0.2287801044185987,"(0.2, 0.234]",0.2867132867132867
8964,0.355094728205794,"(0.338, 0.373]",0.296969696969697
8965,0.4034441756042756,"(0.373, 0.407]",0.32571428571428573
8966,0.3660196042363786,"(0.338, 0.373]",0.3522727272727273
8967,0.4037091010193159,"(0.373, 0.407]",0.3657142857142857
8968,0.39776848796929803,"(0.373, 0.407]",0.41081081081081083
8969,0.313517685770008,"(0.303, 0.338]",0.44221105527638194
8970,0.4292759169119702,"(0.407, 0.442]",0.46464646464646464
8971,0.3749082755610367,"(0.373, 0.407]",0.4751131221719457
8972,0.3049765806457938,"(0.303, 0.338]",0.5277777777777778
8973,0.3361300664937184,"(0.303, 0.338]",0.5429864253393665
8974,0.40999256257410455,"(0.407, 0.442]",0.5843621399176955
8975,0.3787234263559753,"(0.373, 0.407]",0.6244897959183674
8976,0.37240783935385763,"(0.338, 0.373]",0.6381322957198443
9021,0.34850285626656036,"(0.338, 0.373]",0.08602150537634409
9022,0.36296299091743944,"(0.338, 0.373]",0.09944751381215469
9023,0.4248008218331398,"(0.407, 0.442]",0.13414634146341464
9024,0.43973689691233814,"(0.407, 0.442]",0.14545454545454545
9025,0.3883294691230749,"(0.373, 0.407]",0.17532467532467533
9026,0.37948202281807797,"(0.373, 0.407]",0.24516129032258063
9029,0.36452490524292974,"(0.338, 0.373]",0.34104046242774566
9030,0.3551720351570623,"(0.338, 0.373]",0.37572254335260113
9031,0.4139345144573127,"(0.407, 0.442]",0.41237113402061853
9032,0.41434699814433507,"(0.407, 0.442]",0.43434343434343436
9033,0.3878897205491503,"(0.373, 0.407]",0.46733668341708545
9034,0.43225590417892923,"(0.407, 0.442]",0.45662100456621
9035,0.38590567390202773,"(0.373, 0.407]",0.5253456221198156
9036,0.37905265649195524,"(0.373, 0.407]",0.5511111111111111
9037,0.3494827113724402,"(0.338, 0.373]",0.5755102040816327
9038,0.3893992634745977,"(0.373, 0.407]",0.6260162601626016
9083,0.35066888007323826,"(0.338, 0.373]",0.09852216748768473
9084,0.41953753588184906,"(0.407, 0.442]",0.09900990099009901
9085,0.4066188646315165,"(0.373, 0.407]",0.13142857142857142
9086,0.3301084700814623,"(0.303, 0.338]",0.10588235294117647
9087,0.31644712835211836,"(0.303, 0.338]",0.08333333333333333
9091,0.43801700797248316,"(0.407, 0.442]",0.3128491620111732
9092,0.3765075429310871,"(0.373, 0.407]",0.36
9094,0.42547275716469835,"(0.407, 0.442]",0.42162162162162165
9095,0.43220471811601785,"(0.407, 0.442]",0.45789473684210524
9096,0.34422563786397786,"(0.338, 0.373]",0.4386792452830189
9097,0.38415846125377906,"(0.373, 0.407]",0.5164319248826291
9098,0.38437049314488675,"(0.373, 0.407]",0.5545851528384279
9099,0.44752513233950664,"(0.442, 0.476]",0.5918367346938775
9143,0.4138304929829588,"(0.407, 0.442]",0.09047619047619047
9144,0.42425947842947087,"(0.407, 0.442]",0.125
9145,0.4038467211517221,"(0.373, 0.407]",0.11413043478260869
9146,0.3887794299917333,"(0.373, 0.407]",0.09696969696969697
9147,0.4145512276679836,"(0.407, 0.442]",0.11333333333333333
9148,0.39574845354857385,"(0.373, 0.407]",0.14285714285714285
9149,0.37678795432103573,"(0.373, 0.407]",0.20809248554913296
9150,0.400089699293888,"(0.373, 0.407]",0.23783783783783785
9151,0.48630355257112823,"(0.476, 0.511]",0.28191489361702127
9152,0.351409491212932,"(0.338, 0.373]",0.315
9153,0.4203228159629765,"(0.407, 0.442]",0.34183673469387754
9154,0.42048930191357775,"(0.407, 0.442]",0.4158415841584158
9155,0.42366067660601886,"(0.407, 0.442]",0.413953488372093
9156,0.39799103827401733,"(0.373, 0.407]",0.5095238095238095
9157,0.4027695930956875,"(0.373, 0.407]",0.5590909090909091
9201,0.37417499570436247,"(0.373, 0.407]",0.1134020618556701
9202,0.3580122787696671,"(0.338, 0.373]",0.0979381443298969
9203,0.2273426162634242,"(0.2, 0.234]",0.09883720930232558
9204,0.27341929691611466,"(0.269, 0.303]",0.10062893081761007
9205,0.36989076080959726,"(0.338, 0.373]",0.11515151515151516
9206,0.3719010321176043,"(0.338, 0.373]",0.16666666666666666
9207,0.3873985806975513,"(0.373, 0.407]",0.17204301075268819
9208,0.39005071153780513,"(0.373, 0.407]",0.21875
9209,0.37290613321927174,"(0.373, 0.407]",0.23157894736842105
9210,0.44112942210739814,"(0.407, 0.442]",0.2620320855614973
9211,0.3833855136840947,"(0.373, 0.407]",0.35233160621761656
9212,0.37302964650077663,"(0.373, 0.407]",0.36597938144329895
9213,0.3861051863177497,"(0.373, 0.407]",0.4619289340101523
9214,0.37919659583407517,"(0.373, 0.407]",0.5463414634146342
9215,0.4293122197878037,"(0.407, 0.442]",0.5471698113207547
9252,0.19035518497277457,"(0.165, 0.2]",0.08542713567839195
9253,0.34025115278907053,"(0.338, 0.373]",0.09770114942528736
9254,0.356470026244677,"(0.338, 0.373]",0.07741935483870968
9255,0.3813897836591923,"(0.373, 0.407]",0.0975609756097561
9256,0.4024669569854801,"(0.373, 0.407]",0.12571428571428572
9257,0.33861631119783653,"(0.338, 0.373]",0.11578947368421053
9258,0.42924699118275134,"(0.407, 0.442]",0.1323529411764706
9259,0.4628337202276695,"(0.442, 0.476]",0.14925373134328357
9260,0.42687926690081296,"(0.407, 0.442]",0.17857142857142858
9261,0.42916284494197476,"(0.407, 0.442]",0.2653061224489796
9262,0.4227669934126452,"(0.407, 0.442]",0.30526315789473685
9263,0.2855235443585448,"(0.269, 0.303]",0.38095238095238093
9265,0.39710096203504,"(0.373, 0.407]",0.46078431372549017
9266,0.39968333338749873,"(0.373, 0.407]",0.5565217391304348
9268,0.2570551753152617,"(0.234, 0.269]",0.6044776119402985
9302,0.43094241828180624,"(0.407, 0.442]",0.08208955223880597
9303,0.37253708926721474,"(0.373, 0.407]",0.08609271523178808
9304,0.3973160341368722,"(0.373, 0.407]",0.09467455621301775
9305,0.38964358398782656,"(0.373, 0.407]",0.08205128205128205
9306,0.3831516001582452,"(0.373, 0.407]",0.07692307692307693
9307,0.4271748340219212,"(0.407, 0.442]",0.095
9308,0.3862580588983797,"(0.373, 0.407]",0.1414141414141414
9309,0.40040827185923106,"(0.373, 0.407]",0.205
9310,0.4018750458769684,"(0.373, 0.407]",0.2864583333333333
9311,0.35965036390634514,"(0.338, 0.373]",0.3383838383838384
9312,0.2614283273312322,"(0.234, 0.269]",0.38860103626943004
9313,0.3933183780643018,"(0.373, 0.407]",0.39303482587064675
9314,0.3878838390247534,"(0.373, 0.407]",0.4649122807017544
9315,0.363541275565106,"(0.338, 0.373]",0.510548523206751
9316,0.4015746074475021,"(0.373, 0.407]",0.55859375
9352,0.4118032737016557,"(0.407, 0.442]",0.07537688442211055
9353,0.39672077513964527,"(0.373, 0.407]",0.07109004739336493
9354,0.39708579334467786,"(0.373, 0.407]",0.08056872037914692
9355,0.32411427810200455,"(0.303, 0.338]",0.1073170731707317
9356,0.40308321596055885,"(0.373, 0.407]",0.12886597938144329
9357,0.3997633798135176,"(0.373, 0.407]",0.21390374331550802
9358,0.4082381555751571,"(0.407, 0.442]",0.24019607843137256
9359,0.4255381966966211,"(0.407, 0.442]",0.2893401015228426
9360,0.4206065321425228,"(0.407, 0.442]",0.29767441860465116
9361,0.3476731868363445,"(0.338, 0.373]",0.3472803347280335
9362,0.39375097679830506,"(0.373, 0.407]",0.41975308641975306
9363,0.43184124946919655,"(0.407, 0.442]",0.47470817120622566
9372,0.3515918206529886,"(0.338, 0.373]",0.6324786324786325
9373,0.38611562914988395,"(0.373, 0.407]",0.6208530805687204
9397,0.360711281288385,"(0.338, 0.373]",0.07142857142857142
9399,0.4097732787738746,"(0.407, 0.442]",0.0989010989010989
9401,0.3868771258948608,"(0.373, 0.407]",0.19607843137254902
9402,0.41828611850150327,"(0.407, 0.442]",0.21782178217821782
9403,0.2804496601110617,"(0.269, 0.303]",0.24413145539906103
9404,0.3857088263371668,"(0.373, 0.407]",0.2636363636363636
9405,0.41131420936985147,"(0.407, 0.442]",0.3080568720379147
9406,0.3905344335170901,"(0.373, 0.407]",0.4
9408,0.4293541777485018,"(0.407, 0.442]",0.4780701754385965
9409,0.4043320258049166,"(0.373, 0.407]",0.49356223175965663
9410,0.42941385397037785,"(0.407, 0.442]",0.49173553719008267
9411,0.3472767863895102,"(0.338, 0.373]",0.49137931034482757
9413,0.3937441473056195,"(0.373, 0.407]",0.6118721461187214
9414,0.3721548086161406,"(0.338, 0.373]",0.6221198156682027
9415,0.30882822488959916,"(0.303, 0.338]",0.6515837104072398
9416,0.34749099450729687,"(0.338, 0.373]",0.6355140186915887
9447,0.3956184530047638,"(0.373, 0.407]",0.13756613756613756
9448,0.3630511579551437,"(0.338, 0.373]",0.16666666666666666
9449,0.3818934378469033,"(0.373, 0.407]",0.18536585365853658
9450,0.4212321109896798,"(0.407, 0.442]",0.22274881516587677
9451,0.38908365252691846,"(0.373, 0.407]",0.22321428571428573
9452,0.3754266259618507,"(0.373, 0.407]",0.2544642857142857
9456,0.4111998597218712,"(0.407, 0.442]",0.3953488372093023
9457,0.36610926048428394,"(0.338, 0.373]",0.4017857142857143
9458,0.4154787976582853,"(0.407, 0.442]",0.38222222222222224
9459,0.3409739029170138,"(0.338, 0.373]",0.43636363636363634
9460,0.3547891326632091,"(0.338, 0.373]",0.5071090047393365
9461,0.441446268821621,"(0.407, 0.442]",0.5142857142857142
9462,0.4440311758584528,"(0.442, 0.476]",0.568075117370892
9463,0.39554079171211687,"(0.373, 0.407]",0.5747663551401869
9464,0.41801877930133385,"(0.407, 0.442]",0.5871559633027523
9496,0.40424621796011473,"(0.373, 0.407]",0.0903954802259887
9497,0.28906879668042806,"(0.269, 0.303]",0.12105263157894737
9498,0.34853994036464686,"(0.338, 0.373]",0.15343915343915343
9499,0.3705585606032488,"(0.338, 0.373]",0.1674641148325359
9500,0.37302170586607564,"(0.373, 0.407]",0.20642201834862386
9504,0.40970003202609484,"(0.407, 0.442]",0.3076923076923077
9505,0.3734527260539944,"(0.373, 0.407]",0.30092592592592593
9506,0.4112730541703931,"(0.407, 0.442]",0.26905829596412556
9507,0.4348464135526057,"(0.407, 0.442]",0.3101851851851852
9508,0.44149272957975444,"(0.407, 0.442]",0.36792452830188677
9509,0.4519469124192671,"(0.442, 0.476]",0.4236453201970443
9510,0.3219344656062682,"(0.303, 0.338]",0.49238578680203043
9511,0.41154425315712134,"(0.407, 0.442]",0.5167464114832536
9512,0.378321960273377,"(0.373, 0.407]",0.5566037735849056
9544,0.3644440608243235,"(0.338, 0.373]",0.16822429906542055
9545,0.3692039549436003,"(0.338, 0.373]",0.18222222222222223
9549,0.3490670872314909,"(0.338, 0.373]",0.25821596244131456
9550,0.45182791495338315,"(0.442, 0.476]",0.2688679245283019
9551,0.24421456546428325,"(0.234, 0.269]",0.23873873873873874
9552,0.44134400876507757,"(0.407, 0.442]",0.2857142857142857
9553,0.4547548088839835,"(0.442, 0.476]",0.3225806451612903
9554,0.4137749179277113,"(0.407, 0.442]",0.3427230046948357
9555,0.4564284237010689,"(0.442, 0.476]",0.41346153846153844
9556,0.4123676159156681,"(0.407, 0.442]",0.4019138755980861
9557,0.389763309839121,"(0.373, 0.407]",0.4429223744292237
9558,0.44718661813761634,"(0.442, 0.476]",0.4976958525345622
9559,0.42938722348112807,"(0.407, 0.442]",0.5091743119266054
9562,0.36103057435874014,"(0.338, 0.373]",0.6234309623430963
9595,0.3900536682878661,"(0.373, 0.407]",0.26339285714285715
9596,0.36453275404760893,"(0.338, 0.373]",0.29646017699115046
9597,0.3557685965451872,"(0.338, 0.373]",0.30697674418604654
9598,0.3168518923457826,"(0.303, 0.338]",0.32432432432432434
9599,0.40245850624219026,"(0.373, 0.407]",0.3333333333333333
9600,0.43069135657866386,"(0.407, 0.442]",0.3548387096774194
9601,0.3803356658994764,"(0.373, 0.407]",0.4027777777777778
9602,0.4150111819530719,"(0.407, 0.442]",0.41232227488151657
9603,0.43750751938645127,"(0.407, 0.442]",0.4418604651162791
9604,0.3761914891199411,"(0.373, 0.407]",0.47368421052631576
9605,0.3980112233605536,"(0.373, 0.407]",0.5023255813953489
9606,0.40340275573504336,"(0.373, 0.407]",0.5625
9607,0.39949351787975096,"(0.373, 0.407]",0.627906976744186
9640,0.3797801187364661,"(0.373, 0.407]",0.33620689655172414
9641,0.43947990157265576,"(0.407, 0.442]",0.32905982905982906
9642,0.3849336880876999,"(0.373, 0.407]",0.32882882882882886
9643,0.4512151657824243,"(0.442, 0.476]",0.38222222222222224
9645,0.3373666636535298,"(0.303, 0.338]",0.3952380952380952
9647,0.3976357124259784,"(0.373, 0.407]",0.4195121951219512
9648,0.373561979208864,"(0.373, 0.407]",0.45263157894736844
9682,0.39514894915487925,"(0.373, 0.407]",0.3157894736842105
9683,0.32269604014255204,"(0.303, 0.338]",0.3521739130434783
9687,0.4329551032162694,"(0.407, 0.442]",0.36548223350253806
9725,0.4040296473841667,"(0.373, 0.407]",0.34806629834254144
9984,0.28148031381831523,"(0.269, 0.303]",0.3046875
10007,0.37084531960084977,"(0.338, 0.373]",0.2396694214876033
10008,0.3758959474879012,"(0.373, 0.407]",0.32061068702290074
10009,0.3853173000247738,"(0.373, 0.407]",0.3656716417910448
10010,0.4192481805868912,"(0.407, 0.442]",0.4452054794520548
10034,0.3783067492196461,"(0.373, 0.407]",0.27049180327868855
10035,0.33925057824995275,"(0.338, 0.373]",0.2396694214876033
10036,0.32803957941268735,"(0.303, 0.338]",0.34558823529411764
10037,0.3416531189118422,"(0.338, 0.373]",0.3931034482758621
10038,0.4016292694113817,"(0.373, 0.407]",0.4936708860759494
10062,0.20508142837771912,"(0.2, 0.234]",0.2782608695652174
10063,0.38078975410080795,"(0.373, 0.407]",0.2644628099173554
10064,0.303756124502708,"(0.303, 0.338]",0.3680555555555556
10065,0.412650767211165,"(0.407, 0.442]",0.45394736842105265
10066,0.3365233482024262,"(0.303, 0.338]",0.5930232558139535
10093,0.3055981549141522,"(0.303, 0.338]",0.22413793103448276
10094,0.3681260138465012,"(0.338, 0.373]",0.2608695652173913
10095,0.2884925580454466,"(0.269, 0.303]",0.24390243902439024
10096,0.3286720961655818,"(0.303, 0.338]",0.34328358208955223
10097,0.4270486177443757,"(0.407, 0.442]",0.4647887323943662
10126,0.12901676225007008,"(0.0962, 0.131]",0.226890756302521
10127,0.004961408387128638,"(-0.00742, 0.0271]",0.2682926829268293
10128,0.3080461987053141,"(0.303, 0.338]",0.2900763358778626
10129,0.3787304494108801,"(0.373, 0.407]",0.4246575342465753
10157,0.32168670537772454,"(0.303, 0.338]",0.34146341463414637
10158,0.3562883136975182,"(0.338, 0.373]",0.36923076923076925
10159,0.448337456413619,"(0.442, 0.476]",0.49324324324324326
10302,0.3096576774644695,"(0.303, 0.338]",0.30708661417322836
10303,0.33356768757607946,"(0.303, 0.338]",0.41044776119402987
10337,0.3665569698425299,"(0.338, 0.373]",0.21311475409836064
10338,0.3769708405620284,"(0.373, 0.407]",0.2727272727272727
10339,0.3038823589010445,"(0.303, 0.338]",0.2782608695652174
10340,0.3037407543928978,"(0.303, 0.338]",0.38345864661654133
10380,0.3027564715249183,"(0.269, 0.303]",0.2569444444444444
10381,0.38359753552993825,"(0.373, 0.407]",0.2127659574468085
10382,0.40169033456886727,"(0.373, 0.407]",0.2814814814814815
10383,0.38968095010562526,"(0.373, 0.407]",0.34108527131782945
10384,0.4007035709232992,"(0.373, 0.407]",0.475177304964539
10385,0.32798965864552293,"(0.303, 0.338]",0.6795580110497238
10432,0.40312622400849774,"(0.373, 0.407]",0.24113475177304963
10433,0.3704121101968948,"(0.338, 0.373]",0.2635135135135135
10434,0.44264252066679755,"(0.442, 0.476]",0.25
10435,0.42118649027707245,"(0.407, 0.442]",0.29457364341085274
10436,0.35907770581998644,"(0.338, 0.373]",0.3949579831932773
10483,0.28488538681859027,"(0.269, 0.303]",0.1937984496124031
10484,0.2622935683907744,"(0.234, 0.269]",0.2595419847328244
10485,0.3685654067026448,"(0.338, 0.373]",0.3049645390070922
10486,0.40296538155290906,"(0.373, 0.407]",0.33112582781456956
10487,0.3728233200371663,"(0.373, 0.407]",0.39568345323741005
10533,0.2474631031214299,"(0.234, 0.269]",0.1810344827586207
10534,0.3257040120751088,"(0.303, 0.338]",0.256
10535,0.4016224324225618,"(0.373, 0.407]",0.3609022556390977
10536,0.407707519907395,"(0.407, 0.442]",0.43243243243243246
10537,0.3619775218603104,"(0.338, 0.373]",0.5167785234899329
10581,0.06374610400734144,"(0.0617, 0.0962]",0.15873015873015872
10582,0.2695699256340258,"(0.269, 0.303]",0.16393442622950818
10583,0.3532966058346757,"(0.338, 0.373]",0.168141592920354
10621,0.23853848807333783,"(0.234, 0.269]",0.13636363636363635
10626,0.22395521339287006,"(0.2, 0.234]",0.18840579710144928
10627,0.2168623143994141,"(0.2, 0.234]",0.1925925925925926
10628,0.3700958590617229,"(0.338, 0.373]",0.23622047244094488
10629,0.34517278973732274,"(0.338, 0.373]",0.23684210526315788
10666,0.3775265249116819,"(0.373, 0.407]",0.1206896551724138
10667,0.34588762767457204,"(0.338, 0.373]",0.12389380530973451
10668,0.25913592996378393,"(0.234, 0.269]",0.176
10669,0.2570319512024708,"(0.234, 0.269]",0.22033898305084745
10674,0.3432005251590157,"(0.338, 0.373]",0.234375
10675,0.3507178936759042,"(0.338, 0.373]",0.23577235772357724
10676,0.408758318294776,"(0.407, 0.442]",0.2698412698412698
10713,0.3778878565842044,"(0.373, 0.407]",0.12
10714,0.3830863683511349,"(0.373, 0.407]",0.112
10715,0.41342540793589955,"(0.407, 0.442]",0.14173228346456693
10716,0.37874170983271077,"(0.373, 0.407]",0.1951219512195122
10721,0.30220909412750874,"(0.269, 0.303]",0.27586206896551724
10722,0.14316543995555972,"(0.131, 0.165]",0.35714285714285715
10759,0.34936266729087956,"(0.338, 0.373]",0.14285714285714285
10760,0.1899798022305388,"(0.165, 0.2]",0.13793103448275862
10761,0.24348233996130547,"(0.234, 0.269]",0.1559633027522936
10762,0.3513903987185754,"(0.338, 0.373]",0.22608695652173913
10795,0.3654413879919763,"(0.338, 0.373]",0.11538461538461539
10796,0.2823523750561045,"(0.269, 0.303]",0.14166666666666666
10801,0.3540411353487887,"(0.338, 0.373]",0.1308411214953271
10802,0.36385252213804636,"(0.338, 0.373]",0.18333333333333332
10803,0.3149432535944698,"(0.303, 0.338]",0.16806722689075632
10804,0.31123733217580746,"(0.303, 0.338]",0.1623931623931624
10805,0.11473064857764229,"(0.0962, 0.131]",0.2540983606557377
10806,0.3331543561561943,"(0.303, 0.338]",0.22608695652173913
10807,0.31083153714655354,"(0.303, 0.338]",0.25862068965517243
10808,0.35744553818137426,"(0.338, 0.373]",0.37398373983739835
10809,0.41957349030559726,"(0.407, 0.442]",0.4112903225806452
10835,0.34557847127809804,"(0.338, 0.373]",0.15862068965517243
10836,0.34358932484388405,"(0.338, 0.373]",0.14615384615384616
10837,0.35668741365391804,"(0.338, 0.373]",0.1171875
10838,0.26805265533801975,"(0.234, 0.269]",0.14655172413793102
10845,0.1941417201467357,"(0.165, 0.2]",0.16379310344827586
10846,0.14947123256335929,"(0.131, 0.165]",0.1588785046728972
10847,0.15625195561804264,"(0.131, 0.165]",0.2169811320754717
10848,0.3814035744579283,"(0.373, 0.407]",0.19230769230769232
10849,0.12919753032285608,"(0.0962, 0.131]",0.25925925925925924
10851,0.2676795618455704,"(0.234, 0.269]",0.4647887323943662
10873,0.3532018634336663,"(0.338, 0.373]",0.11382113821138211
10874,0.30840924836912104,"(0.303, 0.338]",0.1056338028169014
10875,0.3134088640732461,"(0.303, 0.338]",0.09285714285714286
10876,0.2995317114422677,"(0.269, 0.303]",0.08695652173913043
10877,0.25177684411857415,"(0.234, 0.269]",0.12213740458015267
10878,0.30971337186816006,"(0.303, 0.338]",0.12173913043478261
10879,0.18596682509631832,"(0.165, 0.2]",0.12844036697247707
10883,0.41639320924236795,"(0.407, 0.442]",0.23
10904,0.3113020082913217,"(0.303, 0.338]",0.1826086956521739
10905,0.3574193254001843,"(0.338, 0.373]",0.13761467889908258
10906,0.3296819871300681,"(0.303, 0.338]",0.09482758620689655
10907,0.32336878976358485,"(0.303, 0.338]",0.10714285714285714
10908,0.3402672905823973,"(0.338, 0.373]",0.08333333333333333
10909,0.21401005695125946,"(0.2, 0.234]",0.09722222222222222
10910,0.3548211145880022,"(0.338, 0.373]",0.1386861313868613
10911,0.3904050651610565,"(0.373, 0.407]",0.14634146341463414
10912,0.30632070947848977,"(0.303, 0.338]",0.16806722689075632
10927,0.33230790748793904,"(0.303, 0.338]",0.11458333333333333
10929,0.32609689836597827,"(0.303, 0.338]",0.18333333333333332
10930,0.3213896924686849,"(0.303, 0.338]",0.22142857142857142
10932,0.3278216291445128,"(0.303, 0.338]",0.17197452229299362
10933,0.2366149087832962,"(0.234, 0.269]",0.15333333333333332
10934,0.22864437078741273,"(0.2, 0.234]",0.15328467153284672
10935,0.2347659376944168,"(0.234, 0.269]",0.19130434782608696
10936,0.29542831416131915,"(0.269, 0.303]",0.19047619047619047
10937,0.26822869761889073,"(0.234, 0.269]",0.18095238095238095
10938,0.30382204210941116,"(0.303, 0.338]",0.125
10939,0.17002184165091935,"(0.165, 0.2]",0.09345794392523364
10940,0.4579828440866935,"(0.442, 0.476]",0.109375
10941,0.242479638586597,"(0.234, 0.269]",0.10077519379844961
10942,0.25835229242366076,"(0.234, 0.269]",0.11764705882352941
10943,0.41824826690630873,"(0.407, 0.442]",0.14925373134328357
10945,0.32946172280566266,"(0.303, 0.338]",0.16101694915254236
10946,0.4141140004290291,"(0.407, 0.442]",0.22321428571428573
10947,0.3486650828902304,"(0.338, 0.373]",0.2619047619047619
10961,0.36271175757205737,"(0.338, 0.373]",0.1440677966101695
10962,0.31408954981191534,"(0.303, 0.338]",0.18518518518518517
10964,-0.11473568458095791,"(-0.146, -0.111]",0.15625
10965,0.2796414064880431,"(0.269, 0.303]",0.13245033112582782
10966,0.3329122837387867,"(0.303, 0.338]",0.125
10967,0.24313928419222652,"(0.234, 0.269]",0.152
10968,0.24314786265152888,"(0.234, 0.269]",0.1592920353982301
10969,0.3112636013279617,"(0.303, 0.338]",0.1592920353982301
10970,0.2734810725125689,"(0.269, 0.303]",0.13333333333333333
10971,0.2890612971182881,"(0.269, 0.303]",0.12244897959183673
10972,0.31357493133932907,"(0.303, 0.338]",0.13392857142857142
10973,0.3488089487641468,"(0.338, 0.373]",0.14285714285714285
10975,0.38642760809746163,"(0.373, 0.407]",0.19083969465648856
10976,0.39648158708468967,"(0.373, 0.407]",0.21739130434782608
10989,0.153723213811899,"(0.131, 0.165]",0.15789473684210525
10990,0.10343626626978582,"(0.0962, 0.131]",0.1326530612244898
10991,0.2653843565337883,"(0.234, 0.269]",0.1
10994,0.2628867424373589,"(0.234, 0.269]",0.11206896551724138
10995,0.24300564517930692,"(0.234, 0.269]",0.16296296296296298
10996,0.34350380117366314,"(0.338, 0.373]",0.1527777777777778
10997,0.2889117302188907,"(0.269, 0.303]",0.16556291390728478
10998,0.2073133967406056,"(0.2, 0.234]",0.16551724137931034
10999,0.3627091937588765,"(0.338, 0.373]",0.15714285714285714
11000,0.20010858353166192,"(0.2, 0.234]",0.16153846153846155
11001,0.32618662703892254,"(0.303, 0.338]",0.15517241379310345
11002,0.3412466003508689,"(0.338, 0.373]",0.16393442622950818
11003,0.3593400328597058,"(0.338, 0.373]",0.14814814814814814
11004,0.30489935721954803,"(0.303, 0.338]",0.16831683168316833
11005,0.2994589787254385,"(0.269, 0.303]",0.19047619047619047
11006,0.36167836607889225,"(0.338, 0.373]",0.1935483870967742
11007,0.1527628497985549,"(0.131, 0.165]",0.21359223300970873
11014,0.3572549707599183,"(0.338, 0.373]",0.16037735849056603
11015,0.2257935828277765,"(0.2, 0.234]",0.1415929203539823
11016,0.2670023374843005,"(0.234, 0.269]",0.1206896551724138
11017,0.30492316524641383,"(0.303, 0.338]",0.10256410256410256
11018,0.2400826768016735,"(0.234, 0.269]",0.08771929824561403
11019,0.295614273017426,"(0.269, 0.303]",0.09090909090909091
11020,0.22928123700357597,"(0.2, 0.234]",0.14018691588785046
11021,0.29791567635529176,"(0.269, 0.303]",0.17355371900826447
11025,0.24213840176954168,"(0.234, 0.269]",0.17355371900826447
11026,0.06178653458134813,"(0.0617, 0.0962]",0.19166666666666668
11027,0.1985657555245367,"(0.165, 0.2]",0.17857142857142858
11029,0.36168156702311394,"(0.338, 0.373]",0.2032520325203252
11030,0.34762950394103903,"(0.338, 0.373]",0.21551724137931033
11031,0.3537447885531058,"(0.338, 0.373]",0.23931623931623933
11038,0.28659279538606947,"(0.269, 0.303]",0.19626168224299065
11039,0.19337130739891262,"(0.165, 0.2]",0.18691588785046728
11040,0.24040607663213243,"(0.234, 0.269]",0.1693548387096774
11041,0.28985664058107713,"(0.269, 0.303]",0.13385826771653545
11042,0.2994393330086381,"(0.269, 0.303]",0.1111111111111111
11043,0.3258465664651859,"(0.303, 0.338]",0.1111111111111111
11044,0.35045073636504037,"(0.338, 0.373]",0.1271186440677966
11045,0.33811905378299967,"(0.338, 0.373]",0.1388888888888889
11051,0.3623442192231963,"(0.338, 0.373]",0.17796610169491525
11052,0.2752166924362411,"(0.269, 0.303]",0.1984126984126984
11053,0.41569903005899067,"(0.407, 0.442]",0.20161290322580644
11054,0.3717653405758454,"(0.338, 0.373]",0.2158273381294964
11055,0.3160936605398849,"(0.303, 0.338]",0.22794117647058823
11056,0.43235651458610097,"(0.407, 0.442]",0.24806201550387597
11063,0.04656671020903199,"(0.0271, 0.0617]",0.15789473684210525
11064,0.31717495390593897,"(0.303, 0.338]",0.18181818181818182
11065,0.15398775243144036,"(0.131, 0.165]",0.17857142857142858
11066,0.2671109998996666,"(0.234, 0.269]",0.15625
11067,0.3029369425495865,"(0.269, 0.303]",0.15384615384615385
11068,0.28921414194095046,"(0.269, 0.303]",0.14814814814814814
11069,0.2923900233487306,"(0.269, 0.303]",0.13333333333333333
11070,0.3313531684244689,"(0.303, 0.338]",0.1532258064516129
11071,0.31451542590661224,"(0.303, 0.338]",0.1782178217821782
11073,0.2760741168596404,"(0.269, 0.303]",0.3162393162393162
11074,0.36985868602745897,"(0.338, 0.373]",0.3140495867768595
11075,0.34116479447147874,"(0.338, 0.373]",0.3046875
11076,0.42165599649355373,"(0.407, 0.442]",0.2878787878787879
11077,0.27004559117824467,"(0.269, 0.303]",0.23684210526315788
11078,0.3175680348683955,"(0.303, 0.338]",0.2543859649122807
11079,0.2714835080722818,"(0.269, 0.303]",0.25862068965517243
11080,0.38696119788455263,"(0.373, 0.407]",0.2824427480916031
11081,0.35511650205247736,"(0.338, 0.373]",0.32575757575757575
11090,0.18451013338439282,"(0.165, 0.2]",0.1623931623931624
11091,0.203287737734964,"(0.2, 0.234]",0.1774193548387097
11092,0.0217432269896573,"(-0.00742, 0.0271]",0.1592920353982301
11093,0.3216091909133444,"(0.303, 0.338]",0.11764705882352941
11094,0.33714088418309945,"(0.303, 0.338]",0.125
11095,0.3286577120450858,"(0.303, 0.338]",0.11811023622047244
11096,0.3265861894411055,"(0.303, 0.338]",0.14705882352941177
11097,0.29780539347840956,"(0.269, 0.303]",0.18796992481203006
11098,0.2414181597277612,"(0.234, 0.269]",0.21296296296296297
11100,0.3521713341446149,"(0.338, 0.373]",0.33636363636363636
11101,0.270303202491057,"(0.269, 0.303]",0.336283185840708
11102,0.39562372958667885,"(0.373, 0.407]",0.31451612903225806
11103,0.25332282275305734,"(0.234, 0.269]",0.27906976744186046
11104,0.22802952948235664,"(0.2, 0.234]",0.24107142857142858
11111,0.3070564106164021,"(0.303, 0.338]",0.08888888888888889
11112,0.36723721223221845,"(0.338, 0.373]",0.09375
11113,0.1482101291539987,"(0.131, 0.165]",0.08421052631578947
11115,0.22844085457052465,"(0.2, 0.234]",0.12962962962962962
11116,0.013944464703552054,"(-0.00742, 0.0271]",0.14285714285714285
11117,0.24010130187816175,"(0.234, 0.269]",0.16806722689075632
11118,0.20485783509767214,"(0.2, 0.234]",0.15315315315315314
11119,0.11862345138589873,"(0.0962, 0.131]",0.12612612612612611
11120,0.3568825745893706,"(0.338, 0.373]",0.15254237288135594
11121,0.3184637032877936,"(0.303, 0.338]",0.16101694915254236
11122,0.38259351704641176,"(0.373, 0.407]",0.1885245901639344
11123,0.37373504423074705,"(0.373, 0.407]",0.226890756302521
11124,0.3381952179550623,"(0.338, 0.373]",0.2268041237113402
11126,0.31959920029911626,"(0.303, 0.338]",0.36082474226804123
11127,0.3021108090709219,"(0.269, 0.303]",0.37735849056603776
11128,0.4135992146526816,"(0.407, 0.442]",0.35294117647058826
11129,0.4040507120547915,"(0.373, 0.407]",0.3025210084033613
11138,0.19941788326982154,"(0.165, 0.2]",0.1111111111111111
11139,0.1720773910345493,"(0.165, 0.2]",0.09803921568627451
11140,0.31002759227332793,"(0.303, 0.338]",0.08256880733944955
11141,0.2297208365370719,"(0.2, 0.234]",0.12389380530973451
11142,0.3103041193755206,"(0.303, 0.338]",0.14423076923076922
11143,0.2671748969365704,"(0.234, 0.269]",0.16161616161616163
11144,0.401021870005862,"(0.373, 0.407]",0.2
11145,0.36250612666244003,"(0.338, 0.373]",0.19444444444444445
11146,0.4088178301149524,"(0.407, 0.442]",0.23008849557522124
11147,0.3481348004747288,"(0.338, 0.373]",0.24324324324324326
11148,0.32545313664332415,"(0.303, 0.338]",0.25773195876288657
11149,0.2887400893144259,"(0.269, 0.303]",0.30303030303030304
11150,0.25337254495245537,"(0.234, 0.269]",0.3541666666666667
11151,0.28186793763431334,"(0.269, 0.303]",0.39603960396039606
11157,0.29769238583273117,"(0.269, 0.303]",0.125
11158,0.3783760003182853,"(0.373, 0.407]",0.13253012048192772
11159,0.2216137535058871,"(0.2, 0.234]",0.11688311688311688
11160,0.23850838872697164,"(0.234, 0.269]",0.08163265306122448
11161,0.24235806780145283,"(0.234, 0.269]",0.10526315789473684
11162,0.24591623956247097,"(0.234, 0.269]",0.16483516483516483
11163,0.3324086516771712,"(0.303, 0.338]",0.21052631578947367
11164,0.37188034372249296,"(0.338, 0.373]",0.22448979591836735
11165,0.26160287579081565,"(0.234, 0.269]",0.3125
11166,0.2132018701068029,"(0.2, 0.234]",0.2872340425531915
11167,0.23514024263164487,"(0.234, 0.269]",0.3010752688172043
11168,0.23477028339840458,"(0.234, 0.269]",0.32978723404255317
11170,0.3372956133112355,"(0.303, 0.338]",0.09473684210526316
11173,0.28662356844080833,"(0.269, 0.303]",0.15730337078651685
11174,0.28373112492388997,"(0.269, 0.303]",0.102803738317757
11175,0.28666509229568227,"(0.269, 0.303]",0.18518518518518517
11176,0.3073886193934209,"(0.303, 0.338]",0.23
11177,0.265683294013798,"(0.234, 0.269]",0.27722772277227725
11178,0.2873202814707115,"(0.269, 0.303]",0.358695652173913
11181,0.25566136848250043,"(0.234, 0.269]",0.11702127659574468
11183,0.3431642597000758,"(0.338, 0.373]",0.17204301075268819
11184,0.2718281529921729,"(0.269, 0.303]",0.16853932584269662
11185,0.30069860195524634,"(0.269, 0.303]",0.10891089108910891
11186,0.2872461939803225,"(0.269, 0.303]",0.17391304347826086
11187,0.405221228835943,"(0.373, 0.407]",0.19658119658119658
11188,0.3017036616232009,"(0.269, 0.303]",0.28440366972477066
11189,0.3564155108023433,"(0.338, 0.373]",0.3619047619047619
11195,0.3146674692038781,"(0.303, 0.338]",0.16379310344827586
11196,0.34712184500092236,"(0.338, 0.373]",0.1568627450980392
11197,0.3342654867169949,"(0.303, 0.338]",0.14912280701754385
11198,0.3640773462102923,"(0.338, 0.373]",0.15151515151515152
11199,0.3516154937548305,"(0.338, 0.373]",0.1348314606741573
11200,0.32749879265606713,"(0.303, 0.338]",0.16071428571428573
11201,0.19805141745746893,"(0.165, 0.2]",0.19834710743801653
11205,0.30276419334362786,"(0.269, 0.303]",0.14432989690721648
11206,0.36517187235322784,"(0.338, 0.373]",0.16161616161616163
11207,0.3880731394115332,"(0.373, 0.407]",0.16831683168316833
11208,0.26149266079395367,"(0.234, 0.269]",0.1574074074074074
11209,0.257640268107022,"(0.234, 0.269]",0.15555555555555556
11210,0.28044015960357366,"(0.269, 0.303]",0.14736842105263157
11211,0.3969451104471282,"(0.373, 0.407]",0.13978494623655913
11212,0.35923363318024265,"(0.338, 0.373]",0.13414634146341464
11215,0.2885655362922615,"(0.269, 0.303]",0.07142857142857142
11216,0.3769661660883161,"(0.373, 0.407]",0.07692307692307693
11217,0.2626444010703094,"(0.234, 0.269]",0.08737864077669903
11218,0.21954430204788816,"(0.2, 0.234]",0.12871287128712872
11219,0.3099213221981808,"(0.303, 0.338]",0.14285714285714285
11220,0.1753922044517048,"(0.165, 0.2]",0.16161616161616163
11221,0.2839725811880151,"(0.269, 0.303]",0.2
11222,0.28197916339758594,"(0.269, 0.303]",0.18556701030927836
11223,0.29973911104629714,"(0.269, 0.303]",0.1827956989247312
11224,0.2869196603603912,"(0.269, 0.303]",0.17857142857142858
11227,0.29593408707397906,"(0.269, 0.303]",0.06382978723404255
11228,0.27074907832680617,"(0.269, 0.303]",0.050505050505050504
11229,0.258261788697852,"(0.234, 0.269]",0.047619047619047616
11230,0.27778645103086846,"(0.269, 0.303]",0.0625
11231,0.23330082898925034,"(0.2, 0.234]",0.08823529411764706
11232,0.3931701908582731,"(0.373, 0.407]",0.1262135922330097
11233,0.23637325089489492,"(0.234, 0.269]",0.14150943396226415
11234,0.3630076369104134,"(0.338, 0.373]",0.1743119266055046
11235,0.3905566398091503,"(0.373, 0.407]",0.17647058823529413
11236,0.40650916658516334,"(0.373, 0.407]",0.1702127659574468
11237,0.32822121606375176,"(0.303, 0.338]",0.2
11238,0.17476720388956793,"(0.165, 0.2]",0.1794871794871795
11241,0.3331626535268532,"(0.303, 0.338]",0.07446808510638298
11242,0.32823412972298416,"(0.303, 0.338]",0.038834951456310676
11243,0.23032313953888825,"(0.2, 0.234]",0.049019607843137254
11244,0.07149978860466084,"(0.0617, 0.0962]",0.053763440860215055
11245,0.19938765429289898,"(0.165, 0.2]",0.06593406593406594
11246,0.3547477899432583,"(0.338, 0.373]",0.09782608695652174
11247,0.3271588706001851,"(0.303, 0.338]",0.10869565217391304
11248,0.29046704440968013,"(0.269, 0.303]",0.1326530612244898
11249,0.2934812510953862,"(0.269, 0.303]",0.13592233009708737
11250,0.3347598787140692,"(0.303, 0.338]",0.13541666666666666
11251,0.33424108105221007,"(0.303, 0.338]",0.16666666666666666
11252,0.3545052378378894,"(0.338, 0.373]",0.1590909090909091
11255,0.32974376812712947,"(0.303, 0.338]",0.03571428571428571
11256,0.28291997818659853,"(0.269, 0.303]",0.04081632653061224
11257,0.3523523621615273,"(0.338, 0.373]",0.0891089108910891
11258,0.14785630346259848,"(0.131, 0.165]",0.1
11261,0.2788105618194425,"(0.269, 0.303]",0.13953488372093023
11262,0.353968249603719,"(0.338, 0.373]",0.16842105263157894
11263,0.37689508071762884,"(0.373, 0.407]",0.16326530612244897
11264,0.3135823476110525,"(0.303, 0.338]",0.15625
11265,0.3139683045380382,"(0.303, 0.338]",0.21649484536082475
11266,0.36195006490908804,"(0.338, 0.373]",0.2222222222222222
11270,0.4151070666758283,"(0.407, 0.442]",0.05555555555555555
11271,0.2914024987350588,"(0.269, 0.303]",0.11363636363636363
11272,0.26508882852547627,"(0.234, 0.269]",0.12195121951219512
11273,0.418071851708183,"(0.407, 0.442]",0.13953488372093023
11274,0.36026053179166645,"(0.338, 0.373]",0.15555555555555556
11275,0.3505469821746592,"(0.338, 0.373]",0.1348314606741573
11276,0.33556072997144804,"(0.303, 0.338]",0.13978494623655913
11277,0.2537436683084011,"(0.234, 0.269]",0.1348314606741573
11278,0.34018540159728095,"(0.338, 0.373]",0.13186813186813187
11279,0.2609437664327911,"(0.234, 0.269]",0.21782178217821782
11280,0.17478390189345308,"(0.165, 0.2]",0.27835051546391754
11284,0.20727771304953477,"(0.2, 0.234]",0.06593406593406594
11285,0.3927359132834106,"(0.373, 0.407]",0.12087912087912088
11286,0.3203475136590811,"(0.303, 0.338]",0.11458333333333333
11287,0.3570967093832562,"(0.338, 0.373]",0.1414141414141414
11288,0.25722455113799336,"(0.234, 0.269]",0.13541666666666666
11289,0.3385558405495772,"(0.338, 0.373]",0.11578947368421053
11291,0.22991742063098414,"(0.2, 0.234]",0.14285714285714285
11292,0.26785271432604435,"(0.234, 0.269]",0.1702127659574468
11293,0.08197448235338191,"(0.0617, 0.0962]",0.24742268041237114
11294,0.39777958868273827,"(0.373, 0.407]",0.3333333333333333
11296,0.16715303933743408,"(0.165, 0.2]",0.07142857142857142
11297,0.32163582340566027,"(0.303, 0.338]",0.10869565217391304
11298,0.36248424546765307,"(0.338, 0.373]",0.11
11299,0.3139955451828806,"(0.303, 0.338]",0.13392857142857142
11300,0.29834209870010914,"(0.269, 0.303]",0.14678899082568808
11301,0.38629907785057827,"(0.373, 0.407]",0.12149532710280374
11303,0.21000373004735928,"(0.2, 0.234]",0.23076923076923078
11304,0.2095331349975645,"(0.2, 0.234]",0.25742574257425743
11306,0.40253610026965625,"(0.373, 0.407]",0.10465116279069768
11307,0.41467943138735497,"(0.407, 0.442]",0.08888888888888889
11308,0.3633967339751875,"(0.338, 0.373]",0.06862745098039216
11309,0.3985727933144676,"(0.373, 0.407]",0.07964601769911504
11310,0.41189297248923007,"(0.407, 0.442]",0.11711711711711711
11311,0.3955559517097342,"(0.373, 0.407]",0.12612612612612611
11313,0.2764569993077727,"(0.269, 0.303]",0.24761904761904763
11314,0.20263993286077917,"(0.2, 0.234]",0.25925925925925924
11315,0.21562630725212056,"(0.2, 0.234]",0.3565217391304348
11316,0.315887723127193,"(0.303, 0.338]",0.13402061855670103
11317,0.2967560361830004,"(0.269, 0.303]",0.1
11318,0.33862097224989024,"(0.338, 0.373]",0.08333333333333333
11319,0.31361037971199635,"(0.303, 0.338]",0.04
11320,0.41687748894694343,"(0.407, 0.442]",0.05405405405405406
11321,0.3763181677909462,"(0.373, 0.407]",0.1
11322,0.3953209163672995,"(0.373, 0.407]",0.10256410256410256
11323,0.29958864255194334,"(0.269, 0.303]",0.17073170731707318
11324,0.375073298490752,"(0.373, 0.407]",0.2672413793103448
11325,0.2962200848250975,"(0.269, 0.303]",0.27049180327868855
11326,0.22896927976481232,"(0.2, 0.234]",0.384
11327,0.05866498556139348,"(0.0271, 0.0617]",0.12631578947368421
11328,0.2926580555426978,"(0.269, 0.303]",0.12631578947368421
11329,0.3113002276027994,"(0.303, 0.338]",0.09375
11330,0.30037653471746534,"(0.269, 0.303]",0.08737864077669903
11331,0.3963163709524711,"(0.373, 0.407]",0.1262135922330097
11332,0.38891950547170123,"(0.373, 0.407]",0.11926605504587157
11333,0.3511370149497878,"(0.338, 0.373]",0.1623931623931624
11334,0.35480637230011847,"(0.338, 0.373]",0.2807017543859649
11335,0.37280034792861394,"(0.373, 0.407]",0.3050847457627119
11336,0.30478487470559673,"(0.303, 0.338]",0.11224489795918367
11337,0.2601807892029069,"(0.234, 0.269]",0.12121212121212122
11338,0.38499065638709484,"(0.373, 0.407]",0.1
11339,0.3743018651177618,"(0.373, 0.407]",0.10309278350515463
11340,0.33024683480872724,"(0.303, 0.338]",0.1368421052631579
11341,0.3995393118692801,"(0.373, 0.407]",0.1326530612244898
11342,0.3491563717446243,"(0.338, 0.373]",0.17525773195876287
11343,0.31374009068346276,"(0.303, 0.338]",0.28
11344,0.3000226813464837,"(0.269, 0.303]",0.12244897959183673
11345,0.381396275096831,"(0.373, 0.407]",0.11650485436893204
11349,0.3526938047059349,"(0.338, 0.373]",0.21
11350,0.29282970591966434,"(0.269, 0.303]",0.16822429906542055
11351,0.3467115298892164,"(0.338, 0.373]",0.19090909090909092
11352,0.26579402339220165,"(0.234, 0.269]",0.21100917431192662
11353,0.3717913141085137,"(0.338, 0.373]",0.25
11354,0.3814335801295626,"(0.373, 0.407]",0.16964285714285715
11355,0.4097195140209995,"(0.407, 0.442]",0.20353982300884957
11371,0.34926007034404805,"(0.338, 0.373]",0.15714285714285714
11372,0.37358481713213204,"(0.373, 0.407]",0.15827338129496402
11373,0.3660416772818121,"(0.338, 0.373]",0.17647058823529413
11374,0.3195414179892136,"(0.303, 0.338]",0.22962962962962963
11379,0.3785412662257579,"(0.373, 0.407]",0.12949640287769784
11380,0.3482749056074419,"(0.338, 0.373]",0.12903225806451613
11381,0.3199116702558916,"(0.303, 0.338]",0.152317880794702
11382,0.35935886120499405,"(0.338, 0.373]",0.1736111111111111
11383,0.4434835037743945,"(0.442, 0.476]",0.20588235294117646
11389,0.28605919661150503,"(0.269, 0.303]",0.14383561643835616
11390,0.34616246684055374,"(0.338, 0.373]",0.17105263157894737
11391,0.3448249188681621,"(0.338, 0.373]",0.1736111111111111
11392,0.40391293374604414,"(0.373, 0.407]",0.18309859154929578
11399,0.33167679098919217,"(0.303, 0.338]",0.13013698630136986
11400,0.31155883774116944,"(0.303, 0.338]",0.13043478260869565
11401,0.3794736380607973,"(0.373, 0.407]",0.14393939393939395
11408,0.3444883349794337,"(0.338, 0.373]",0.14393939393939395
11409,0.3455229656906766,"(0.338, 0.373]",0.16541353383458646
11410,0.34250052395263775,"(0.338, 0.373]",0.21428571428571427
11418,0.3160816259611438,"(0.303, 0.338]",0.145985401459854
11419,0.3713160271763737,"(0.338, 0.373]",0.19285714285714287
11420,0.4161964452171438,"(0.407, 0.442]",0.216
11427,0.34308842786449145,"(0.338, 0.373]",0.1056338028169014
11428,0.3296720228505837,"(0.303, 0.338]",0.14814814814814814
11429,0.34387497623579527,"(0.338, 0.373]",0.17424242424242425
11430,0.33267914340333693,"(0.303, 0.338]",0.24615384615384617
11437,0.2618580050687858,"(0.234, 0.269]",0.12101910828025478
11438,0.40373969782755154,"(0.373, 0.407]",0.152317880794702
11439,0.40849083811539927,"(0.407, 0.442]",0.174496644295302
11440,0.3907541679027203,"(0.373, 0.407]",0.2357142857142857
11441,0.4005056036519829,"(0.373, 0.407]",0.22627737226277372
11442,0.3962981310208409,"(0.373, 0.407]",0.24444444444444444
11449,0.324235761923227,"(0.303, 0.338]",0.11688311688311688
11450,0.3198903087359964,"(0.303, 0.338]",0.13815789473684212
11451,0.33701483302741936,"(0.303, 0.338]",0.1897810218978102
11452,0.40589099899117365,"(0.373, 0.407]",0.1958041958041958
11453,0.4292615616392065,"(0.407, 0.442]",0.23387096774193547
11454,0.3572300320639989,"(0.338, 0.373]",0.2230769230769231
11460,0.33695605662241157,"(0.303, 0.338]",0.1
11461,0.23407009303606494,"(0.2, 0.234]",0.12857142857142856
11462,0.19932401329000227,"(0.165, 0.2]",0.16129032258064516
11463,0.30428590276594764,"(0.303, 0.338]",0.183206106870229
11464,0.3605025878214043,"(0.338, 0.373]",0.24
11465,0.38203549582460505,"(0.373, 0.407]",0.22388059701492538
11466,0.43797769922076785,"(0.407, 0.442]",0.1968503937007874
11467,0.42731666573762334,"(0.407, 0.442]",0.203125
11468,0.38836641856829773,"(0.373, 0.407]",0.1791044776119403
11478,0.243926476524374,"(0.234, 0.269]",0.16
11479,0.32827661395481184,"(0.303, 0.338]",0.22142857142857142
11480,0.4026860579268736,"(0.373, 0.407]",0.2191780821917808
11481,0.3243866345749504,"(0.303, 0.338]",0.20610687022900764
11482,0.3964741964654034,"(0.373, 0.407]",0.184
11483,0.34649389947937714,"(0.338, 0.373]",0.13740458015267176
11493,0.35653789749673287,"(0.338, 0.373]",0.125
11494,0.28169990517806687,"(0.269, 0.303]",0.17307692307692307
11495,0.3452056359371687,"(0.338, 0.373]",0.17721518987341772
11496,0.4017360118480376,"(0.373, 0.407]",0.1865671641791045
11497,0.3854542237497771,"(0.373, 0.407]",0.16296296296296298
11498,0.33840419089420426,"(0.338, 0.373]",0.13953488372093023
11499,0.34430872168380783,"(0.338, 0.373]",0.1092436974789916
11510,0.31653583111570655,"(0.303, 0.338]",0.1390728476821192
11511,0.33633868883671053,"(0.303, 0.338]",0.15853658536585366
11512,0.2789690357784109,"(0.269, 0.303]",0.1686746987951807
11513,0.36192900473021766,"(0.338, 0.373]",0.20863309352517986
11514,0.3113136172532085,"(0.303, 0.338]",0.2014388489208633
11515,0.3299605287429562,"(0.303, 0.338]",0.19230769230769232
11516,0.2972767789576946,"(0.269, 0.303]",0.15789473684210525
11517,0.2681209868738631,"(0.234, 0.269]",0.12121212121212122
11529,0.32243870116785056,"(0.303, 0.338]",0.12025316455696203
11530,0.27273909906197796,"(0.269, 0.303]",0.12650602409638553
11531,0.32808772712709156,"(0.303, 0.338]",0.13414634146341464
11532,0.3103876274422031,"(0.303, 0.338]",0.16428571428571428
11533,0.3085384350024516,"(0.303, 0.338]",0.15602836879432624
11534,0.3344243590746211,"(0.303, 0.338]",0.17829457364341086
11535,0.3521826776621407,"(0.338, 0.373]",0.15503875968992248
11548,0.3081382377913229,"(0.303, 0.338]",0.08974358974358974
11550,0.33323575456123516,"(0.303, 0.338]",0.13768115942028986
11551,0.3594117147101725,"(0.338, 0.373]",0.13013698630136986
11552,0.2871460268393699,"(0.269, 0.303]",0.16666666666666666
11553,0.23788187600709362,"(0.234, 0.269]",0.16551724137931034
11562,0.3644813757403916,"(0.338, 0.373]",0.10909090909090909
11563,0.4151500688475503,"(0.407, 0.442]",0.10434782608695652
11576,0.32309516591885223,"(0.303, 0.338]",0.08633093525179857
11578,0.3100890395510705,"(0.303, 0.338]",0.11510791366906475
11579,0.20781749315110842,"(0.2, 0.234]",0.12337662337662338
11580,0.341437158433647,"(0.338, 0.373]",0.13333333333333333
11581,0.35631053481967756,"(0.338, 0.373]",0.1402439024390244
11585,0.3401379738915796,"(0.338, 0.373]",0.11016949152542373
11606,0.3054005478290674,"(0.303, 0.338]",0.06622516556291391
11607,0.3007645975705154,"(0.269, 0.303]",0.07975460122699386
11608,0.31566975443421486,"(0.303, 0.338]",0.08860759493670886
11609,0.35198273252633683,"(0.338, 0.373]",0.10625
11613,0.3834978853769758,"(0.373, 0.407]",0.09774436090225563
11632,0.4151720743776908,"(0.407, 0.442]",0.08333333333333333
11633,0.21889603598927032,"(0.2, 0.234]",0.1111111111111111
11916,0.33785897535418197,"(0.303, 0.338]",0.044444444444444446
11917,0.35432237583205395,"(0.338, 0.373]",0.04597701149425287
11918,0.37792768941826616,"(0.373, 0.407]",0.0707070707070707
11919,0.36056281157176084,"(0.338, 0.373]",0.0797872340425532
11920,0.25102373787823146,"(0.234, 0.269]",0.11486486486486487
11921,0.2486433899774005,"(0.234, 0.269]",0.1069182389937107
11922,0.2567229670894926,"(0.234, 0.269]",0.0896551724137931
11923,0.16813957061088977,"(0.165, 0.2]",0.0738255033557047
11935,0.19247633406344017,"(0.165, 0.2]",0.0759493670886076
11936,0.31351861489955984,"(0.303, 0.338]",0.13513513513513514
11937,0.3776253687247214,"(0.373, 0.407]",0.14193548387096774
11938,0.31399043377142816,"(0.303, 0.338]",0.11851851851851852
11939,0.2572814151127814,"(0.234, 0.269]",0.1015625
11940,0.08831058090293378,"(0.0617, 0.0962]",0.10833333333333334
11949,0.27363643785733366,"(0.269, 0.303]",0.06172839506172839
11950,0.36831173207402124,"(0.338, 0.373]",0.14
11951,0.3625402069862834,"(0.338, 0.373]",0.16666666666666666
11952,0.3023505343294958,"(0.269, 0.303]",0.15037593984962405
11953,0.21864347137678294,"(0.2, 0.234]",0.13533834586466165
11954,0.2953105366284755,"(0.269, 0.303]",0.1297709923664122
11964,0.36409798753519146,"(0.338, 0.373]",0.18571428571428572
11965,0.2849936722978051,"(0.269, 0.303]",0.2246376811594203
11966,0.34122134005458793,"(0.338, 0.373]",0.216
11967,0.3221498082593638,"(0.303, 0.338]",0.208
11968,0.23551286286871576,"(0.234, 0.269]",0.1875
11969,0.21081633889249488,"(0.2, 0.234]",0.1487603305785124
11970,0.21783590058483915,"(0.2, 0.234]",0.1484375
11980,0.29651674891980156,"(0.269, 0.303]",0.2556390977443609
11981,0.29050400658203435,"(0.269, 0.303]",0.2246376811594203
11982,0.2987821607039827,"(0.269, 0.303]",0.19117647058823528
11983,0.19938796692993446,"(0.165, 0.2]",0.1643835616438356
11984,0.34969073073180523,"(0.338, 0.373]",0.1925925925925926
12003,0.2518038536317906,"(0.234, 0.269]",0.027210884353741496
12004,0.26197241435304386,"(0.234, 0.269]",0.03076923076923077
12009,0.23161648474521065,"(0.2, 0.234]",0.013333333333333334
12010,0.2520866839277588,"(0.234, 0.269]",0.051094890510948905
12044,0.2923167068768002,"(0.269, 0.303]",0.648068669527897
12064,0.2473187130412101,"(0.234, 0.269]",0.39712918660287083
12065,0.3236610928052585,"(0.303, 0.338]",0.40932642487046633
12066,0.3931729503023557,"(0.373, 0.407]",0.4230769230769231
12067,0.4126701075997762,"(0.407, 0.442]",0.48677248677248675
12068,0.31257637712605146,"(0.303, 0.338]",0.5294117647058824
12072,0.13154233224891862,"(0.131, 0.165]",0.3575757575757576
12073,0.36380204414069656,"(0.338, 0.373]",0.3021978021978022
12074,0.3362416459164502,"(0.303, 0.338]",0.31862745098039214
12078,0.2964149341986542,"(0.269, 0.303]",0.35359116022099446
12079,0.4092470253149882,"(0.407, 0.442]",0.367816091954023
12080,0.37718564406273,"(0.373, 0.407]",0.3770491803278688
12081,0.32141571910626654,"(0.303, 0.338]",0.39779005524861877
12082,0.3775652834899828,"(0.373, 0.407]",0.40782122905027934
12090,0.28939986458136335,"(0.269, 0.303]",0.31213872832369943
12091,0.340844547517665,"(0.338, 0.373]",0.3212121212121212
12092,0.3417594329073998,"(0.338, 0.373]",0.33513513513513515
12093,0.351471620055773,"(0.338, 0.373]",0.35195530726256985
12094,0.26650609892296934,"(0.234, 0.269]",0.35428571428571426
12095,0.3581414057408519,"(0.338, 0.373]",0.42105263157894735
12099,0.3318228592031033,"(0.303, 0.338]",0.33548387096774196
12100,0.34929167873425915,"(0.338, 0.373]",0.34615384615384615
12101,0.4103534355365098,"(0.407, 0.442]",0.3258426966292135
12102,0.4026850794284997,"(0.373, 0.407]",0.3240223463687151
12103,0.36803152744918544,"(0.338, 0.373]",0.3240223463687151
12104,0.3627057621848981,"(0.338, 0.373]",0.3712574850299401
12106,0.2313148641735506,"(0.2, 0.234]",0.3076923076923077
12107,0.3953142812065883,"(0.373, 0.407]",0.2625
12108,0.3569917789512754,"(0.338, 0.373]",0.26666666666666666
12109,0.38450318840703207,"(0.373, 0.407]",0.2625
12110,0.36939718559506585,"(0.338, 0.373]",0.2922077922077922
12112,0.18677352776479036,"(0.165, 0.2]",0.2709677419354839
12113,0.2529331736422314,"(0.234, 0.269]",0.25766871165644173
12114,0.27468149505871564,"(0.269, 0.303]",0.21893491124260356
12115,0.2572189822381602,"(0.234, 0.269]",0.23214285714285715
12116,0.28568461997704897,"(0.269, 0.303]",0.25903614457831325
12117,0.30849693259589417,"(0.303, 0.338]",0.2611464968152866
12118,0.3302962166374859,"(0.303, 0.338]",0.24675324675324675
12119,0.33581095151833124,"(0.303, 0.338]",0.23780487804878048
12120,0.2921054790962884,"(0.269, 0.303]",0.19767441860465115
12121,0.3433510674721163,"(0.338, 0.373]",0.21686746987951808
12122,0.3363744477813564,"(0.303, 0.338]",0.26506024096385544
12123,0.27756103969541174,"(0.269, 0.303]",0.27044025157232704
12124,0.2976216920672219,"(0.269, 0.303]",0.29375
12125,0.29597773545973677,"(0.269, 0.303]",0.2375
12126,0.28520629650554985,"(0.269, 0.303]",0.23976608187134502
12127,0.254416530734921,"(0.234, 0.269]",0.2
12128,0.27024938283095545,"(0.269, 0.303]",0.21787709497206703
12129,0.34989686404370035,"(0.338, 0.373]",0.2696629213483146
12130,0.34940567021988184,"(0.338, 0.373]",0.28205128205128205
12132,0.3106339969748654,"(0.303, 0.338]",0.20903954802259886
12133,0.3310300259778719,"(0.303, 0.338]",0.1837837837837838
12134,0.2899012040248833,"(0.269, 0.303]",0.17679558011049723
12135,0.34812681338679985,"(0.338, 0.373]",0.21666666666666667
12136,0.2649122800390227,"(0.234, 0.269]",0.22077922077922077
12137,0.25939993929312705,"(0.234, 0.269]",0.1497005988023952
12138,0.310631781202711,"(0.303, 0.338]",0.1724137931034483
12139,0.2962979892472228,"(0.269, 0.303]",0.1864406779661017
12140,0.33768500701112436,"(0.303, 0.338]",0.19642857142857142
12141,0.35537742982924125,"(0.338, 0.373]",0.2289156626506024
12142,0.33331305597315064,"(0.303, 0.338]",0.24087591240875914
12144,0.3336997603508376,"(0.303, 0.338]",0.1875
12145,0.3193036744976293,"(0.303, 0.338]",0.20320855614973263
12146,0.3125730000802147,"(0.303, 0.338]",0.1945945945945946
12147,0.2662381707901414,"(0.234, 0.269]",0.22941176470588234
12148,0.3722851093263593,"(0.338, 0.373]",0.2222222222222222
12149,0.3329472826096671,"(0.303, 0.338]",0.21348314606741572
12150,0.3687390022711434,"(0.338, 0.373]",0.20855614973262032
12151,0.34860069640515084,"(0.338, 0.373]",0.20555555555555555
12152,0.317734324853233,"(0.303, 0.338]",0.22485207100591717
12153,0.31864376887762796,"(0.303, 0.338]",0.2198581560283688
12154,0.1819820270051961,"(0.165, 0.2]",0.2247191011235955
12155,0.2620878211268888,"(0.234, 0.269]",0.225130890052356
12156,0.24177744453633315,"(0.234, 0.269]",0.24468085106382978
12157,0.3128089109252562,"(0.303, 0.338]",0.26704545454545453
12158,0.36353184403388644,"(0.338, 0.373]",0.27388535031847133
12160,0.38859921841940537,"(0.373, 0.407]",0.21428571428571427
12161,0.25686496356918387,"(0.234, 0.269]",0.23711340206185566
12162,0.33074163701557535,"(0.303, 0.338]",0.26256983240223464
12163,0.3016658743372358,"(0.269, 0.303]",0.28402366863905326
12166,0.3405375099576262,"(0.338, 0.373]",0.22777777777777777
12167,0.3273778970376891,"(0.303, 0.338]",0.24431818181818182
12168,0.29758958923289286,"(0.269, 0.303]",0.2573099415204678
12169,0.24737679769774146,"(0.234, 0.269]",0.18285714285714286
12170,0.3006294437662075,"(0.269, 0.303]",0.20238095238095238
12171,0.3362075648353223,"(0.303, 0.338]",0.24074074074074073
12172,0.3431050094938717,"(0.338, 0.373]",0.2641509433962264
12173,0.2944283177595465,"(0.269, 0.303]",0.304635761589404
12176,0.2764763633063315,"(0.269, 0.303]",0.17307692307692307
12177,0.3032497712775303,"(0.269, 0.303]",0.19594594594594594
12178,0.3483410710882953,"(0.338, 0.373]",0.25384615384615383
12181,0.28338956241243834,"(0.269, 0.303]",0.2
12182,0.3166159795387518,"(0.303, 0.338]",0.20833333333333334
12185,0.2922155500206203,"(0.269, 0.303]",0.2054794520547945
12186,0.32997612319031694,"(0.303, 0.338]",0.1984732824427481
12187,0.32990515718009483,"(0.303, 0.338]",0.20610687022900764
12190,0.25267031295543646,"(0.234, 0.269]",0.17829457364341086
12191,0.2997980337316886,"(0.269, 0.303]",0.17557251908396945
12192,0.3179604575336827,"(0.303, 0.338]",0.17857142857142858
12195,0.303024422795954,"(0.269, 0.303]",0.12195121951219512
12196,0.22019584843405432,"(0.2, 0.234]",0.14285714285714285
12197,0.15526046976502603,"(0.131, 0.165]",0.16
12198,0.25766376402754076,"(0.234, 0.269]",0.1328125
12199,0.15036012978693805,"(0.131, 0.165]",0.11851851851851852
12200,0.17810326646608565,"(0.165, 0.2]",0.11764705882352941
12201,0.15591245485144992,"(0.131, 0.165]",0.13385826771653545
12202,0.28442902948085647,"(0.269, 0.303]",0.13846153846153847
12203,0.1876437854009758,"(0.165, 0.2]",0.12318840579710146
12204,0.2764907965515064,"(0.269, 0.303]",0.11851851851851852
12205,0.13780466185434165,"(0.131, 0.165]",0.11363636363636363
12206,0.22254597191215178,"(0.2, 0.234]",0.1774193548387097
12207,0.1679853226331457,"(0.165, 0.2]",0.15384615384615385
12208,0.16853680419330683,"(0.165, 0.2]",0.13953488372093023
12209,0.1640833604198517,"(0.131, 0.165]",0.16260162601626016
12210,0.2691479727684542,"(0.269, 0.303]",0.09774436090225563
12211,0.15700250103757493,"(0.131, 0.165]",0.11678832116788321
12212,0.28567900066082763,"(0.269, 0.303]",0.13385826771653545
12213,0.24087449970386646,"(0.234, 0.269]",0.20833333333333334
12214,0.23750857212090465,"(0.234, 0.269]",0.2
12215,0.1912757359657773,"(0.165, 0.2]",0.12213740458015267
12216,0.2185394076556581,"(0.2, 0.234]",0.0743801652892562
12217,0.13804121704825428,"(0.131, 0.165]",0.06976744186046512
12218,0.19524978319798314,"(0.165, 0.2]",0.058394160583941604
12219,0.21993228146050992,"(0.2, 0.234]",0.1044776119402985
12220,0.16416548444928583,"(0.131, 0.165]",0.2222222222222222
12221,0.22879105461230767,"(0.2, 0.234]",0.1875
12222,0.19779944434122468,"(0.165, 0.2]",0.10638297872340426
12223,0.22185980017741805,"(0.2, 0.234]",0.09774436090225563
12224,0.2523768784913366,"(0.234, 0.269]",0.07092198581560284
12225,0.20113784233726745,"(0.2, 0.234]",0.07586206896551724
12226,0.18109872341615244,"(0.165, 0.2]",0.09848484848484848
12227,0.22341237543683534,"(0.2, 0.234]",0.0948905109489051
12228,0.15142026871754335,"(0.131, 0.165]",0.07432432432432433
12229,0.1610911681691783,"(0.131, 0.165]",0.07894736842105263
12230,0.17232918644655698,"(0.165, 0.2]",0.10144927536231885
12231,0.25163841198643094,"(0.234, 0.269]",0.1386861313868613
12232,0.19126580920581415,"(0.165, 0.2]",0.09230769230769231
12233,0.14384269836766406,"(0.131, 0.165]",0.1079136690647482
12234,0.2631489293679643,"(0.234, 0.269]",0.12307692307692308
12715,0.2876941236459069,"(0.269, 0.303]",0.25892857142857145
12716,0.3542746434795307,"(0.338, 0.373]",0.2787878787878788
12766,0.29296991130540023,"(0.269, 0.303]",0.2727272727272727
12767,0.34005620457655444,"(0.338, 0.373]",0.27450980392156865
12768,0.32747500481748143,"(0.303, 0.338]",0.28063241106719367
12769,0.3391469739668237,"(0.338, 0.373]",0.315
12818,0.30381956488394407,"(0.303, 0.338]",0.27555555555555555
12819,0.3445557011032822,"(0.338, 0.373]",0.2857142857142857
12820,0.3783277812345757,"(0.373, 0.407]",0.29133858267716534
12821,0.37136675243120576,"(0.338, 0.373]",0.2956204379562044
12873,0.42630022939346124,"(0.407, 0.442]",0.27149321266968324
12874,0.39195605029758335,"(0.373, 0.407]",0.2851063829787234
12875,0.3456991824754519,"(0.338, 0.373]",0.30039525691699603
12876,0.343653234884005,"(0.338, 0.373]",0.30855018587360594
12927,0.3160450687937676,"(0.303, 0.338]",0.2361111111111111
12928,0.2912231886080318,"(0.269, 0.303]",0.21962616822429906
12929,0.3944854339105306,"(0.373, 0.407]",0.2631578947368421
12930,0.38794723008584886,"(0.373, 0.407]",0.32644628099173556
12931,0.4005016827372817,"(0.373, 0.407]",0.3735408560311284
12933,0.4062561937749159,"(0.373, 0.407]",0.502092050209205
12983,0.35369929819030876,"(0.338, 0.373]",0.2660098522167488
12984,0.3269021031945509,"(0.303, 0.338]",0.275
12985,0.3865066024275798,"(0.373, 0.407]",0.3076923076923077
12986,0.39174999068778704,"(0.373, 0.407]",0.38362068965517243
13039,0.34840479201385993,"(0.338, 0.373]",0.27586206896551724
13041,0.39826630627182835,"(0.373, 0.407]",0.2744186046511628
13042,0.4119522196442748,"(0.407, 0.442]",0.2863849765258216
13043,0.4189279223366526,"(0.407, 0.442]",0.32456140350877194
13044,0.37677048474289826,"(0.373, 0.407]",0.39148936170212767
13045,0.4377515967791255,"(0.407, 0.442]",0.4366812227074236
13046,0.28015458755578376,"(0.269, 0.303]",0.5206611570247934
13047,0.32914427011561986,"(0.303, 0.338]",0.5747126436781609
13095,0.3831189171113303,"(0.373, 0.407]",0.17801047120418848
13096,0.2893742065261765,"(0.269, 0.303]",0.22459893048128343
13097,0.4010768941498184,"(0.373, 0.407]",0.24293785310734464
13098,0.3439432453794622,"(0.338, 0.373]",0.22994652406417113
13099,0.39528996537377326,"(0.373, 0.407]",0.27906976744186046
13101,0.3544520565548622,"(0.338, 0.373]",0.3648068669527897
13102,0.3858525178005352,"(0.373, 0.407]",0.4279661016949153
13103,0.41818035938822523,"(0.407, 0.442]",0.4868421052631579
13104,0.34882072017206883,"(0.338, 0.373]",0.5659574468085107
13152,0.2693822090527661,"(0.269, 0.303]",0.17032967032967034
13153,0.37105125935811006,"(0.338, 0.373]",0.20224719101123595
13154,0.2945737214436338,"(0.269, 0.303]",0.22988505747126436
13155,0.3930350756250031,"(0.373, 0.407]",0.23834196891191708
13156,0.3891571368463876,"(0.373, 0.407]",0.31277533039647576
13158,0.4161975872054717,"(0.407, 0.442]",0.44106463878326996
13159,0.44964536811132844,"(0.442, 0.476]",0.49416342412451364
13160,0.3022119671181157,"(0.269, 0.303]",0.5555555555555556
13161,0.35189430290823437,"(0.338, 0.373]",0.6239669421487604
13209,0.3620943794500895,"(0.338, 0.373]",0.1638418079096045
13210,0.2730636193949923,"(0.269, 0.303]",0.1787709497206704
13211,0.2967581533485339,"(0.269, 0.303]",0.2011173184357542
13212,0.3443190869548443,"(0.338, 0.373]",0.2564102564102564
13213,0.352543472153155,"(0.338, 0.373]",0.3377777777777778
13215,0.3863236818334303,"(0.373, 0.407]",0.4962962962962963
13216,0.32751002403836527,"(0.303, 0.338]",0.5571955719557196
13217,0.37836092335568816,"(0.373, 0.407]",0.6417322834645669
13264,0.21069820811349824,"(0.2, 0.234]",0.23563218390804597
13265,0.2727772302780547,"(0.269, 0.303]",0.20670391061452514
13266,0.33209382246490193,"(0.303, 0.338]",0.21465968586387435
13267,0.33264895210136625,"(0.303, 0.338]",0.20408163265306123
13268,0.3426565824815683,"(0.338, 0.373]",0.2696078431372549
13269,0.3018821308352967,"(0.269, 0.303]",0.3436123348017621
13270,0.3467760471446381,"(0.338, 0.373]",0.4588235294117647
13320,0.3559930241400913,"(0.338, 0.373]",0.2289156626506024
13321,0.30415736941928023,"(0.303, 0.338]",0.2430939226519337
13322,0.3342066380709996,"(0.303, 0.338]",0.23809523809523808
13323,0.37201038829868627,"(0.338, 0.373]",0.2835820895522388
13324,0.35396296402777194,"(0.338, 0.373]",0.28078817733990147
13325,0.4326072813605901,"(0.407, 0.442]",0.33653846153846156
13326,0.43452140254210825,"(0.407, 0.442]",0.3922413793103448
13361,0.3141958200213064,"(0.303, 0.338]",0.23837209302325582
13377,0.27126623287212104,"(0.269, 0.303]",0.24
13378,0.3787367377485589,"(0.373, 0.407]",0.26595744680851063
13379,0.3162277441977629,"(0.303, 0.338]",0.2835820895522388
13380,0.3607538776910767,"(0.338, 0.373]",0.32432432432432434
13381,0.381787818940446,"(0.373, 0.407]",0.3406113537117904
13382,0.39045676748289576,"(0.373, 0.407]",0.39035087719298245
13383,0.3650321751412329,"(0.338, 0.373]",0.4475806451612903
13418,0.19857429151862285,"(0.165, 0.2]",0.25862068965517243
13419,0.2851857783225403,"(0.269, 0.303]",0.28654970760233917
13428,0.3855763036782425,"(0.373, 0.407]",0.15544041450777202
13429,0.34736128008334405,"(0.338, 0.373]",0.1787709497206704
13430,0.32234317930653217,"(0.303, 0.338]",0.19072164948453607
13431,0.27756777411783495,"(0.269, 0.303]",0.20772946859903382
13433,0.26539449906345625,"(0.234, 0.269]",0.1989795918367347
13435,0.3534530591892445,"(0.338, 0.373]",0.24022346368715083
13436,0.34312572044171036,"(0.338, 0.373]",0.29381443298969073
13437,0.32112218932998954,"(0.303, 0.338]",0.355
13438,0.4025041159178857,"(0.373, 0.407]",0.3944954128440367
13439,0.4462974905857994,"(0.442, 0.476]",0.42081447963800905
13473,0.3757654138921463,"(0.373, 0.407]",0.2534562211981567
13475,0.20912401458697122,"(0.2, 0.234]",0.22660098522167488
13476,0.3768549099008043,"(0.373, 0.407]",0.24022346368715083
13477,0.37297892010373,"(0.373, 0.407]",0.26136363636363635
13478,0.32359142038738686,"(0.303, 0.338]",0.29213483146067415
13479,0.35564236132910787,"(0.338, 0.373]",0.2786885245901639
13480,0.2862998441564975,"(0.269, 0.303]",0.2641509433962264
13481,0.34838386234836194,"(0.338, 0.373]",0.26905829596412556
13482,0.3146685847883449,"(0.303, 0.338]",0.24034334763948498
13483,0.3616493635433997,"(0.338, 0.373]",0.24472573839662448
13484,0.3327606741830912,"(0.303, 0.338]",0.22943722943722944
13485,0.3426304913131317,"(0.338, 0.373]",0.19806763285024154
13487,0.3290735547027504,"(0.303, 0.338]",0.19672131147540983
13488,0.3496841929313249,"(0.338, 0.373]",0.19444444444444445
13489,0.19878935864068661,"(0.165, 0.2]",0.203125
13490,0.29230648106445367,"(0.269, 0.303]",0.2102803738317757
13491,0.21520512469739753,"(0.2, 0.234]",0.21495327102803738
13495,0.35299406938441097,"(0.338, 0.373]",0.3619047619047619
13496,0.4317285150609166,"(0.407, 0.442]",0.44390243902439025
13497,0.42157505481417445,"(0.407, 0.442]",0.48623853211009177
13530,0.326153195817406,"(0.303, 0.338]",0.24
13531,0.03634356734376676,"(0.0271, 0.0617]",0.24651162790697675
13532,0.3864846350495565,"(0.373, 0.407]",0.2558139534883721
13533,0.19615552738384637,"(0.165, 0.2]",0.22330097087378642
13534,0.26557415357268266,"(0.234, 0.269]",0.2315270935960591
13535,0.2856276641110345,"(0.269, 0.303]",0.2569832402234637
13536,0.32059567605985534,"(0.303, 0.338]",0.25
13537,0.3926280915333251,"(0.373, 0.407]",0.2702702702702703
13538,0.41718305466912486,"(0.407, 0.442]",0.26256983240223464
13539,0.3763224706038296,"(0.373, 0.407]",0.2523364485981308
13540,0.34059908391652144,"(0.338, 0.373]",0.2610619469026549
13541,0.37432731152622034,"(0.373, 0.407]",0.24786324786324787
13542,0.340828593554341,"(0.338, 0.373]",0.242914979757085
13543,0.27567591377764167,"(0.269, 0.303]",0.23478260869565218
13544,0.4302339157300696,"(0.407, 0.442]",0.22274881516587677
13546,0.37545298125762777,"(0.373, 0.407]",0.22916666666666666
13547,0.3571854329761127,"(0.338, 0.373]",0.2079207920792079
13548,0.3000409103476082,"(0.269, 0.303]",0.20772946859903382
13549,0.2994202746818381,"(0.269, 0.303]",0.1891891891891892
13550,0.4289873388146469,"(0.407, 0.442]",0.2100456621004566
13551,0.38967678190730415,"(0.373, 0.407]",0.22429906542056074
13552,0.37592576538810224,"(0.373, 0.407]",0.28431372549019607
13553,0.28602527993878735,"(0.269, 0.303]",0.34554973821989526
13554,0.44212584968527435,"(0.442, 0.476]",0.45226130653266333
13555,0.3621203562784165,"(0.338, 0.373]",0.551219512195122
13556,0.37661960194269134,"(0.373, 0.407]",0.5657894736842105
13585,0.01963611747347019,"(-0.00742, 0.0271]",0.20863309352517986
13586,0.22949738458104166,"(0.2, 0.234]",0.1895424836601307
13588,0.15491477590018707,"(0.131, 0.165]",0.1791044776119403
13589,0.11657421858245029,"(0.0962, 0.131]",0.20657276995305165
13590,0.25334512186719527,"(0.234, 0.269]",0.22972972972972974
13591,0.2740295394157357,"(0.269, 0.303]",0.2171945701357466
13592,0.4345515672984287,"(0.407, 0.442]",0.24401913875598086
13593,0.3038357252210377,"(0.303, 0.338]",0.26842105263157895
13594,0.34759654909109927,"(0.338, 0.373]",0.2857142857142857
13595,0.312803859455429,"(0.303, 0.338]",0.3172043010752688
13596,0.3633613758064886,"(0.338, 0.373]",0.3016759776536313
13597,0.4050679204765395,"(0.373, 0.407]",0.2857142857142857
13598,0.3823614844189191,"(0.373, 0.407]",0.2930232558139535
13599,0.4079761998115608,"(0.407, 0.442]",0.2772727272727273
13600,0.3517434383965792,"(0.338, 0.373]",0.27391304347826084
13601,0.33664145257610806,"(0.303, 0.338]",0.26666666666666666
13602,0.2724248469015792,"(0.269, 0.303]",0.2523809523809524
13603,0.28635555873865265,"(0.269, 0.303]",0.24210526315789474
13604,0.388915525855597,"(0.373, 0.407]",0.2604166666666667
13605,0.31434895376840083,"(0.303, 0.338]",0.24528301886792453
13606,0.36268907302235504,"(0.338, 0.373]",0.24878048780487805
13607,0.3324736244587619,"(0.303, 0.338]",0.2600896860986547
13608,0.37318732673837124,"(0.373, 0.407]",0.2818181818181818
13609,0.38324727927062785,"(0.373, 0.407]",0.3242009132420091
13610,0.3962134730341573,"(0.373, 0.407]",0.38636363636363635
13611,0.35986943697345153,"(0.338, 0.373]",0.4782608695652174
13612,0.4017124295069183,"(0.373, 0.407]",0.6063348416289592
13642,0.17413521078641306,"(0.165, 0.2]",0.19852941176470587
13643,0.2754988826681579,"(0.269, 0.303]",0.2222222222222222
13644,0.08407384191173617,"(0.0617, 0.0962]",0.18518518518518517
13645,0.13371760626230297,"(0.131, 0.165]",0.23857868020304568
13646,0.17922875207215805,"(0.165, 0.2]",0.24509803921568626
13647,0.17737313518706888,"(0.165, 0.2]",0.23113207547169812
13648,0.37076474107031276,"(0.338, 0.373]",0.263681592039801
13649,0.32950054642550014,"(0.303, 0.338]",0.2670157068062827
13650,0.32100048402922354,"(0.303, 0.338]",0.26229508196721313
13651,0.3687623390295942,"(0.338, 0.373]",0.3055555555555556
13652,0.35093542767351305,"(0.338, 0.373]",0.29545454545454547
13653,0.39646739062766984,"(0.373, 0.407]",0.2857142857142857
13654,0.40428325117489006,"(0.373, 0.407]",0.30845771144278605
13655,0.39940828212923213,"(0.373, 0.407]",0.2985781990521327
13656,0.44140271089350164,"(0.407, 0.442]",0.2914798206278027
13658,0.34392613017977536,"(0.338, 0.373]",0.2682926829268293
13659,0.34700088091563164,"(0.338, 0.373]",0.2604166666666667
13660,0.35291514485720143,"(0.338, 0.373]",0.3114754098360656
13661,0.42855507211072597,"(0.407, 0.442]",0.335
13662,0.4629112332908283,"(0.442, 0.476]",0.37305699481865284
13663,0.4025710453850453,"(0.373, 0.407]",0.39
13664,0.36497507484587033,"(0.338, 0.373]",0.41509433962264153
13665,0.4039672682746859,"(0.373, 0.407]",0.46445497630331756
13666,0.3841534434084568,"(0.373, 0.407]",0.5135135135135135
13667,0.3625911833950733,"(0.338, 0.373]",0.6035242290748899
13668,0.3485752565147993,"(0.338, 0.373]",0.7056451612903226
13697,0.33512817566818354,"(0.303, 0.338]",0.1696969696969697
13698,0.19830918331365138,"(0.165, 0.2]",0.15827338129496402
13699,0.2831790139636196,"(0.269, 0.303]",0.16666666666666666
13700,0.3942362647859688,"(0.373, 0.407]",0.15217391304347827
13701,0.29647923425989403,"(0.269, 0.303]",0.16666666666666666
13702,0.3390570768978791,"(0.338, 0.373]",0.2023121387283237
13703,0.3030847463062956,"(0.269, 0.303]",0.18811881188118812
13704,0.32495502129913084,"(0.303, 0.338]",0.25120772946859904
13705,0.2702474381964616,"(0.269, 0.303]",0.2727272727272727
13706,0.43379479388752706,"(0.407, 0.442]",0.24880382775119617
13707,0.4003736583825228,"(0.373, 0.407]",0.2835820895522388
13708,0.30425124852554036,"(0.303, 0.338]",0.2736842105263158
13709,0.36391778229367866,"(0.338, 0.373]",0.2696629213483146
13710,0.4162925535620577,"(0.407, 0.442]",0.3
13711,0.4215772868742915,"(0.407, 0.442]",0.3212121212121212
13712,0.3767086254383785,"(0.373, 0.407]",0.3546511627906977
13713,0.3819946974158865,"(0.373, 0.407]",0.3817204301075269
13714,0.36598008372877117,"(0.338, 0.373]",0.41414141414141414
13715,0.3326422084368346,"(0.303, 0.338]",0.39705882352941174
13718,0.4396850833284234,"(0.407, 0.442]",0.357487922705314
13719,0.4687460950963053,"(0.442, 0.476]",0.3910891089108911
13720,0.448357991586764,"(0.442, 0.476]",0.41262135922330095
13721,0.4151084852081643,"(0.407, 0.442]",0.5
13722,0.32617411981964234,"(0.303, 0.338]",0.5145631067961165
13723,0.4262601508103211,"(0.407, 0.442]",0.5681818181818182
13724,0.24742978774535612,"(0.234, 0.269]",0.6475770925110133
13725,0.3483149424333688,"(0.338, 0.373]",0.6694214876033058
13726,0.372398355738294,"(0.338, 0.373]",0.7423076923076923
13727,0.35047184018408073,"(0.338, 0.373]",0.782608695652174
13756,0.435240125685763,"(0.407, 0.442]",0.15384615384615385
13757,0.22892922373209146,"(0.2, 0.234]",0.13286713286713286
13758,0.19254848776002695,"(0.165, 0.2]",0.14482758620689656
13759,0.3205759249486752,"(0.303, 0.338]",0.16129032258064516
13760,0.3367864981225964,"(0.303, 0.338]",0.18518518518518517
13761,0.3315447974159967,"(0.303, 0.338]",0.21468926553672316
13762,0.294066379284507,"(0.269, 0.303]",0.205
13763,0.38905782757418345,"(0.373, 0.407]",0.30049261083743845
13764,0.35654585880117173,"(0.338, 0.373]",0.32547169811320753
13765,0.3088396866211238,"(0.303, 0.338]",0.3302752293577982
13766,0.39779771952487025,"(0.373, 0.407]",0.37320574162679426
13767,0.4453794621280989,"(0.442, 0.476]",0.33668341708542715
13768,0.4488178531760279,"(0.442, 0.476]",0.3315508021390374
13769,0.3476745036132692,"(0.338, 0.373]",0.3468208092485549
13770,0.43062810200496876,"(0.407, 0.442]",0.39644970414201186
13771,0.40180913105662425,"(0.373, 0.407]",0.4508670520231214
13772,0.39580849874980695,"(0.373, 0.407]",0.4748603351955307
13773,0.41305908027115956,"(0.407, 0.442]",0.5343915343915344
13774,0.3982254133725902,"(0.373, 0.407]",0.5077720207253886
13777,0.3258953847682446,"(0.303, 0.338]",0.4955357142857143
13778,0.3790570552314808,"(0.373, 0.407]",0.5520361990950227
13779,0.3730039303551802,"(0.373, 0.407]",0.5679611650485437
13780,0.4434033361440589,"(0.442, 0.476]",0.6698113207547169
13781,0.29875597128225456,"(0.269, 0.303]",0.6891891891891891
13815,0.3423157095391119,"(0.338, 0.373]",0.11627906976744186
13816,0.3455523457060865,"(0.338, 0.373]",0.12790697674418605
13817,0.32061952026866974,"(0.303, 0.338]",0.13414634146341464
13818,0.3175328618617868,"(0.303, 0.338]",0.1497005988023952
13819,0.2847725095788354,"(0.269, 0.303]",0.17682926829268292
13820,0.308879140791528,"(0.303, 0.338]",0.2
13821,0.36392637987215815,"(0.338, 0.373]",0.24022346368715083
13822,0.15541920443803225,"(0.131, 0.165]",0.23979591836734693
13823,0.3826664694924125,"(0.373, 0.407]",0.3140096618357488
13824,0.3631056389779248,"(0.338, 0.373]",0.3333333333333333
13826,0.35253023677527007,"(0.338, 0.373]",0.375
13827,0.41955757205670474,"(0.407, 0.442]",0.34673366834170855
13828,0.39405164519826363,"(0.373, 0.407]",0.35751295336787564
13829,0.4536325915560223,"(0.442, 0.476]",0.3855421686746988
13830,0.36243717259734215,"(0.338, 0.373]",0.43859649122807015
13831,0.3463322765468127,"(0.338, 0.373]",0.47752808988764045
13832,0.3747178219183322,"(0.373, 0.407]",0.4782608695652174
13833,0.30930393585203714,"(0.303, 0.338]",0.5311004784688995
13834,0.3014040710860281,"(0.269, 0.303]",0.5277777777777778
13838,0.31616387830434045,"(0.303, 0.338]",0.6147540983606558
13839,0.34890450576324183,"(0.338, 0.373]",0.6234309623430963
13840,0.3018722316169166,"(0.269, 0.303]",0.72
13874,0.33987018508619377,"(0.338, 0.373]",0.1554054054054054
13875,0.369866612117623,"(0.338, 0.373]",0.13580246913580246
13876,0.3173850326388693,"(0.303, 0.338]",0.13664596273291926
13877,0.396343609065918,"(0.373, 0.407]",0.13664596273291926
13878,0.2901686658283597,"(0.269, 0.303]",0.1518987341772152
13879,0.28935540986278446,"(0.269, 0.303]",0.1858974358974359
13880,0.3173704139239505,"(0.303, 0.338]",0.2077922077922078
13881,0.27825689367649675,"(0.269, 0.303]",0.24848484848484848
13886,0.42648812123518476,"(0.407, 0.442]",0.375
13887,0.4036713329419042,"(0.373, 0.407]",0.3717277486910995
13888,0.3728536731496822,"(0.373, 0.407]",0.3776595744680851
13889,0.37294324331847806,"(0.373, 0.407]",0.4350282485875706
13890,0.4133967813861706,"(0.407, 0.442]",0.4972972972972973
13891,0.38882113820194714,"(0.373, 0.407]",0.5647668393782384
13893,0.3262219394531935,"(0.303, 0.338]",0.6415094339622641
13932,0.3324953746877482,"(0.303, 0.338]",0.15976331360946747
13933,0.37670866431794225,"(0.373, 0.407]",0.17105263157894737
13934,0.4152064200802246,"(0.407, 0.442]",0.19148936170212766
13935,0.3811327565623582,"(0.373, 0.407]",0.1564625850340136
13936,0.3546851791740861,"(0.338, 0.373]",0.17532467532467533
13937,0.29621681300871383,"(0.269, 0.303]",0.17391304347826086
13938,0.17519061708977382,"(0.165, 0.2]",0.18543046357615894
13939,0.2974857969518906,"(0.269, 0.303]",0.24161073825503357
13946,0.40108461530287737,"(0.373, 0.407]",0.42201834862385323
13947,0.423800909631851,"(0.407, 0.442]",0.4375
13992,0.3638403585642312,"(0.338, 0.373]",0.17777777777777778
13993,0.38380896181799606,"(0.373, 0.407]",0.19879518072289157
13994,0.32395954009685435,"(0.303, 0.338]",0.21710526315789475
13995,0.3543185514948432,"(0.338, 0.373]",0.22
13996,0.3352814238005147,"(0.303, 0.338]",0.23170731707317074
13997,0.4018191639177208,"(0.373, 0.407]",0.22941176470588234
13998,0.1845028237784865,"(0.165, 0.2]",0.2679738562091503
14004,0.34215627571656304,"(0.338, 0.373]",0.3434343434343434
14005,0.24060360409965975,"(0.234, 0.269]",0.4155251141552511
14006,0.40944358015060295,"(0.407, 0.442]",0.43601895734597157
14007,0.4059426511625044,"(0.373, 0.407]",0.4976958525345622
14050,0.3496959334350057,"(0.338, 0.373]",0.17159763313609466
14051,0.4029346610904287,"(0.373, 0.407]",0.17073170731707318
14052,0.3891654955206094,"(0.373, 0.407]",0.22485207100591717
14053,0.2818295013291056,"(0.269, 0.303]",0.22784810126582278
14054,0.28677406344104234,"(0.269, 0.303]",0.23972602739726026
14055,0.3769300361972489,"(0.373, 0.407]",0.24342105263157895
14056,0.3787042460866991,"(0.373, 0.407]",0.2484076433121019
14057,0.343598136201691,"(0.338, 0.373]",0.23030303030303031
14064,0.39969553204135905,"(0.373, 0.407]",0.44019138755980863
14067,0.35608141990789904,"(0.338, 0.373]",0.5575221238938053
14109,0.3267555681391893,"(0.303, 0.338]",0.16568047337278108
14110,0.3342300511590541,"(0.303, 0.338]",0.15436241610738255
14115,0.3413293476264072,"(0.338, 0.373]",0.4788732394366197
14116,0.34796096825531275,"(0.338, 0.373]",0.5414847161572053
14118,0.35998021728993473,"(0.338, 0.373]",0.5714285714285714
14161,0.31508902316050136,"(0.303, 0.338]",0.2012987012987013
14162,0.44005215651224955,"(0.407, 0.442]",0.3402777777777778
14163,0.37354621529969484,"(0.373, 0.407]",0.42771084337349397
14164,0.4126708909730059,"(0.407, 0.442]",0.48663101604278075
14165,0.35364596085610545,"(0.338, 0.373]",0.5169082125603864
14166,0.36565965918967464,"(0.338, 0.373]",0.5377358490566038
14167,0.36554069846201914,"(0.338, 0.373]",0.576036866359447
14168,0.3794148852709531,"(0.373, 0.407]",0.5765765765765766
14209,0.3588752200607101,"(0.338, 0.373]",0.16875
14210,0.3884097150719407,"(0.373, 0.407]",0.5032258064516129
14211,0.42113283313374367,"(0.407, 0.442]",0.4943820224719101
14212,0.32733904061529967,"(0.303, 0.338]",0.5026178010471204
14213,0.42734045369077545,"(0.407, 0.442]",0.5129533678756477
14214,0.328814119480136,"(0.303, 0.338]",0.5454545454545454
14215,0.3412854944880362,"(0.338, 0.373]",0.6056338028169014
14220,0.3079534654384932,"(0.303, 0.338]",0.7328519855595668
14254,0.3368948553007377,"(0.303, 0.338]",0.13714285714285715
14255,0.38489595991962006,"(0.373, 0.407]",0.45394736842105265
14256,0.36810843767746315,"(0.338, 0.373]",0.45294117647058824
14257,0.3561140242264049,"(0.338, 0.373]",0.49142857142857144
14272,0.40145057296427783,"(0.373, 0.407]",0.5941422594142259
14298,0.2966720560917715,"(0.269, 0.303]",0.1657142857142857
14299,0.41395135529875215,"(0.407, 0.442]",0.3310344827586207
14300,0.3647923024012591,"(0.338, 0.373]",0.36809815950920244
14301,0.3915654477543618,"(0.373, 0.407]",0.4166666666666667
14302,0.39796855529576913,"(0.373, 0.407]",0.4269005847953216
14316,0.3505595870978306,"(0.338, 0.373]",0.5046296296296297
14317,0.35579715997839834,"(0.338, 0.373]",0.4933920704845815
14318,0.39704464075289664,"(0.373, 0.407]",0.5330396475770925
14342,0.3241870082081794,"(0.303, 0.338]",0.1592356687898089
14343,0.3709155684517675,"(0.338, 0.373]",0.32116788321167883
14344,0.425506916328118,"(0.407, 0.442]",0.3184713375796178
14345,0.45026339907422946,"(0.442, 0.476]",0.34911242603550297
14354,0.3477395008587087,"(0.338, 0.373]",0.37850467289719625
14356,0.3490873965070376,"(0.338, 0.373]",0.36923076923076925
14359,0.4107237174354491,"(0.407, 0.442]",0.43333333333333335
14360,0.3867546952331096,"(0.373, 0.407]",0.41836734693877553
14361,0.37027414881698795,"(0.338, 0.373]",0.38974358974358975
14362,0.39957053231307665,"(0.373, 0.407]",0.4039408866995074
14363,0.3970983042046438,"(0.373, 0.407]",0.4079601990049751
14385,0.37761397838363536,"(0.373, 0.407]",0.1836734693877551
14386,0.4188763268721338,"(0.407, 0.442]",0.125
14387,0.3960026243992549,"(0.373, 0.407]",0.26618705035971224
14388,0.42006039942051787,"(0.407, 0.442]",0.2787878787878788
14389,0.38393959036174,"(0.373, 0.407]",0.28888888888888886
14390,0.3484804808594711,"(0.338, 0.373]",0.28651685393258425
14391,0.3605644984642032,"(0.338, 0.373]",0.28888888888888886
14392,0.36847594286062524,"(0.338, 0.373]",0.27835051546391754
14393,0.41987710426052344,"(0.407, 0.442]",0.3027027027027027
14398,0.353990475257809,"(0.338, 0.373]",0.28061224489795916
14399,0.31865436183115015,"(0.303, 0.338]",0.3235294117647059
14400,0.3092849412452111,"(0.303, 0.338]",0.2925531914893617
14403,0.3876783668050609,"(0.373, 0.407]",0.2976190476190476
14404,0.4009296111441185,"(0.373, 0.407]",0.3142857142857143
14405,0.3644291699148157,"(0.338, 0.373]",0.28994082840236685
14406,0.34101400757547595,"(0.338, 0.373]",0.32748538011695905
14407,0.42984056170459284,"(0.407, 0.442]",0.3651685393258427
14408,0.42546142942330095,"(0.407, 0.442]",0.3977272727272727
14428,0.12033949979027558,"(0.0962, 0.131]",0.2348993288590604
14429,0.3899017068120611,"(0.373, 0.407]",0.22875816993464052
14430,0.22066997711094075,"(0.2, 0.234]",0.20512820512820512
14431,0.41038893554035616,"(0.407, 0.442]",0.17682926829268292
14432,0.3389031256253136,"(0.338, 0.373]",0.14606741573033707
14433,0.30113673977080135,"(0.269, 0.303]",0.14457831325301204
14434,0.2694031166602058,"(0.269, 0.303]",0.10948905109489052
14435,0.24918319519633736,"(0.234, 0.269]",0.19548872180451127
14436,0.35666403149139275,"(0.338, 0.373]",0.19875776397515527
14437,0.2999651559078,"(0.269, 0.303]",0.21468926553672316
14438,0.34490725722757143,"(0.338, 0.373]",0.20108695652173914
14439,0.36441679267035315,"(0.338, 0.373]",0.19796954314720813
14440,0.3558136769356804,"(0.338, 0.373]",0.2
14441,0.34440734626752906,"(0.338, 0.373]",0.20689655172413793
14442,0.34942393969679825,"(0.338, 0.373]",0.205
14443,0.32571278608020904,"(0.303, 0.338]",0.20634920634920634
14444,0.3260927531048159,"(0.303, 0.338]",0.23243243243243245
14445,0.38954067858571584,"(0.373, 0.407]",0.18324607329842932
14446,0.3012536835948581,"(0.269, 0.303]",0.21
14447,0.2938186494761894,"(0.269, 0.303]",0.2336448598130841
14448,0.3330633832891072,"(0.303, 0.338]",0.20689655172413793
14449,0.3347617238893773,"(0.303, 0.338]",0.25
14450,0.28012152234669274,"(0.269, 0.303]",0.24742268041237114
14451,0.3696905238916172,"(0.338, 0.373]",0.20454545454545456
14452,0.4399754346202652,"(0.407, 0.442]",0.24571428571428572
14453,0.3908834598290356,"(0.373, 0.407]",0.2275449101796407
14454,0.2822876353702719,"(0.269, 0.303]",0.267515923566879
14464,0.435181545779122,"(0.407, 0.442]",0.4386792452830189
14465,0.46628415958928543,"(0.442, 0.476]",0.44642857142857145
14466,0.3922136978350278,"(0.373, 0.407]",0.4977578475336323
14472,0.4060072581654076,"(0.373, 0.407]",0.20118343195266272
14473,0.3558177460448961,"(0.338, 0.373]",0.19642857142857142
14474,0.29067878931840385,"(0.269, 0.303]",0.16853932584269662
14475,0.3395665143621527,"(0.338, 0.373]",0.13872832369942195
14476,0.30970897927885876,"(0.303, 0.338]",0.14754098360655737
14477,0.34395085027708916,"(0.338, 0.373]",0.14207650273224043
14478,0.29350805752991027,"(0.269, 0.303]",0.12883435582822086
14479,0.3119425783271434,"(0.303, 0.338]",0.1656441717791411
14480,0.24694340450852686,"(0.234, 0.269]",0.12413793103448276
14481,0.328033581548118,"(0.303, 0.338]",0.20422535211267606
14482,0.2129211360425731,"(0.2, 0.234]",0.1746987951807229
14483,0.14957349570245712,"(0.131, 0.165]",0.2
14484,0.27605078502492925,"(0.269, 0.303]",0.19672131147540983
14485,0.2526739103167959,"(0.234, 0.269]",0.1683673469387755
14486,0.35179599704245146,"(0.338, 0.373]",0.17475728155339806
14487,0.41071985908022995,"(0.407, 0.442]",0.15897435897435896
14488,0.3708230014109846,"(0.338, 0.373]",0.1657754010695187
14489,0.33050216553160644,"(0.303, 0.338]",0.16483516483516483
14490,0.2954551749194354,"(0.269, 0.303]",0.18134715025906736
14491,0.28266983688171515,"(0.269, 0.303]",0.15763546798029557
14492,0.4100109164354443,"(0.407, 0.442]",0.16981132075471697
14493,0.23918199338380466,"(0.234, 0.269]",0.1888412017167382
14494,0.29595627042209965,"(0.269, 0.303]",0.17272727272727273
14495,0.32356996914797226,"(0.303, 0.338]",0.2097560975609756
14496,0.2534945623191766,"(0.234, 0.269]",0.2131979695431472
14497,0.2926819844945711,"(0.269, 0.303]",0.18497109826589594
14498,0.34269167297259445,"(0.338, 0.373]",0.225
14499,0.31916590271052403,"(0.303, 0.338]",0.2052980132450331
14500,0.30430825070153356,"(0.303, 0.338]",0.21935483870967742
14503,0.3930386856389673,"(0.373, 0.407]",0.3163841807909605
14506,0.35763943299216816,"(0.338, 0.373]",0.41139240506329117
14508,0.4871786941448183,"(0.476, 0.511]",0.3485714285714286
14509,0.3456988343868549,"(0.338, 0.373]",0.34972677595628415
14510,0.38117655636398873,"(0.373, 0.407]",0.4009433962264151
14511,0.4025792199335467,"(0.373, 0.407]",0.3963963963963964
14512,0.4394888448371275,"(0.407, 0.442]",0.4144144144144144
14513,0.4312710276800482,"(0.407, 0.442]",0.4343891402714932
14514,0.3529467709349781,"(0.338, 0.373]",0.39896373056994816
14515,0.3153066555221514,"(0.303, 0.338]",0.47058823529411764
14517,0.3674288858448048,"(0.338, 0.373]",0.19753086419753085
14518,0.3242058465170247,"(0.303, 0.338]",0.1791907514450867
14519,0.398876638102518,"(0.373, 0.407]",0.15846994535519127
14520,0.2991061724996357,"(0.269, 0.303]",0.13829787234042554
14521,0.2900904260759388,"(0.269, 0.303]",0.16580310880829016
14522,0.3703603337706744,"(0.338, 0.373]",0.16494845360824742
14523,0.21575101236058347,"(0.2, 0.234]",0.15706806282722513
14524,0.18104312503908118,"(0.165, 0.2]",0.16574585635359115
14525,0.27090408540555044,"(0.269, 0.303]",0.125
14526,0.27409233775120545,"(0.269, 0.303]",0.11486486486486487
14527,0.32343810183834,"(0.303, 0.338]",0.17391304347826086
14528,0.18039513135655671,"(0.165, 0.2]",0.2046783625730994
14529,0.23864692909169463,"(0.234, 0.269]",0.1797752808988764
14530,0.2866093332508339,"(0.269, 0.303]",0.1875
14531,0.24445680165532802,"(0.234, 0.269]",0.17679558011049723
14532,0.2354741556881931,"(0.234, 0.269]",0.15151515151515152
14533,0.35698450331233333,"(0.338, 0.373]",0.14832535885167464
14534,0.33391785537662855,"(0.303, 0.338]",0.11940298507462686
14535,0.2195360672587381,"(0.2, 0.234]",0.1407035175879397
14536,0.288225118997486,"(0.269, 0.303]",0.14285714285714285
14537,0.1150571596899013,"(0.0962, 0.131]",0.14507772020725387
14538,0.32165646519365576,"(0.303, 0.338]",0.14925373134328357
14539,0.16671758134075138,"(0.165, 0.2]",0.14893617021276595
14540,0.2353511294977121,"(0.234, 0.269]",0.15151515151515152
14541,0.2791171379160061,"(0.269, 0.303]",0.16176470588235295
14542,0.25955432850625976,"(0.234, 0.269]",0.19270833333333334
14543,0.2870846609110042,"(0.269, 0.303]",0.18090452261306533
14544,0.30511643737251504,"(0.303, 0.338]",0.16759776536312848
14547,0.1688020835286932,"(0.165, 0.2]",0.22727272727272727
14548,0.3247685477971116,"(0.303, 0.338]",0.25903614457831325
14549,0.40163917652073755,"(0.373, 0.407]",0.23668639053254437
14550,0.4248461986308207,"(0.407, 0.442]",0.2833333333333333
14553,0.4330435285132832,"(0.407, 0.442]",0.35135135135135137
14554,0.3103221689325368,"(0.303, 0.338]",0.33783783783783783
14555,0.330427565607061,"(0.303, 0.338]",0.32142857142857145
14556,0.3241580119925615,"(0.303, 0.338]",0.3118279569892473
14557,0.3347982913815256,"(0.303, 0.338]",0.35944700460829493
14558,0.33158636052024665,"(0.303, 0.338]",0.3436123348017621
14559,0.32812047565870617,"(0.303, 0.338]",0.36818181818181817
14560,0.3980154145628315,"(0.373, 0.407]",0.4068627450980392
14561,0.3329132797078486,"(0.303, 0.338]",0.36024844720496896
14566,0.17351048545368475,"(0.165, 0.2]",0.16097560975609757
14567,0.1442318275253921,"(0.131, 0.165]",0.21951219512195122
14568,0.2525918129640333,"(0.234, 0.269]",0.22277227722772278
14569,0.22923125498243496,"(0.2, 0.234]",0.22274881516587677
14570,0.19857134244640767,"(0.165, 0.2]",0.22959183673469388
14571,0.31033192441627094,"(0.303, 0.338]",0.17708333333333334
14572,0.31750304710421257,"(0.303, 0.338]",0.1797752808988764
14573,0.4006262340088908,"(0.373, 0.407]",0.16352201257861634
14574,0.4133836659230679,"(0.407, 0.442]",0.18674698795180722
14575,0.4048323381149501,"(0.373, 0.407]",0.17142857142857143
14576,0.4103746354023856,"(0.407, 0.442]",0.18518518518518517
14577,0.24738425659631594,"(0.234, 0.269]",0.21081081081081082
14578,0.28329150695300886,"(0.269, 0.303]",0.16853932584269662
14581,0.22498821610654188,"(0.2, 0.234]",0.13756613756613756
14583,0.33018528779616496,"(0.303, 0.338]",0.11055276381909548
14584,0.4067015040868585,"(0.373, 0.407]",0.155
14585,0.2698058373695534,"(0.269, 0.303]",0.16666666666666666
14586,0.21575152125242159,"(0.2, 0.234]",0.18407960199004975
14587,0.06974153900407083,"(0.0617, 0.0962]",0.20098039215686275
14588,0.33389779582933293,"(0.303, 0.338]",0.16129032258064516
14589,0.21414736291901773,"(0.2, 0.234]",0.15463917525773196
14590,0.2356545454204533,"(0.234, 0.269]",0.16336633663366337
14591,0.30874768764274274,"(0.303, 0.338]",0.17801047120418848
14592,0.23495033613363336,"(0.234, 0.269]",0.20634920634920634
14593,0.26761309434669495,"(0.234, 0.269]",0.21978021978021978
14594,0.3060634873310668,"(0.303, 0.338]",0.22875816993464052
14595,0.31427858303048734,"(0.303, 0.338]",0.25316455696202533
14596,0.3835680366825632,"(0.373, 0.407]",0.24550898203592814
14597,0.3441870989783633,"(0.338, 0.373]",0.23837209302325582
14598,0.36902152880805844,"(0.338, 0.373]",0.21176470588235294
14599,0.3972443025341168,"(0.373, 0.407]",0.23295454545454544
14602,0.25470560697588845,"(0.234, 0.269]",0.3424657534246575
14603,0.357710123795292,"(0.338, 0.373]",0.3087248322147651
14604,0.4125890899163809,"(0.407, 0.442]",0.29239766081871343
14605,0.32674214178758215,"(0.303, 0.338]",0.2962962962962963
14606,0.390861330938141,"(0.373, 0.407]",0.2890995260663507
14607,0.3292400594822696,"(0.303, 0.338]",0.2876712328767123
14608,0.3470369422347687,"(0.338, 0.373]",0.3317307692307692
14609,0.38084271084499327,"(0.373, 0.407]",0.34594594594594597
14615,0.13156141038034327,"(0.131, 0.165]",0.15151515151515152
14616,0.18268151861405535,"(0.165, 0.2]",0.205
14617,0.06838341022607572,"(0.0617, 0.0962]",0.2094240837696335
14618,-0.13694707822854962,"(-0.146, -0.111]",0.22705314009661837
14619,0.41665917402648434,"(0.407, 0.442]",0.22058823529411764
14620,0.19971278551061633,"(0.165, 0.2]",0.1890547263681592
14637,0.3116102465489743,"(0.303, 0.338]",0.1989247311827957
14642,0.3277787798581678,"(0.303, 0.338]",0.20418848167539266
14643,0.36260767307383707,"(0.338, 0.373]",0.22077922077922077
14644,0.35710066252777634,"(0.338, 0.373]",0.22981366459627328
14645,0.2906256699902483,"(0.269, 0.303]",0.2441860465116279
14646,0.35630539319569987,"(0.338, 0.373]",0.225
14647,0.3696586707648711,"(0.338, 0.373]",0.1901840490797546
14648,0.3220482163890501,"(0.303, 0.338]",0.2289156626506024
14649,0.3405830593216757,"(0.338, 0.373]",0.21935483870967742
14650,0.38074841654229685,"(0.373, 0.407]",0.25
14651,0.3042459000815716,"(0.303, 0.338]",0.32450331125827814
14652,0.3747459923478736,"(0.373, 0.407]",0.2484076433121019
14653,0.3020962718680118,"(0.269, 0.303]",0.25287356321839083
14654,0.3840877127533199,"(0.373, 0.407]",0.2653061224489796
14655,0.38610704170788784,"(0.373, 0.407]",0.24878048780487805
14656,0.3517636309256442,"(0.338, 0.373]",0.26865671641791045
14657,0.19618804222089295,"(0.165, 0.2]",0.2983425414364641
14658,0.2610849619800652,"(0.234, 0.269]",0.3237410071942446
14667,0.25450292354540616,"(0.234, 0.269]",0.2346368715083799
14693,0.3058868950547277,"(0.303, 0.338]",0.21084337349397592
14694,0.22777760700275812,"(0.2, 0.234]",0.2529411764705882
14695,0.3237486713031629,"(0.303, 0.338]",0.2694610778443114
14696,0.4007358190516609,"(0.373, 0.407]",0.24203821656050956
14697,0.2751598544841412,"(0.269, 0.303]",0.24050632911392406
14698,0.35654662581343405,"(0.338, 0.373]",0.2185430463576159
14699,0.29077320776055227,"(0.269, 0.303]",0.1830065359477124
14700,0.37891199675895093,"(0.373, 0.407]",0.19463087248322147
14701,0.38698814340538135,"(0.373, 0.407]",0.23125
14702,0.3557434603640667,"(0.338, 0.373]",0.21052631578947367
14703,0.26464139874731335,"(0.234, 0.269]",0.2459016393442623
14704,0.23705709735678543,"(0.234, 0.269]",0.24489795918367346
14705,0.3378642955694929,"(0.303, 0.338]",0.23195876288659795
14706,-0.04412075774018106,"(-0.0765, -0.042]",0.26285714285714284
14707,0.17284205410004264,"(0.165, 0.2]",0.2857142857142857
14742,0.4192755019605322,"(0.407, 0.442]",0.23391812865497075
14744,0.3875072278377144,"(0.373, 0.407]",0.23529411764705882
14745,0.1904283050096828,"(0.165, 0.2]",0.20512820512820512
14746,0.3757354506463638,"(0.373, 0.407]",0.23225806451612904
14747,0.2782687136161988,"(0.269, 0.303]",0.21951219512195122
14749,0.3433528594703315,"(0.338, 0.373]",0.17791411042944785
14750,0.27955511993380616,"(0.269, 0.303]",0.1875
14751,0.34305913276452177,"(0.338, 0.373]",0.19337016574585636
14752,0.34892275764398295,"(0.338, 0.373]",0.22580645161290322
14753,0.31249229266297157,"(0.303, 0.338]",0.24864864864864866
14754,0.28651178063455174,"(0.269, 0.303]",0.22699386503067484
14791,0.26631867945632204,"(0.234, 0.269]",0.25274725274725274
14793,0.2689898179625472,"(0.269, 0.303]",0.2122905027932961
14794,0.21920928378620316,"(0.2, 0.234]",0.1746031746031746
14795,0.2606840572319732,"(0.234, 0.269]",0.17679558011049723
14796,0.3412323259608952,"(0.338, 0.373]",0.2254335260115607
14797,0.27268186111303916,"(0.269, 0.303]",0.2484076433121019
15283,-0.12333424698644421,"(-0.146, -0.111]",0.3829787234042553
15285,0.1801921108360628,"(0.165, 0.2]",0.32432432432432434
15286,0.19237841785212975,"(0.165, 0.2]",0.32903225806451614
15304,0.3650833671586964,"(0.338, 0.373]",0.3581081081081081
15305,0.38121757464368417,"(0.373, 0.407]",0.3422818791946309
15306,0.285852133822702,"(0.269, 0.303]",0.3026315789473684
15307,0.34518782495612393,"(0.338, 0.373]",0.3170731707317073
15308,0.3184937512562531,"(0.303, 0.338]",0.31952662721893493
15321,0.3937518923096673,"(0.373, 0.407]",0.3875
15322,0.34022155325041614,"(0.338, 0.373]",0.35714285714285715
15323,0.2958402313024764,"(0.269, 0.303]",0.33548387096774196
15324,0.3664874630752017,"(0.338, 0.373]",0.34545454545454546
15325,0.27708797613859387,"(0.269, 0.303]",0.3333333333333333
15346,0.27170722524182733,"(0.269, 0.303]",0.3945578231292517
15347,0.32249351708496515,"(0.303, 0.338]",0.42207792207792205
15348,0.35426887321174116,"(0.338, 0.373]",0.3973509933774834
15349,0.4412972603694857,"(0.407, 0.442]",0.39263803680981596
15350,0.41094898112854006,"(0.407, 0.442]",0.375
15351,0.11409194559813193,"(0.0962, 0.131]",0.34810126582278483
15352,0.2944935172698804,"(0.269, 0.303]",0.3687150837988827
15353,0.34362700313377315,"(0.338, 0.373]",0.3670886075949367
15358,0.223296373260494,"(0.2, 0.234]",0.3698630136986301
15370,0.3222420113697362,"(0.303, 0.338]",0.3782051282051282
15371,0.28342612856438065,"(0.269, 0.303]",0.34394904458598724
15376,0.30674461048160845,"(0.303, 0.338]",0.3235294117647059
15377,0.3039872136254815,"(0.303, 0.338]",0.2713178294573643
15378,0.36559485147875903,"(0.338, 0.373]",0.26356589147286824
15380,0.30187831421409383,"(0.269, 0.303]",0.4172661870503597
15381,0.35312891482782877,"(0.338, 0.373]",0.43478260869565216
15382,0.3730122710615313,"(0.373, 0.407]",0.425531914893617
15383,0.303026067991224,"(0.269, 0.303]",0.43312101910828027
15384,0.4404038753500597,"(0.407, 0.442]",0.43373493975903615
15385,0.36608508107103443,"(0.338, 0.373]",0.42592592592592593
15386,0.2278940450406883,"(0.2, 0.234]",0.41216216216216217
15387,0.2771542564457643,"(0.269, 0.303]",0.39622641509433965
15390,0.3650518859412104,"(0.338, 0.373]",0.34
15392,0.3590275006321791,"(0.338, 0.373]",0.3208955223880597
15396,0.2779682621223259,"(0.269, 0.303]",0.30952380952380953
15397,0.3069243405496526,"(0.303, 0.338]",0.2754491017964072
15402,0.2854701772579085,"(0.269, 0.303]",0.375
15410,0.24029946894380957,"(0.234, 0.269]",0.3418803418803419
15411,0.2536039908740936,"(0.234, 0.269]",0.30701754385964913
15412,0.38074091234630414,"(0.373, 0.407]",0.26717557251908397
15413,0.3467585213329924,"(0.338, 0.373]",0.27611940298507465
15414,0.36885812302164006,"(0.338, 0.373]",0.3106060606060606
15415,0.38605492419025667,"(0.373, 0.407]",0.2907801418439716
15422,0.3073468931570926,"(0.303, 0.338]",0.47333333333333333
15423,0.2444154206656754,"(0.234, 0.269]",0.4375
15424,0.39072671348912835,"(0.373, 0.407]",0.44696969696969696
15425,0.26550551410998247,"(0.234, 0.269]",0.4675324675324675
15426,0.4259065395816039,"(0.407, 0.442]",0.4154929577464789
15427,0.3538617400822058,"(0.338, 0.373]",0.4028776978417266
15430,0.2921746041346106,"(0.269, 0.303]",0.38650306748466257
15431,0.3172574495855833,"(0.303, 0.338]",0.35542168674698793
15432,0.2927540286709146,"(0.269, 0.303]",0.34507042253521125
15433,0.4056752102762836,"(0.373, 0.407]",0.34782608695652173
15435,0.34233922865500804,"(0.338, 0.373]",0.3877551020408163
15436,0.29238683675561833,"(0.269, 0.303]",0.35443037974683544
15437,0.34781301540871074,"(0.338, 0.373]",0.3202247191011236
15438,0.35559103198674297,"(0.338, 0.373]",0.27906976744186046
15439,0.377589748711026,"(0.373, 0.407]",0.3167701863354037
15440,0.3759133698818838,"(0.373, 0.407]",0.3443708609271523
15441,0.402243046007007,"(0.373, 0.407]",0.37142857142857144
15443,0.3622419021838549,"(0.338, 0.373]",0.3815789473684211
15446,0.3440542180047922,"(0.338, 0.373]",0.3248407643312102
15448,0.3376130374108312,"(0.303, 0.338]",0.3287671232876712
15449,0.37995912065103543,"(0.373, 0.407]",0.3381294964028777
15450,0.1890094861779115,"(0.165, 0.2]",0.29545454545454547
15451,0.2271785074716696,"(0.2, 0.234]",0.2923076923076923
15452,0.2654342282988628,"(0.234, 0.269]",0.3333333333333333
15453,0.36931161267124996,"(0.338, 0.373]",0.33093525179856115
15454,0.3579848118588207,"(0.338, 0.373]",0.35172413793103446
15455,0.3096146980579592,"(0.303, 0.338]",0.32413793103448274
15456,0.35270581386571365,"(0.338, 0.373]",0.2978723404255319
15472,0.429003941179529,"(0.407, 0.442]",0.5214723926380368
15473,0.3678759654827109,"(0.338, 0.373]",0.49673202614379086
15477,0.40325635395581577,"(0.373, 0.407]",0.4117647058823529
15479,0.34481690277804616,"(0.338, 0.373]",0.4161073825503356
15480,0.35304221410125824,"(0.338, 0.373]",0.4
15481,0.3897128345844185,"(0.373, 0.407]",0.3709677419354839
15482,0.41744794036109867,"(0.407, 0.442]",0.33532934131736525
15483,0.3443670169313287,"(0.338, 0.373]",0.37423312883435583
15484,0.3032294023301446,"(0.269, 0.303]",0.4025974025974026
15485,0.35957240882569863,"(0.338, 0.373]",0.42857142857142855
15486,0.37456544293795935,"(0.373, 0.407]",0.4625
15487,0.343604813433368,"(0.338, 0.373]",0.44805194805194803
15490,0.3707427410214167,"(0.338, 0.373]",0.379746835443038
15492,0.37586227758155405,"(0.373, 0.407]",0.3825503355704698
15493,0.40976100140430494,"(0.407, 0.442]",0.36486486486486486
15494,0.333355736955399,"(0.303, 0.338]",0.35251798561151076
15495,0.3628046729506345,"(0.338, 0.373]",0.3717948717948718
15496,0.34672295937039055,"(0.338, 0.373]",0.36486486486486486
15504,0.3800892912581322,"(0.373, 0.407]",0.34459459459459457
15505,0.35803404152656326,"(0.338, 0.373]",0.3402777777777778
15506,0.3250262885671353,"(0.303, 0.338]",0.31386861313868614
15509,0.33151706621620264,"(0.303, 0.338]",0.5035971223021583
15510,0.36827795468978924,"(0.338, 0.373]",0.536723163841808
15514,0.32356377696381705,"(0.303, 0.338]",0.4413793103448276
15515,0.2921565250242868,"(0.269, 0.303]",0.4305555555555556
15516,0.3586122587426345,"(0.338, 0.373]",0.4514285714285714
15517,0.418105286612337,"(0.407, 0.442]",0.42702702702702705
15518,0.39782802148287794,"(0.373, 0.407]",0.4797687861271676
15519,0.3612311566605205,"(0.338, 0.373]",0.4206896551724138
15520,0.4202730972032762,"(0.407, 0.442]",0.44871794871794873
15521,0.38332755869537366,"(0.373, 0.407]",0.42953020134228187
15522,0.3932529236643944,"(0.373, 0.407]",0.42567567567567566
15523,0.3660581068778093,"(0.338, 0.373]",0.42657342657342656
15529,0.33674942562706406,"(0.303, 0.338]",0.36231884057971014
15531,0.36955911153405896,"(0.338, 0.373]",0.5906040268456376
15532,0.26356215599597704,"(0.234, 0.269]",0.5436241610738255
15535,0.36784820283030717,"(0.338, 0.373]",0.532608695652174
15537,0.4040887001429122,"(0.373, 0.407]",0.5180722891566265
15538,0.4075210816272262,"(0.407, 0.442]",0.5297619047619048
15545,0.4496463242437424,"(0.442, 0.476]",0.5654761904761905
15559,0.3730042719136405,"(0.373, 0.407]",0.6633165829145728
15571,0.33991476238639967,"(0.338, 0.373]",0.30597014925373134
15613,0.35486434139405415,"(0.338, 0.373]",0.42953020134228187
15614,0.3784461474588037,"(0.373, 0.407]",0.436241610738255
15615,0.3469916837671658,"(0.338, 0.373]",0.4357142857142857
15626,0.0977770891335261,"(0.0962, 0.131]",0.3352941176470588
15627,0.3455982949410854,"(0.338, 0.373]",0.3699421965317919
15628,0.41163990359374714,"(0.407, 0.442]",0.5029585798816568
15630,0.3832185842723107,"(0.373, 0.407]",0.4602272727272727
15631,0.40403118173060204,"(0.373, 0.407]",0.4807692307692308
15632,0.40985668891907284,"(0.407, 0.442]",0.441025641025641
15633,0.34422019309844,"(0.338, 0.373]",0.4797979797979798
15833,0.07800927446533959,"(0.0617, 0.0962]",0.125
15860,0.29047219995929796,"(0.269, 0.303]",0.15841584158415842
15861,0.19333867541338887,"(0.165, 0.2]",0.16379310344827586
15862,0.06891247021030936,"(0.0617, 0.0962]",0.1678832116788321
15890,0.2892377053416778,"(0.269, 0.303]",0.18947368421052632
15891,0.2515428313799859,"(0.234, 0.269]",0.19658119658119658
15892,0.20323939910979552,"(0.2, 0.234]",0.1893939393939394
15893,0.31318762677222856,"(0.303, 0.338]",0.2109375
15894,0.27279373732040535,"(0.269, 0.303]",0.2014388489208633
15921,0.34078657698494585,"(0.338, 0.373]",0.23
15922,0.17712824789048676,"(0.165, 0.2]",0.2033898305084746
15923,0.3030340136992363,"(0.269, 0.303]",0.2
15924,0.38041497849682704,"(0.373, 0.407]",0.19480519480519481
15925,0.37720095618984645,"(0.373, 0.407]",0.19594594594594594
15926,0.2994488881421019,"(0.269, 0.303]",0.19310344827586207
15927,0.287258540058348,"(0.269, 0.303]",0.17164179104477612
15928,0.22455361993362022,"(0.2, 0.234]",0.18604651162790697
15952,0.026503574984209768,"(-0.00742, 0.0271]",0.33
15953,0.20140246133841846,"(0.2, 0.234]",0.29310344827586204
15954,0.24714369219543275,"(0.234, 0.269]",0.23076923076923078
15955,0.27326243863214716,"(0.269, 0.303]",0.18248175182481752
15956,0.3017671961197885,"(0.269, 0.303]",0.176056338028169
15957,0.35565453452423307,"(0.338, 0.373]",0.17687074829931973
15958,0.33233263894141696,"(0.303, 0.338]",0.17763157894736842
15959,0.259799384432868,"(0.234, 0.269]",0.2028985507246377
15960,0.32502395594154376,"(0.303, 0.338]",0.16541353383458646
15961,0.3107844424041126,"(0.303, 0.338]",0.17424242424242425
15986,0.15405085228318807,"(0.131, 0.165]",0.3333333333333333
15987,0.24314226536630057,"(0.234, 0.269]",0.3153153153153153
15988,0.37350673970085735,"(0.373, 0.407]",0.3333333333333333
15989,0.27887066311588377,"(0.269, 0.303]",0.2962962962962963
15990,0.27869346220575353,"(0.269, 0.303]",0.23880597014925373
15991,0.3075319213059867,"(0.303, 0.338]",0.1917808219178082
15992,0.3660181253362193,"(0.338, 0.373]",0.15753424657534246
15993,0.4049251927107876,"(0.373, 0.407]",0.1643835616438356
15994,0.40281984038535545,"(0.373, 0.407]",0.16546762589928057
15995,0.28681591100416326,"(0.269, 0.303]",0.18333333333333332
15996,0.38908088145301906,"(0.373, 0.407]",0.16260162601626016
15997,0.28062684349962613,"(0.269, 0.303]",0.17355371900826447
15998,0.3543237282642957,"(0.338, 0.373]",0.14516129032258066
15999,0.08392719567934019,"(0.0617, 0.0962]",0.13333333333333333
16000,0.330005387827042,"(0.303, 0.338]",0.13636363636363635
16027,0.26993165982963324,"(0.269, 0.303]",0.3389830508474576
16028,0.39535594937562824,"(0.373, 0.407]",0.3076923076923077
16029,0.3920993735052888,"(0.373, 0.407]",0.24603174603174602
16030,0.29219265105595177,"(0.269, 0.303]",0.1865671641791045
16031,0.25878719337733264,"(0.234, 0.269]",0.16083916083916083
16032,0.3308824944668426,"(0.303, 0.338]",0.14893617021276595
16033,0.36018853583559074,"(0.338, 0.373]",0.13986013986013987
16034,0.34723600957710027,"(0.338, 0.373]",0.1590909090909091
16035,0.40639997179563714,"(0.373, 0.407]",0.15267175572519084
16036,0.3649514501054051,"(0.338, 0.373]",0.14285714285714285
16037,0.3363501367194787,"(0.303, 0.338]",0.125
16038,0.2940519704795577,"(0.269, 0.303]",0.10606060606060606
16039,0.1918060979027563,"(0.165, 0.2]",0.1076923076923077
16066,0.29222061491071094,"(0.269, 0.303]",0.4206896551724138
16067,0.29546583666832726,"(0.269, 0.303]",0.46206896551724136
16068,0.2611479116512505,"(0.234, 0.269]",0.42962962962962964
16069,0.31025935445366526,"(0.303, 0.338]",0.4112903225806452
16070,0.37770287882478476,"(0.373, 0.407]",0.3560606060606061
16071,0.3760110348095911,"(0.373, 0.407]",0.25196850393700787
16072,0.32819336642461344,"(0.303, 0.338]",0.20149253731343283
16074,0.1703605725339768,"(0.165, 0.2]",0.17857142857142858
16075,0.3308388280867292,"(0.303, 0.338]",0.18518518518518517
16076,0.4785244716426453,"(0.476, 0.511]",0.2047244094488189
16077,0.3712623366564617,"(0.338, 0.373]",0.20967741935483872
16078,0.24251773692179013,"(0.234, 0.269]",0.176
16079,0.37164051931511843,"(0.338, 0.373]",0.15873015873015872
16080,0.16766228150915422,"(0.165, 0.2]",0.12213740458015267
16081,0.26224525034690543,"(0.234, 0.269]",0.11678832116788321
16111,0.3655613763053309,"(0.338, 0.373]",0.4492753623188406
16112,0.3315995080094935,"(0.303, 0.338]",0.5038759689922481
16113,0.35605400769464357,"(0.338, 0.373]",0.4715447154471545
16114,0.3509388834387817,"(0.338, 0.373]",0.43478260869565216
16119,0.36282688245337436,"(0.338, 0.373]",0.24822695035460993
16121,0.42011374718098093,"(0.407, 0.442]",0.23134328358208955
16122,0.3860055820459837,"(0.373, 0.407]",0.21374045801526717
16123,0.20398406981776387,"(0.2, 0.234]",0.17692307692307693
16124,0.33865047657038055,"(0.338, 0.373]",0.1774193548387097
16125,0.2996142416203842,"(0.269, 0.303]",0.140625
16126,0.3341564685632257,"(0.303, 0.338]",0.15267175572519084
16153,0.4145839826013314,"(0.407, 0.442]",0.487012987012987
16154,0.40249235955213836,"(0.373, 0.407]",0.5246913580246914
16155,0.33014028614286933,"(0.303, 0.338]",0.4863013698630137
16156,0.28526194690173884,"(0.269, 0.303]",0.5507246376811594
16157,0.36981065411768416,"(0.338, 0.373]",0.5348837209302325
16158,0.3303975612908874,"(0.303, 0.338]",0.47413793103448276
16160,0.34188867646971616,"(0.338, 0.373]",0.30303030303030304
16163,0.3346370278749769,"(0.303, 0.338]",0.2846153846153846
16165,0.43561130361722616,"(0.407, 0.442]",0.2647058823529412
16166,0.3797061462122994,"(0.373, 0.407]",0.2608695652173913
16167,0.3751487027603611,"(0.373, 0.407]",0.22695035460992907
16168,0.34925275841884357,"(0.338, 0.373]",0.20610687022900764
16169,0.30609406085691315,"(0.303, 0.338]",0.17777777777777778
16170,0.21090363174201832,"(0.2, 0.234]",0.1773049645390071
16171,0.1612821742598516,"(0.131, 0.165]",0.16666666666666666
16197,0.34852909783872205,"(0.338, 0.373]",0.5384615384615384
16198,0.3662543386954093,"(0.338, 0.373]",0.5679012345679012
16199,0.3662072699847252,"(0.338, 0.373]",0.5333333333333333
16200,0.38102369353521254,"(0.373, 0.407]",0.5594405594405595
16201,0.32576912923885004,"(0.303, 0.338]",0.5220588235294118
16202,0.3336338935415678,"(0.303, 0.338]",0.4609375
16204,0.3676592411102128,"(0.338, 0.373]",0.3006993006993007
16207,0.3982771891977662,"(0.373, 0.407]",0.2773722627737226
16210,0.35193795495330843,"(0.338, 0.373]",0.27906976744186046
16211,0.351653785678242,"(0.338, 0.373]",0.25
16212,0.3333452654518939,"(0.303, 0.338]",0.21739130434782608
16213,0.35473142555323595,"(0.338, 0.373]",0.1953125
16214,0.3513793508459845,"(0.338, 0.373]",0.20149253731343283
16215,0.15558186566415796,"(0.131, 0.165]",0.16296296296296298
16244,0.3798706123874686,"(0.373, 0.407]",0.5757575757575758
16245,0.39315510036840684,"(0.373, 0.407]",0.564625850340136
16253,0.39875091576919514,"(0.373, 0.407]",0.34615384615384615
16256,0.33571829732582076,"(0.303, 0.338]",0.24817518248175183
16257,0.203813468265875,"(0.2, 0.234]",0.20422535211267606
16258,0.3421259226737511,"(0.338, 0.373]",0.1774193548387097
16259,0.3942404480334538,"(0.373, 0.407]",0.17692307692307693
16260,0.28987724191821995,"(0.269, 0.303]",0.19083969465648856
16261,0.26836308003026316,"(0.234, 0.269]",0.176
16289,0.36260776544430395,"(0.338, 0.373]",0.6176470588235294
16290,0.38892382070626313,"(0.373, 0.407]",0.5822784810126582
16298,0.40577946050271824,"(0.373, 0.407]",0.3709677419354839
16301,0.27399186397324016,"(0.269, 0.303]",0.2571428571428571
16302,0.16259654765183176,"(0.131, 0.165]",0.2108843537414966
16303,0.39446205640557064,"(0.373, 0.407]",0.1865671641791045
16304,0.2703883161472271,"(0.269, 0.303]",0.2074074074074074
16305,0.36089507980041025,"(0.338, 0.373]",0.19230769230769232
16348,0.3769106711086163,"(0.373, 0.407]",0.3722627737226277
16349,0.25731167108369113,"(0.234, 0.269]",0.36923076923076925
16350,0.2982905555584081,"(0.269, 0.303]",0.3014705882352941
16351,0.294267569562522,"(0.269, 0.303]",0.21641791044776118
16352,0.18597593686076277,"(0.165, 0.2]",0.17647058823529413
16353,0.33143594697705236,"(0.303, 0.338]",0.15789473684210525
16354,0.2276364356797801,"(0.2, 0.234]",0.19083969465648856
16388,0.3570586316168595,"(0.338, 0.373]",0.5480225988700564
16389,0.44036302088970075,"(0.407, 0.442]",0.5833333333333334
16390,0.36688582572375317,"(0.338, 0.373]",0.5723270440251572
16400,0.28113833278618067,"(0.269, 0.303]",0.30303030303030304
16401,0.24253631924271712,"(0.234, 0.269]",0.21323529411764705
16402,0.37668487652661825,"(0.373, 0.407]",0.16666666666666666
16403,0.38408171968049853,"(0.373, 0.407]",0.1554054054054054
16404,0.3364784150164523,"(0.303, 0.338]",0.16417910447761194
16437,0.3655132091608001,"(0.338, 0.373]",0.5808383233532934
16438,0.32394710834776136,"(0.303, 0.338]",0.5294117647058824
16439,0.37215542820329595,"(0.338, 0.373]",0.5379746835443038
16440,0.42880959078997855,"(0.407, 0.442]",0.5128205128205128
16443,0.44031468027091997,"(0.407, 0.442]",0.4
16444,0.36656068129977815,"(0.338, 0.373]",0.3708609271523179
16445,0.3928550668125616,"(0.373, 0.407]",0.35333333333333333
16446,0.32269868170361765,"(0.303, 0.338]",0.30344827586206896
16450,0.25144205475298637,"(0.234, 0.269]",0.2676056338028169
16451,0.34586316838534326,"(0.338, 0.373]",0.2158273381294964
16452,0.33917951795634926,"(0.338, 0.373]",0.17777777777777778
16453,0.3578937423680169,"(0.338, 0.373]",0.15602836879432624
16488,0.3159596873102413,"(0.303, 0.338]",0.5266666666666666
16489,0.38233838226057326,"(0.373, 0.407]",0.474025974025974
16490,0.2666545573111534,"(0.234, 0.269]",0.4797297297297297
16491,0.32730580666463555,"(0.303, 0.338]",0.43870967741935485
16493,0.4414869160375275,"(0.407, 0.442]",0.35374149659863946
16494,0.40757787348056024,"(0.407, 0.442]",0.3333333333333333
16495,0.35746198711662497,"(0.338, 0.373]",0.33121019108280253
16496,0.2624929204259945,"(0.234, 0.269]",0.3333333333333333
16497,0.33260741175603853,"(0.303, 0.338]",0.3116883116883117
16498,0.27758819892099734,"(0.269, 0.303]",0.2638888888888889
16501,0.2632817398062404,"(0.234, 0.269]",0.21323529411764705
16502,0.31718473863445323,"(0.303, 0.338]",0.19852941176470587
16503,0.4533015954305918,"(0.442, 0.476]",0.16535433070866143
16504,0.351712139467691,"(0.338, 0.373]",0.13333333333333333
16505,0.26579303149485617,"(0.234, 0.269]",0.15079365079365079
16534,0.307614763261209,"(0.303, 0.338]",0.5373134328358209
16536,0.4373267176405968,"(0.407, 0.442]",0.417910447761194
16537,0.377194498534829,"(0.373, 0.407]",0.4027777777777778
16540,0.35854092786500597,"(0.338, 0.373]",0.36075949367088606
16541,0.38901741303823534,"(0.373, 0.407]",0.3355263157894737
16542,0.4300088055923107,"(0.407, 0.442]",0.32450331125827814
16543,0.43037153075851725,"(0.407, 0.442]",0.2867132867132867
16544,0.38602487167618615,"(0.373, 0.407]",0.23880597014925373
16545,0.33459950772767993,"(0.303, 0.338]",0.2116788321167883
16546,0.2616812392293423,"(0.234, 0.269]",0.18461538461538463
16547,0.25769313938976446,"(0.234, 0.269]",0.17692307692307693
16548,0.20866264208037777,"(0.2, 0.234]",0.1893939393939394
16549,0.3789555076994139,"(0.373, 0.407]",0.144
16550,0.341433905535165,"(0.338, 0.373]",0.11538461538461539
16551,0.30325140229755004,"(0.269, 0.303]",0.10833333333333334
16585,0.33705275988999966,"(0.303, 0.338]",0.2867132867132867
16586,0.33982371392260974,"(0.338, 0.373]",0.30656934306569344
16587,0.3173848929160127,"(0.303, 0.338]",0.2706766917293233
16588,0.3409523511232001,"(0.338, 0.373]",0.23846153846153847
16589,0.358266836233821,"(0.338, 0.373]",0.21804511278195488
16590,0.2593220072244516,"(0.234, 0.269]",0.1865671641791045
16591,0.2977350169097635,"(0.269, 0.303]",0.2028985507246377
16592,0.26443708248502645,"(0.234, 0.269]",0.2028985507246377
16593,0.3622959548767353,"(0.338, 0.373]",0.16176470588235295
16594,0.2290713007112128,"(0.2, 0.234]",0.1259259259259259
16595,0.26042592799443043,"(0.234, 0.269]",0.12598425196850394
16633,0.304652629765583,"(0.303, 0.338]",0.25806451612903225
16634,0.30926464154373046,"(0.303, 0.338]",0.23770491803278687
16635,0.32461389101652766,"(0.303, 0.338]",0.1935483870967742
16636,0.3429581372607441,"(0.338, 0.373]",0.18032786885245902
16637,0.386821503789763,"(0.373, 0.407]",0.17391304347826086
16638,0.26822987849461893,"(0.234, 0.269]",0.18382352941176472
16639,0.33449172108248,"(0.303, 0.338]",0.17142857142857143
16640,0.10829340855205749,"(0.0962, 0.131]",0.15714285714285714
16641,0.14707280533342384,"(0.131, 0.165]",0.1590909090909091
16675,0.4478873465141054,"(0.442, 0.476]",0.4117647058823529
16677,0.39676240138003455,"(0.373, 0.407]",0.27586206896551724
16678,0.44323442080206965,"(0.442, 0.476]",0.2631578947368421
16679,0.28041053379632236,"(0.269, 0.303]",0.2597402597402597
16680,0.3068416863688872,"(0.303, 0.338]",0.24444444444444444
16681,0.32052393383587285,"(0.303, 0.338]",0.24305555555555555
16683,0.3598295649527821,"(0.338, 0.373]",0.1984126984126984
16684,0.2915008093786468,"(0.269, 0.303]",0.1875
16685,0.4113115715020333,"(0.407, 0.442]",0.19672131147540983
16686,0.32322111815094007,"(0.303, 0.338]",0.1875
16687,0.3391727898528559,"(0.338, 0.373]",0.1773049645390071
16723,0.2925068830361606,"(0.269, 0.303]",0.4424778761061947
16725,0.3104960646988667,"(0.303, 0.338]",0.26119402985074625
16726,0.30858806038817926,"(0.303, 0.338]",0.25547445255474455
16727,0.34710274270776065,"(0.338, 0.373]",0.2517482517482518
16728,0.2323476389886844,"(0.2, 0.234]",0.24603174603174602
16729,0.37099932567118127,"(0.338, 0.373]",0.24806201550387597
16731,0.2579730089433665,"(0.234, 0.269]",0.1951219512195122
16732,0.38445474476936153,"(0.373, 0.407]",0.1889763779527559
16733,0.327794921972294,"(0.303, 0.338]",0.19083969465648856
16766,0.3679173746087906,"(0.338, 0.373]",0.5221238938053098
16767,0.3269853509469135,"(0.303, 0.338]",0.5128205128205128
16768,0.3720617571976493,"(0.338, 0.373]",0.4375
16769,0.22803927583862765,"(0.2, 0.234]",0.41935483870967744
16772,0.34460636069395817,"(0.338, 0.373]",0.4107142857142857
16773,0.28596262552195345,"(0.269, 0.303]",0.3025210084033613
16774,0.3730271695206562,"(0.373, 0.407]",0.20512820512820512
16775,0.3673159054898671,"(0.338, 0.373]",0.1951219512195122
16776,0.35724596071359477,"(0.338, 0.373]",0.1984126984126984
16777,0.31252879012509194,"(0.303, 0.338]",0.20512820512820512
16778,0.3796677269890279,"(0.373, 0.407]",0.1889763779527559
16779,0.4081449715795502,"(0.407, 0.442]",0.2
16780,0.3827034709787439,"(0.373, 0.407]",0.14615384615384616
16781,0.35424636968686296,"(0.338, 0.373]",0.15267175572519084
16814,0.4209391552765178,"(0.407, 0.442]",0.47115384615384615
16815,0.4362513890780072,"(0.407, 0.442]",0.3711340206185567
16816,0.3679453572467586,"(0.338, 0.373]",0.33620689655172414
16817,0.33324051619647443,"(0.303, 0.338]",0.37606837606837606
16818,0.38241699122570644,"(0.373, 0.407]",0.34285714285714286
16819,0.20026082303071946,"(0.2, 0.234]",0.3620689655172414
16820,0.08796502011300922,"(0.0617, 0.0962]",0.27350427350427353
16821,0.351895607659311,"(0.338, 0.373]",0.18421052631578946
16822,0.2450415146686678,"(0.234, 0.269]",0.1885245901639344
16823,0.35282294689614624,"(0.338, 0.373]",0.15702479338842976
16824,0.31063578620055915,"(0.303, 0.338]",0.17543859649122806
16825,0.3661471980694733,"(0.338, 0.373]",0.1774193548387097
16828,0.3538263693047371,"(0.338, 0.373]",0.17037037037037037
16864,0.42362987892991694,"(0.407, 0.442]",0.34375
16868,0.23786138377973257,"(0.234, 0.269]",0.2672413793103448
16869,0.3288841014300494,"(0.303, 0.338]",0.2072072072072072
16917,0.38286809779566705,"(0.373, 0.407]",0.29896907216494845
16918,0.33446238991159777,"(0.303, 0.338]",0.23958333333333334
16922,0.3192789577191023,"(0.303, 0.338]",0.256198347107438
16923,0.3940797212540986,"(0.373, 0.407]",0.19827586206896552
16924,0.3069266461689174,"(0.303, 0.338]",0.22123893805309736
16925,0.3089714680830879,"(0.303, 0.338]",0.1509433962264151
16926,0.3512323945579978,"(0.338, 0.373]",0.1592920353982301
16974,0.223404947893078,"(0.2, 0.234]",0.24742268041237114
16975,0.23941521210323832,"(0.234, 0.269]",0.19791666666666666
16976,0.28035733642603505,"(0.269, 0.303]",0.21621621621621623
16979,0.4114917150015864,"(0.407, 0.442]",0.27927927927927926
16980,0.31215141039801636,"(0.303, 0.338]",0.24770642201834864
16981,0.3275098659401647,"(0.303, 0.338]",0.2727272727272727
16982,0.34330206160216736,"(0.338, 0.373]",0.18
16983,0.30539485458614973,"(0.303, 0.338]",0.18018018018018017
17030,0.4086110093721242,"(0.407, 0.442]",0.40875912408759124
17036,0.22374366958882919,"(0.2, 0.234]",0.2682926829268293
17037,0.33388762358354207,"(0.303, 0.338]",0.23728813559322035
17038,0.3571471612347249,"(0.338, 0.373]",0.24
17039,0.2725572578611244,"(0.269, 0.303]",0.23076923076923078
17040,0.30540027129719005,"(0.303, 0.338]",0.19658119658119658
17041,0.28327621167026323,"(0.269, 0.303]",0.21875
17042,0.32519973805675145,"(0.303, 0.338]",0.16666666666666666
17043,0.285528786028517,"(0.269, 0.303]",0.17886178861788618
17076,0.39090197097842566,"(0.373, 0.407]",0.6974358974358974
17078,0.41467436812588965,"(0.407, 0.442]",0.6923076923076923
17079,0.2606689095860582,"(0.234, 0.269]",0.6597938144329897
17088,0.44044117341781486,"(0.407, 0.442]",0.3617021276595745
17089,0.40469678035555606,"(0.373, 0.407]",0.38095238095238093
17095,0.30932837244107514,"(0.303, 0.338]",0.2558139534883721
17096,0.3016389716058669,"(0.269, 0.303]",0.211864406779661
17097,0.36717666179760405,"(0.338, 0.373]",0.248
17098,0.38985110368790665,"(0.373, 0.407]",0.2661290322580645
17099,0.26119880348820473,"(0.234, 0.269]",0.24
17139,0.24858624857736328,"(0.234, 0.269]",0.6467065868263473
17140,0.32303734821137314,"(0.303, 0.338]",0.6172839506172839
17149,0.30514087273207174,"(0.303, 0.338]",0.3197278911564626
17150,0.38784266579738247,"(0.373, 0.407]",0.33557046979865773
17155,0.24611579338298492,"(0.234, 0.269]",0.2517482517482518
17156,0.2733055222445645,"(0.269, 0.303]",0.22627737226277372
17157,0.27497576394892687,"(0.269, 0.303]",0.18461538461538463
17158,0.3688155003216995,"(0.338, 0.373]",0.2222222222222222
17159,0.31995197258091956,"(0.303, 0.338]",0.25874125874125875
17201,0.35606150970438594,"(0.338, 0.373]",0.625
17211,0.3752168642029331,"(0.373, 0.407]",0.3120567375886525
17212,0.2404542201833151,"(0.234, 0.269]",0.3333333333333333
17213,0.306028542826348,"(0.303, 0.338]",0.2857142857142857
17214,0.3602574603798706,"(0.338, 0.373]",0.3230769230769231
17216,0.22174215012898416,"(0.2, 0.234]",0.24817518248175183
17217,0.333484723991864,"(0.303, 0.338]",0.2642857142857143
17218,0.23697129769702097,"(0.234, 0.269]",0.2265625
17219,0.0846429025097451,"(0.0617, 0.0962]",0.1875
17220,0.20910599716132527,"(0.2, 0.234]",0.22962962962962963
17273,0.3100119181015208,"(0.303, 0.338]",0.2814814814814815
17274,0.2052987086812853,"(0.2, 0.234]",0.3208955223880597
17275,0.43469200963669563,"(0.407, 0.442]",0.265625
17276,0.31184984643415653,"(0.303, 0.338]",0.2695035460992908
17277,0.23258005579215937,"(0.2, 0.234]",0.20437956204379562
17278,0.2681204207954878,"(0.234, 0.269]",0.13970588235294118
17279,0.06183054878510066,"(0.0617, 0.0962]",0.16279069767441862
17280,0.10083438066533792,"(0.0962, 0.131]",0.15315315315315314
17281,0.18228501003000627,"(0.165, 0.2]",0.17647058823529413
17282,0.25391865301897176,"(0.234, 0.269]",0.21875
17283,0.2832121545529629,"(0.269, 0.303]",0.25170068027210885
17328,0.3700029917991967,"(0.338, 0.373]",0.5038167938931297
17329,0.4143287626041843,"(0.407, 0.442]",0.4251968503937008
17340,0.35488904853587006,"(0.338, 0.373]",0.225
17341,0.2880588102144383,"(0.269, 0.303]",0.2421875
17342,0.2674130119707254,"(0.234, 0.269]",0.22535211267605634
17343,0.20118617296059524,"(0.2, 0.234]",0.19718309859154928
17344,-0.11045843101462959,"(-0.111, -0.0765]",0.19852941176470587
17345,0.22497080326991298,"(0.2, 0.234]",0.184
17346,-0.1801189398934801,"(-0.181, -0.146]",0.18548387096774194
17347,0.3179806220030549,"(0.303, 0.338]",0.18796992481203006
17348,0.24620675324644625,"(0.234, 0.269]",0.21379310344827587
17349,0.09844694877299544,"(0.0962, 0.131]",0.16993464052287582
17395,0.40836816265738396,"(0.407, 0.442]",0.4782608695652174
17400,0.29935563698125983,"(0.269, 0.303]",0.37681159420289856
17403,0.3687142903875727,"(0.338, 0.373]",0.2974683544303797
17404,0.23955499317054352,"(0.234, 0.269]",0.2569444444444444
17405,0.3083130745527383,"(0.303, 0.338]",0.22137404580152673
17406,0.2400968430431024,"(0.234, 0.269]",0.19047619047619047
17407,0.2742975571059693,"(0.269, 0.303]",0.2
17408,0.2866946209556934,"(0.269, 0.303]",0.19230769230769232
17409,0.3161509061127,"(0.303, 0.338]",0.19858156028368795
17410,0.3241126966265286,"(0.303, 0.338]",0.17647058823529413
17411,0.2786280299644337,"(0.269, 0.303]",0.17293233082706766
17412,0.31645265589800514,"(0.303, 0.338]",0.19166666666666668
17413,0.3127606614650931,"(0.303, 0.338]",0.1981981981981982
17467,0.2357249578119836,"(0.234, 0.269]",0.3671875
17470,0.2495565485679843,"(0.234, 0.269]",0.28
17471,0.35059918347392,"(0.338, 0.373]",0.22580645161290322
17472,0.22794564418690103,"(0.2, 0.234]",0.20279720279720279
17473,0.2916752704936278,"(0.269, 0.303]",0.1702127659574468
17474,0.3438113576354924,"(0.338, 0.373]",0.1875
17475,0.31691467623033354,"(0.303, 0.338]",0.183206106870229
17476,0.26096267041762766,"(0.234, 0.269]",0.1875
17477,0.3742976324247108,"(0.373, 0.407]",0.20833333333333334
17478,0.2839936374271331,"(0.269, 0.303]",0.18181818181818182
17480,0.35218012094704604,"(0.338, 0.373]",0.175
17528,0.3748291961511965,"(0.373, 0.407]",0.375
17529,0.40568685937045124,"(0.373, 0.407]",0.37583892617449666
17533,0.291825469432902,"(0.269, 0.303]",0.3709677419354839
17534,0.20361644869275036,"(0.2, 0.234]",0.3357142857142857
17535,0.24269690937679358,"(0.234, 0.269]",0.3233082706766917
17536,0.26990041038948376,"(0.269, 0.303]",0.2808219178082192
17537,0.23494633250938732,"(0.234, 0.269]",0.25333333333333335
17538,0.31671458740469055,"(0.303, 0.338]",0.2302158273381295
17539,0.3245770881484688,"(0.303, 0.338]",0.17293233082706766
17540,0.3109750248353126,"(0.303, 0.338]",0.19327731092436976
17541,0.394789800607288,"(0.373, 0.407]",0.18253968253968253
17542,0.3569123944221666,"(0.338, 0.373]",0.21014492753623187
17543,0.3419958462151649,"(0.338, 0.373]",0.24305555555555555
17544,0.40885951579978685,"(0.407, 0.442]",0.2012987012987013
17593,0.38073802492759323,"(0.373, 0.407]",0.3722627737226277
17594,0.39571240683722325,"(0.373, 0.407]",0.3881578947368421
17598,0.30935230535642555,"(0.303, 0.338]",0.3157894736842105
17599,0.2135296179711289,"(0.2, 0.234]",0.3220338983050847
17600,0.32728113237561884,"(0.303, 0.338]",0.2782608695652174
17601,0.22748341663588417,"(0.2, 0.234]",0.21804511278195488
17602,0.22776130832342084,"(0.2, 0.234]",0.1956521739130435
17603,0.30862369266717304,"(0.303, 0.338]",0.1619718309859155
17604,0.30432021034834555,"(0.303, 0.338]",0.1347517730496454
17605,0.32908226003284907,"(0.303, 0.338]",0.15447154471544716
17606,0.344269101479007,"(0.338, 0.373]",0.13636363636363635
17607,0.279868717723399,"(0.269, 0.303]",0.13970588235294118
17608,0.3020653046165444,"(0.269, 0.303]",0.15492957746478872
17648,0.39175325762338503,"(0.373, 0.407]",0.5961538461538461
17649,0.34669896536219424,"(0.338, 0.373]",0.5454545454545454
17650,0.3955384705541758,"(0.373, 0.407]",0.4900662251655629
17651,0.38853335074717177,"(0.373, 0.407]",0.4689655172413793
17652,0.4160880695452687,"(0.407, 0.442]",0.48148148148148145
17659,0.2607073369714822,"(0.234, 0.269]",0.30952380952380953
17660,0.3334287737612685,"(0.303, 0.338]",0.32061068702290074
17662,0.3759859285111405,"(0.373, 0.407]",0.3082706766917293
17664,0.35058870611253345,"(0.338, 0.373]",0.2682926829268293
17665,0.24977777784681907,"(0.234, 0.269]",0.2682926829268293
17666,0.16800422406956908,"(0.165, 0.2]",0.2644628099173554
17667,0.25150690055506614,"(0.234, 0.269]",0.248
17668,0.29471409820426714,"(0.269, 0.303]",0.24615384615384617
17670,0.3597020458899258,"(0.338, 0.373]",0.1984126984126984
17671,0.3405809636922177,"(0.338, 0.373]",0.17647058823529413
17714,0.3778427620360994,"(0.373, 0.407]",0.5068493150684932
17715,0.25843728718979064,"(0.234, 0.269]",0.4768211920529801
17716,0.44028596671696496,"(0.407, 0.442]",0.4125874125874126
17717,0.3201630601866415,"(0.303, 0.338]",0.39855072463768115
17718,0.14941570572893167,"(0.131, 0.165]",0.40458015267175573
17719,0.41969034938142374,"(0.407, 0.442]",0.352
17720,0.36519609297700956,"(0.338, 0.373]",0.3706896551724138
17723,0.41843912491423657,"(0.407, 0.442]",0.3130434782608696
17724,0.4091079600502231,"(0.407, 0.442]",0.2677165354330709
17725,0.4385469940618411,"(0.407, 0.442]",0.2644628099173554
17726,0.3479448479397624,"(0.338, 0.373]",0.2857142857142857
17728,0.2651704023391856,"(0.234, 0.269]",0.2867647058823529
17730,0.3712283728740403,"(0.338, 0.373]",0.26119402985074625
17731,0.29306532109714584,"(0.269, 0.303]",0.25
17732,0.3003764735257193,"(0.269, 0.303]",0.26515151515151514
17733,0.33621076666217736,"(0.303, 0.338]",0.24031007751937986
17734,0.4074714838110184,"(0.407, 0.442]",0.2459016393442623
17736,0.3773947813115161,"(0.373, 0.407]",0.18181818181818182
17791,0.36696442633763965,"(0.338, 0.373]",0.33613445378151263
17792,0.4096418345162702,"(0.407, 0.442]",0.264
17793,0.35885415589326336,"(0.338, 0.373]",0.2396694214876033
17794,0.23398558203484113,"(0.2, 0.234]",0.21014492753623187
17798,0.3324369110211746,"(0.303, 0.338]",0.25
17799,0.3051275757195518,"(0.303, 0.338]",0.25
17800,0.3777979731506727,"(0.373, 0.407]",0.2631578947368421
17801,0.341272499055014,"(0.338, 0.373]",0.23684210526315788
17802,0.31880756252660575,"(0.303, 0.338]",0.23008849557522124
17848,0.42187785313323023,"(0.407, 0.442]",0.5732484076433121
17850,0.40754245165974684,"(0.407, 0.442]",0.44966442953020136
17862,0.29469921175169406,"(0.269, 0.303]",0.2564102564102564
17863,0.354191351885412,"(0.338, 0.373]",0.211864406779661
17864,0.3472838642692169,"(0.338, 0.373]",0.19642857142857142
17865,0.3695932996554859,"(0.338, 0.373]",0.1897810218978102
17866,0.37811864776670967,"(0.373, 0.407]",0.2013888888888889
17867,0.21669527649664316,"(0.2, 0.234]",0.2108843537414966
17868,0.13525240457182214,"(0.131, 0.165]",0.2214765100671141
17869,0.3103420878526215,"(0.303, 0.338]",0.2446043165467626
17870,0.35821852221135564,"(0.338, 0.373]",0.2558139534883721
17871,0.39733292647618623,"(0.373, 0.407]",0.2627118644067797
17872,0.33518283734408644,"(0.303, 0.338]",0.25862068965517243
17873,0.31282327412023814,"(0.303, 0.338]",0.25663716814159293
17933,0.38731545054455596,"(0.373, 0.407]",0.23255813953488372
17934,0.40014976572928984,"(0.373, 0.407]",0.1937984496124031
17935,0.20723213318441122,"(0.2, 0.234]",0.18461538461538463
17936,0.2058486995466571,"(0.2, 0.234]",0.1836734693877551
17937,0.12759769867819032,"(0.0962, 0.131]",0.1780821917808219
17938,0.27510016627232053,"(0.269, 0.303]",0.1836734693877551
17939,0.08877298848511915,"(0.0617, 0.0962]",0.1780821917808219
17940,0.2848233017370772,"(0.269, 0.303]",0.18571428571428572
17941,0.32176984580310036,"(0.303, 0.338]",0.20300751879699247
17942,0.392899511784956,"(0.373, 0.407]",0.22764227642276422
17943,0.30839439750228387,"(0.303, 0.338]",0.2184873949579832
17988,0.3981961604248765,"(0.373, 0.407]",0.40875912408759124
17989,0.40955846455900274,"(0.407, 0.442]",0.38028169014084506
17990,0.38867391487068487,"(0.373, 0.407]",0.3643410852713178
17991,0.4265152203081443,"(0.407, 0.442]",0.3333333333333333
17992,0.37321151797749064,"(0.373, 0.407]",0.3142857142857143
17993,0.3620611289825136,"(0.338, 0.373]",0.3233082706766917
18002,0.30850667795012365,"(0.303, 0.338]",0.21897810218978103
18003,-0.020253833141786533,"(-0.042, -0.00742]",0.19402985074626866
18004,-0.009512593385877567,"(-0.042, -0.00742]",0.19852941176470587
18005,0.3327126765166397,"(0.303, 0.338]",0.19863013698630136
18006,0.2985695349674062,"(0.269, 0.303]",0.1678832116788321
18007,0.2841255923002761,"(0.269, 0.303]",0.15492957746478872
18008,0.2358118482305005,"(0.234, 0.269]",0.15384615384615385
18009,0.2592103326122414,"(0.234, 0.269]",0.14285714285714285
18056,0.3565121208217948,"(0.338, 0.373]",0.3358208955223881
18057,0.43202410063228824,"(0.407, 0.442]",0.3237410071942446
18058,0.36114831160338257,"(0.338, 0.373]",0.3008130081300813
18059,0.4239334934751592,"(0.407, 0.442]",0.26277372262773724
18060,0.374809953279068,"(0.373, 0.407]",0.24812030075187969
18061,0.3033612703468516,"(0.269, 0.303]",0.26119402985074625
18062,0.34271157056860313,"(0.338, 0.373]",0.24817518248175183
18067,0.33417410532079717,"(0.303, 0.338]",0.29133858267716534
18068,0.1744706952670351,"(0.165, 0.2]",0.2677165354330709
18069,0.1882825946425968,"(0.165, 0.2]",0.19696969696969696
18070,0.15703121516205545,"(0.131, 0.165]",0.18439716312056736
18071,0.2936746616206549,"(0.269, 0.303]",0.17857142857142858
18072,0.2906912740837592,"(0.269, 0.303]",0.17266187050359713
18073,0.3461933970999276,"(0.338, 0.373]",0.17857142857142858
18074,-0.14586949463069263,"(-0.181, -0.146]",0.1323529411764706
18075,0.18534596162862024,"(0.165, 0.2]",0.12318840579710146
18076,0.27283366894096944,"(0.269, 0.303]",0.13970588235294118
18123,0.39889859424164564,"(0.373, 0.407]",0.3493150684931507
18124,0.38710683482660047,"(0.373, 0.407]",0.31654676258992803
18125,0.34903598887070275,"(0.338, 0.373]",0.3181818181818182
18126,0.35316654412791226,"(0.338, 0.373]",0.291044776119403
18127,0.3238413455836199,"(0.303, 0.338]",0.2824427480916031
18128,0.3576497697822301,"(0.338, 0.373]",0.26153846153846155
18129,0.4177527243541597,"(0.407, 0.442]",0.21804511278195488
18130,0.27315207877067826,"(0.269, 0.303]",0.2824427480916031
18131,0.35398276194470824,"(0.338, 0.373]",0.2733812949640288
18132,0.2098814961463657,"(0.2, 0.234]",0.28888888888888886
18133,0.2818593216122934,"(0.269, 0.303]",0.2962962962962963
18134,0.3450094646309604,"(0.338, 0.373]",0.23846153846153847
18135,0.33781158082259677,"(0.303, 0.338]",0.224
18136,0.41522246998709667,"(0.407, 0.442]",0.19402985074626866
18137,-0.04306182778288246,"(-0.0765, -0.042]",0.1836734693877551
18138,0.25489794152295436,"(0.234, 0.269]",0.18831168831168832
18139,0.3048334563555059,"(0.303, 0.338]",0.17567567567567569
18140,0.25699909406246707,"(0.234, 0.269]",0.18620689655172415
18141,0.3090069484057359,"(0.303, 0.338]",0.15384615384615385
18180,0.36064744831797435,"(0.338, 0.373]",0.422360248447205
18182,0.4109003602458465,"(0.407, 0.442]",0.38064516129032255
18183,0.42599706944058136,"(0.407, 0.442]",0.32
18184,0.37812412009666346,"(0.373, 0.407]",0.34782608695652173
18185,0.31949558668169287,"(0.303, 0.338]",0.39416058394160586
18186,0.3641442678672866,"(0.338, 0.373]",0.34
18187,0.41063321221419874,"(0.407, 0.442]",0.3161290322580645
18188,0.20699079185544872,"(0.2, 0.234]",0.2808988764044944
18189,0.35148476247552723,"(0.338, 0.373]",0.23255813953488372
18190,0.4066526331615193,"(0.373, 0.407]",0.24390243902439024
18191,0.2743458369968587,"(0.269, 0.303]",0.2422360248447205
18192,0.3438100874760827,"(0.338, 0.373]",0.25
18193,0.3364748637437598,"(0.303, 0.338]",0.22857142857142856
18194,0.20104046233101605,"(0.2, 0.234]",0.20300751879699247
18195,0.3185444180712016,"(0.303, 0.338]",0.24603174603174602
18196,0.081014986968555,"(0.0617, 0.0962]",0.2426470588235294
18197,0.1813562297590498,"(0.165, 0.2]",0.2706766917293233
18198,0.33932852918041884,"(0.338, 0.373]",0.29770992366412213
18199,0.2934193128219283,"(0.269, 0.303]",0.2440944881889764
18200,0.33034415834834074,"(0.303, 0.338]",0.23387096774193547
18201,0.3892597148660178,"(0.373, 0.407]",0.18518518518518517
18202,0.40573503238606956,"(0.373, 0.407]",0.1610738255033557
18238,0.32989960099998195,"(0.303, 0.338]",0.3741935483870968
18239,0.40983873013724237,"(0.407, 0.442]",0.3355263157894737
18240,0.352181744713632,"(0.338, 0.373]",0.33112582781456956
18241,0.34531059427556676,"(0.338, 0.373]",0.3448275862068966
18242,0.3640510136087051,"(0.338, 0.373]",0.3358208955223881
18243,0.42169378785181294,"(0.407, 0.442]",0.36
18244,0.3948240069355702,"(0.373, 0.407]",0.36885245901639346
18245,0.33094486034668613,"(0.303, 0.338]",0.2923076923076923
18246,0.3157418004985641,"(0.303, 0.338]",0.26515151515151514
18247,0.3472002532150239,"(0.338, 0.373]",0.25333333333333335
18248,0.40717579279999216,"(0.407, 0.442]",0.22602739726027396
18249,0.3906882460506417,"(0.373, 0.407]",0.27007299270072993
18250,0.3764172297757516,"(0.373, 0.407]",0.26356589147286824
18251,0.27151706505657314,"(0.269, 0.303]",0.2727272727272727
18252,0.3159356082147274,"(0.303, 0.338]",0.27102803738317754
18253,0.22182127509899804,"(0.2, 0.234]",0.23
18254,0.24664929687976928,"(0.234, 0.269]",0.2871287128712871
18255,0.3554202327646609,"(0.338, 0.373]",0.2711864406779661
18256,0.34836451708712046,"(0.338, 0.373]",0.26956521739130435
18257,0.26371659717411083,"(0.234, 0.269]",0.2982456140350877
18258,0.33168761710549166,"(0.303, 0.338]",0.23728813559322035
18259,0.23057245594867412,"(0.2, 0.234]",0.21621621621621623
18260,0.323266687671278,"(0.303, 0.338]",0.16666666666666666
18348,0.27030106246829405,"(0.269, 0.303]",0.20155038759689922
18349,0.21509083312273736,"(0.2, 0.234]",0.18110236220472442
18350,0.299013193395483,"(0.269, 0.303]",0.16
18351,0.3127149266514789,"(0.303, 0.338]",0.16260162601626016
18352,0.25764181131817593,"(0.234, 0.269]",0.13157894736842105
18353,0.4137874775692341,"(0.407, 0.442]",0.16822429906542055
18354,0.4031830237392687,"(0.373, 0.407]",0.1810344827586207
18355,0.39510953474058785,"(0.373, 0.407]",0.23214285714285715
18356,0.34114060181378136,"(0.338, 0.373]",0.28695652173913044
18376,0.25460860632129945,"(0.234, 0.269]",0.19594594594594594
18377,0.2592292256211483,"(0.234, 0.269]",0.1830065359477124
18378,0.33311114208030956,"(0.303, 0.338]",0.1503267973856209
18379,0.38770956263162426,"(0.373, 0.407]",0.16447368421052633
18380,0.30527027960139286,"(0.303, 0.338]",0.14093959731543623
18381,0.2630937774529417,"(0.234, 0.269]",0.15384615384615385
18382,0.3737534454624134,"(0.373, 0.407]",0.18666666666666668
18383,0.3933077462033892,"(0.373, 0.407]",0.2206896551724138
18384,0.4232402854463611,"(0.407, 0.442]",0.28289473684210525
18388,0.4391253958272298,"(0.407, 0.442]",0.381294964028777
18389,0.36765825072899344,"(0.338, 0.373]",0.4626865671641791
18390,0.2441062652075633,"(0.234, 0.269]",0.4806201550387597
18414,0.3336830968680169,"(0.303, 0.338]",0.14084507042253522
18415,0.29155425489850073,"(0.269, 0.303]",0.1232876712328767
18416,0.39049784241008906,"(0.373, 0.407]",0.09655172413793103
18417,0.3034456887102636,"(0.269, 0.303]",0.1310344827586207
18418,0.30504602279221904,"(0.303, 0.338]",0.17266187050359713
18423,0.36842889255144773,"(0.338, 0.373]",0.38125
18424,0.3731887399227587,"(0.373, 0.407]",0.461038961038961
18425,0.4242961041604086,"(0.407, 0.442]",0.45751633986928103
18426,0.41226095206797586,"(0.407, 0.442]",0.5034013605442177
18451,0.4024100429026273,"(0.373, 0.407]",0.11851851851851852
18452,0.3258661833158539,"(0.303, 0.338]",0.1111111111111111
18453,0.36106103857428173,"(0.338, 0.373]",0.08108108108108109
18454,0.2903232304364112,"(0.269, 0.303]",0.12142857142857143
18455,0.367834055595751,"(0.338, 0.373]",0.1456953642384106
18460,0.40639003772971893,"(0.373, 0.407]",0.4090909090909091
18461,0.4362094926238355,"(0.407, 0.442]",0.4437869822485207
18462,0.4198860199995188,"(0.407, 0.442]",0.45454545454545453
18463,0.30101603351548284,"(0.269, 0.303]",0.48366013071895425
18465,0.4763265711020288,"(0.476, 0.511]",0.5443786982248521
18492,0.372374518080455,"(0.338, 0.373]",0.15503875968992248
18493,0.32175426535413626,"(0.303, 0.338]",0.09090909090909091
18494,0.3461456154074355,"(0.338, 0.373]",0.09090909090909091
18495,0.3246418358249808,"(0.303, 0.338]",0.08823529411764706
18496,0.3739750719475408,"(0.373, 0.407]",0.06521739130434782
18497,0.4174197963205226,"(0.407, 0.442]",0.12686567164179105
18498,0.39395844228015764,"(0.373, 0.407]",0.14743589743589744
18499,0.3940836877043623,"(0.373, 0.407]",0.23026315789473684
18500,0.3873034001564685,"(0.373, 0.407]",0.2787878787878788
18501,0.3780863655713403,"(0.373, 0.407]",0.2982456140350877
18502,0.36610402204643777,"(0.338, 0.373]",0.3567251461988304
18503,0.3838760835109147,"(0.373, 0.407]",0.3546511627906977
18504,0.3815047473619328,"(0.373, 0.407]",0.3935483870967742
18511,0.3865518580234496,"(0.373, 0.407]",0.5445026178010471
18513,0.2818126277546251,"(0.269, 0.303]",0.6285714285714286
18535,0.3142962156108865,"(0.303, 0.338]",0.15702479338842976
18536,0.28529458010774744,"(0.269, 0.303]",0.09433962264150944
18537,0.3456275028082898,"(0.338, 0.373]",0.05263157894736842
18538,0.21385729023810474,"(0.2, 0.234]",0.06766917293233082
18539,0.3577756938006801,"(0.338, 0.373]",0.06293706293706294
18540,0.3630645814011555,"(0.338, 0.373]",0.10416666666666667
18541,0.37454579281080497,"(0.373, 0.407]",0.15527950310559005
18542,0.38428483048776624,"(0.373, 0.407]",0.22727272727272727
18543,0.3885145214339011,"(0.373, 0.407]",0.2721518987341772
18544,0.39038153695111033,"(0.373, 0.407]",0.3048780487804878
18545,0.3868375749145888,"(0.373, 0.407]",0.34545454545454546
18546,0.41778034741409437,"(0.407, 0.442]",0.3391812865497076
18547,0.3290241313360125,"(0.303, 0.338]",0.35064935064935066
18548,0.3752027718365822,"(0.373, 0.407]",0.38961038961038963
18549,0.41099660155791967,"(0.407, 0.442]",0.45454545454545453
18550,0.43611603585579284,"(0.407, 0.442]",0.46808510638297873
18551,0.41720471668313297,"(0.407, 0.442]",0.50625
18552,0.35582319974112603,"(0.338, 0.373]",0.49375
18553,0.34320044738467087,"(0.338, 0.373]",0.5257731958762887
18554,0.30318206628553424,"(0.269, 0.303]",0.545
18555,0.3635999760679302,"(0.338, 0.373]",0.589622641509434
18556,0.3856366338641084,"(0.373, 0.407]",0.6129032258064516
18578,0.2799669496324833,"(0.269, 0.303]",0.11450381679389313
18579,0.18730966262162752,"(0.165, 0.2]",0.08620689655172414
18580,0.18886392496827256,"(0.165, 0.2]",0.04918032786885246
18581,0.33908966043881195,"(0.338, 0.373]",0.06153846153846154
18582,0.3476795779350555,"(0.338, 0.373]",0.072992700729927
18583,0.3036470593181547,"(0.303, 0.338]",0.1095890410958904
18584,0.39266181680326045,"(0.373, 0.407]",0.17073170731707318
18585,0.35614590664083456,"(0.338, 0.373]",0.2125
18586,0.3436000340563092,"(0.338, 0.373]",0.25157232704402516
18587,0.4368813058563302,"(0.407, 0.442]",0.2822085889570552
18588,0.36904834722744634,"(0.338, 0.373]",0.3081761006289308
18589,0.2658775719888282,"(0.234, 0.269]",0.3148148148148148
18590,0.374872434965125,"(0.373, 0.407]",0.3202614379084967
18591,0.32852197445485226,"(0.303, 0.338]",0.3525641025641026
18592,0.45465111206496134,"(0.442, 0.476]",0.40601503759398494
18593,0.4375046484556214,"(0.407, 0.442]",0.4246575342465753
18597,0.41678705725031834,"(0.407, 0.442]",0.5323383084577115
18598,0.2861539439735317,"(0.269, 0.303]",0.5714285714285714
18599,0.38686961603598363,"(0.373, 0.407]",0.5681818181818182
18600,0.4229335950683752,"(0.407, 0.442]",0.5909090909090909
18623,0.38896709178506095,"(0.373, 0.407]",0.1048951048951049
18624,0.2820637289795026,"(0.269, 0.303]",0.08870967741935484
18625,0.3642244849032972,"(0.338, 0.373]",0.06201550387596899
18626,0.31136178466293657,"(0.303, 0.338]",0.07518796992481203
18627,0.37562846464188715,"(0.373, 0.407]",0.08888888888888889
18628,0.37524125200305736,"(0.373, 0.407]",0.10596026490066225
18629,0.4267304096881054,"(0.407, 0.442]",0.15384615384615385
18630,0.42004270727762555,"(0.407, 0.442]",0.1858974358974359
18631,0.3407759808193761,"(0.338, 0.373]",0.20134228187919462
18632,0.3376500062891687,"(0.303, 0.338]",0.2981366459627329
18633,0.4038216684027958,"(0.373, 0.407]",0.2974683544303797
18634,0.38654412579743963,"(0.373, 0.407]",0.30434782608695654
18635,0.3889280174054635,"(0.373, 0.407]",0.34615384615384615
18638,0.4304646059303186,"(0.407, 0.442]",0.4266666666666667
18639,0.4111630123203454,"(0.407, 0.442]",0.4125
18641,0.4396804186583878,"(0.407, 0.442]",0.41954022988505746
18642,0.363716249935708,"(0.338, 0.373]",0.48066298342541436
18643,0.35793346797409026,"(0.338, 0.373]",0.5177664974619289
18644,0.35657979777564125,"(0.338, 0.373]",0.49504950495049505
18645,0.40561652053739666,"(0.373, 0.407]",0.5210526315789473
18646,0.3635838370637696,"(0.338, 0.373]",0.5
18647,0.4619807531102857,"(0.442, 0.476]",0.5263157894736842
18677,0.3452337370357649,"(0.338, 0.373]",0.11510791366906475
18678,0.24599127768533666,"(0.234, 0.269]",0.09701492537313433
18679,0.3366080833365828,"(0.303, 0.338]",0.08843537414965986
18680,0.4259915774949861,"(0.407, 0.442]",0.08441558441558442
18681,0.2686089643242819,"(0.234, 0.269]",0.09090909090909091
18682,0.33045156120144953,"(0.303, 0.338]",0.10909090909090909
18683,0.3857377846218563,"(0.373, 0.407]",0.15822784810126583
18684,0.3906007652435702,"(0.373, 0.407]",0.1987179487179487
18685,0.3490270670435239,"(0.338, 0.373]",0.21678321678321677
18686,0.38785088080816266,"(0.373, 0.407]",0.3103448275862069
18687,0.4008518161551756,"(0.373, 0.407]",0.2925170068027211
18688,0.44328087028875973,"(0.442, 0.476]",0.2866666666666667
18690,0.37914054516858586,"(0.373, 0.407]",0.30128205128205127
18692,0.4190948613581232,"(0.407, 0.442]",0.39880952380952384
18693,0.3462916474368627,"(0.338, 0.373]",0.38323353293413176
18695,0.3805558202098148,"(0.373, 0.407]",0.4251497005988024
18696,0.4094703093657744,"(0.407, 0.442]",0.44692737430167595
18697,0.375094762961896,"(0.373, 0.407]",0.4787234042553192
18698,0.37613523569330287,"(0.373, 0.407]",0.43575418994413406
18699,0.4030232023154349,"(0.373, 0.407]",0.47593582887700536
18700,0.38535033376899963,"(0.373, 0.407]",0.45989304812834225
18701,0.3507124780396234,"(0.338, 0.373]",0.5114942528735632
18702,0.41554148964344245,"(0.407, 0.442]",0.5542168674698795
18703,0.41171601293111537,"(0.407, 0.442]",0.5548780487804879
18704,0.4484004807351549,"(0.442, 0.476]",0.6273291925465838
18705,0.41515987677984617,"(0.407, 0.442]",0.6337209302325582
18712,0.25547862067699795,"(0.234, 0.269]",0.7634408602150538
18713,0.3802170228496065,"(0.373, 0.407]",0.7582417582417582
18739,0.2705861887262023,"(0.269, 0.303]",0.09032258064516129
18740,0.35619865749774754,"(0.338, 0.373]",0.08917197452229299
18741,0.18392947426242806,"(0.165, 0.2]",0.1038961038961039
18742,0.09557152641957434,"(0.0617, 0.0962]",0.08333333333333333
18743,0.3137755388739915,"(0.303, 0.338]",0.08904109589041095
18744,0.3293732731969176,"(0.303, 0.338]",0.09395973154362416
18745,0.2635901906494357,"(0.234, 0.269]",0.13013698630136986
18746,0.2992290799479949,"(0.269, 0.303]",0.16783216783216784
18747,0.3215502189412194,"(0.303, 0.338]",0.18309859154929578
18748,0.41648616433653235,"(0.407, 0.442]",0.2708333333333333
18749,0.4310110624314582,"(0.407, 0.442]",0.26573426573426573
18750,0.37101083945265895,"(0.338, 0.373]",0.28187919463087246
18757,0.33213338474600285,"(0.303, 0.338]",0.41916167664670656
18758,0.3458204089688311,"(0.338, 0.373]",0.44047619047619047
18759,0.4241083313829704,"(0.407, 0.442]",0.5028571428571429
18760,0.3371634843090467,"(0.303, 0.338]",0.43902439024390244
18761,0.42060231282597244,"(0.407, 0.442]",0.47368421052631576
18762,0.43350413173394853,"(0.407, 0.442]",0.45
18763,0.386698039113943,"(0.373, 0.407]",0.48214285714285715
18764,0.4106498187011584,"(0.407, 0.442]",0.5214723926380368
18765,0.41407450702957027,"(0.407, 0.442]",0.5357142857142857
18766,0.3965455182679483,"(0.373, 0.407]",0.6024844720496895
18767,0.4248979828641865,"(0.407, 0.442]",0.5818181818181818
18768,0.3535229216809808,"(0.338, 0.373]",0.5813953488372093
18769,0.31120691297484004,"(0.303, 0.338]",0.6149068322981367
18772,0.3185153552304959,"(0.303, 0.338]",0.7191489361702128
18773,0.31618455550102,"(0.303, 0.338]",0.7472527472527473
18774,0.3187444476226532,"(0.303, 0.338]",0.7576923076923077
18775,0.3041745943116414,"(0.303, 0.338]",0.7490196078431373
18778,0.3258849766568353,"(0.303, 0.338]",0.7348837209302326
18801,0.25029929381749094,"(0.234, 0.269]",0.11875
18802,0.31193456651067114,"(0.303, 0.338]",0.10059171597633136
18803,0.28065834985337845,"(0.269, 0.303]",0.10126582278481013
18804,0.3612396873258887,"(0.338, 0.373]",0.1320754716981132
18805,0.38569668956877806,"(0.373, 0.407]",0.14583333333333334
18806,0.37214145312087865,"(0.338, 0.373]",0.1956521739130435
18807,0.3537892989096808,"(0.338, 0.373]",0.21481481481481482
18808,0.17377539892135088,"(0.165, 0.2]",0.2733812949640288
18809,0.3115092451858509,"(0.303, 0.338]",0.2866666666666667
18810,0.40261953684790736,"(0.373, 0.407]",0.2911392405063291
18817,0.3586734640784262,"(0.338, 0.373]",0.39285714285714285
18818,0.3796085756776789,"(0.373, 0.407]",0.40119760479041916
18819,0.42684328623600076,"(0.407, 0.442]",0.4583333333333333
18820,0.43789696593611777,"(0.407, 0.442]",0.4557823129251701
18821,0.44144189772944664,"(0.407, 0.442]",0.461038961038961
18822,0.37759794282597503,"(0.373, 0.407]",0.47368421052631576
18823,0.2802413918318384,"(0.269, 0.303]",0.4864864864864865
18824,0.3519347599881043,"(0.338, 0.373]",0.47651006711409394
18827,0.39729890187089734,"(0.373, 0.407]",0.5
18828,0.3921901863869969,"(0.373, 0.407]",0.5121951219512195
18829,0.4180584307977946,"(0.407, 0.442]",0.5408805031446541
18830,0.44725218038055725,"(0.442, 0.476]",0.5714285714285714
18832,0.3416718298716148,"(0.338, 0.373]",0.6600985221674877
18833,0.41139077391583057,"(0.407, 0.442]",0.6891891891891891
18834,0.36575186015301725,"(0.338, 0.373]",0.6962616822429907
18835,0.32922674555980713,"(0.303, 0.338]",0.6956521739130435
18859,0.15415496231226034,"(0.131, 0.165]",0.10303030303030303
18860,0.165698052897994,"(0.165, 0.2]",0.08433734939759036
18861,0.36881859745949747,"(0.338, 0.373]",0.08387096774193549
18862,0.39658870398067314,"(0.373, 0.407]",0.12337662337662338
18863,0.3420208993552556,"(0.338, 0.373]",0.16428571428571428
18864,0.3712027103721965,"(0.338, 0.373]",0.22794117647058823
18865,0.378888782433483,"(0.373, 0.407]",0.25
18866,0.25415512402867696,"(0.234, 0.269]",0.2463768115942029
18867,0.21297004594346589,"(0.2, 0.234]",0.2611464968152866
18868,0.35889596990845496,"(0.338, 0.373]",0.23837209302325582
18869,0.36815996748110297,"(0.338, 0.373]",0.26285714285714284
18870,0.40359822420324704,"(0.373, 0.407]",0.27485380116959063
18871,0.3401129548213205,"(0.338, 0.373]",0.2752808988764045
18872,0.4345147420611266,"(0.407, 0.442]",0.2994011976047904
18873,0.3984055415133333,"(0.373, 0.407]",0.3
18874,0.3783583636191843,"(0.373, 0.407]",0.3387096774193548
18875,0.39572459342441796,"(0.373, 0.407]",0.3684210526315789
18876,0.3815726971825804,"(0.373, 0.407]",0.3657142857142857
18877,0.3819624355279082,"(0.373, 0.407]",0.4057142857142857
18878,0.39999314307525535,"(0.373, 0.407]",0.4276315789473684
18879,0.3801236677971283,"(0.373, 0.407]",0.4161490683229814
18880,0.315349236975368,"(0.303, 0.338]",0.4645161290322581
18881,0.369743788772345,"(0.338, 0.373]",0.4697986577181208
18882,0.41015098293121566,"(0.407, 0.442]",0.4430379746835443
18883,0.4164528251587302,"(0.407, 0.442]",0.4573170731707317
18884,0.40570762872532273,"(0.373, 0.407]",0.4662576687116564
18885,0.4044334147981711,"(0.373, 0.407]",0.43352601156069365
18886,0.4646303066951915,"(0.442, 0.476]",0.4482758620689655
18887,0.4042800931118007,"(0.373, 0.407]",0.46296296296296297
18888,0.34605036020024177,"(0.338, 0.373]",0.4857142857142857
18889,0.4156951412378606,"(0.407, 0.442]",0.5375722543352601
18890,0.30906907989555255,"(0.303, 0.338]",0.5833333333333334
18891,0.3996073642347223,"(0.373, 0.407]",0.6263157894736842
18892,0.3970844350492895,"(0.373, 0.407]",0.6483516483516484
18893,0.4417943723106242,"(0.442, 0.476]",0.6494845360824743
18916,0.2965082053601225,"(0.269, 0.303]",0.1337579617834395
18917,0.34314298975799884,"(0.338, 0.373]",0.13333333333333333
18918,0.3488324833507611,"(0.338, 0.373]",0.13815789473684212
18919,0.42512706555814817,"(0.407, 0.442]",0.17266187050359713
18920,0.41454011230070653,"(0.407, 0.442]",0.22142857142857142
18921,0.32902594993138323,"(0.303, 0.338]",0.2462686567164179
18922,0.13850789218193751,"(0.131, 0.165]",0.2518518518518518
18923,0.2489152121248584,"(0.234, 0.269]",0.25301204819277107
18924,0.2638046999603321,"(0.234, 0.269]",0.23563218390804597
18925,0.35460632534773734,"(0.338, 0.373]",0.25824175824175827
18926,0.3871433498455782,"(0.373, 0.407]",0.2833333333333333
18927,0.44353751968853844,"(0.442, 0.476]",0.28735632183908044
18928,0.41135870233074134,"(0.407, 0.442]",0.30246913580246915
18929,0.4229108728486193,"(0.407, 0.442]",0.3254437869822485
18930,0.4272347378933787,"(0.407, 0.442]",0.3409090909090909
18931,0.39988671805026615,"(0.373, 0.407]",0.35119047619047616
18932,0.44590442768814315,"(0.442, 0.476]",0.36904761904761907
18933,0.4010505089128006,"(0.373, 0.407]",0.3696969696969697
18934,0.4070037430585149,"(0.373, 0.407]",0.3931034482758621
18935,0.39787157763043046,"(0.373, 0.407]",0.38
18936,0.3541781604784687,"(0.338, 0.373]",0.40939597315436244
18937,0.30169149074135276,"(0.269, 0.303]",0.39436619718309857
18938,0.2005215583926057,"(0.2, 0.234]",0.3825503355704698
18939,0.41603876145141727,"(0.407, 0.442]",0.4195804195804196
18940,0.372814403195517,"(0.373, 0.407]",0.41379310344827586
18941,0.4299107661403049,"(0.407, 0.442]",0.4129032258064516
18942,0.3848720693396183,"(0.373, 0.407]",0.42138364779874216
18943,0.4166709889047186,"(0.407, 0.442]",0.45569620253164556
18944,0.29409682656239455,"(0.269, 0.303]",0.4880952380952381
18945,0.4116426401660192,"(0.407, 0.442]",0.5316455696202531
18946,0.41839679268245594,"(0.407, 0.442]",0.5476190476190477
18947,0.3771103458174018,"(0.373, 0.407]",0.5714285714285714
18970,0.3282424534215914,"(0.303, 0.338]",0.13855421686746988
18971,0.3522150460868972,"(0.338, 0.373]",0.15432098765432098
18972,0.4102267372501583,"(0.407, 0.442]",0.15527950310559005
18973,0.2773708041868193,"(0.269, 0.303]",0.18
18974,0.3519168455214252,"(0.338, 0.373]",0.24475524475524477
18975,0.23351187729115994,"(0.2, 0.234]",0.24615384615384617
18976,0.3331861952136653,"(0.303, 0.338]",0.2413793103448276
18977,0.27968542086710435,"(0.269, 0.303]",0.2640449438202247
18978,0.30089080970762666,"(0.269, 0.303]",0.22043010752688172
18979,0.42823601052214066,"(0.407, 0.442]",0.25252525252525254
18980,0.383633269654947,"(0.373, 0.407]",0.2833333333333333
18981,0.3300225845291109,"(0.303, 0.338]",0.26666666666666666
18982,0.386265774411243,"(0.373, 0.407]",0.27741935483870966
18983,0.35458346889117737,"(0.338, 0.373]",0.28846153846153844
18984,0.3281220438944651,"(0.303, 0.338]",0.2727272727272727
18985,0.3400136595044904,"(0.338, 0.373]",0.2911392405063291
18987,0.42817904942907103,"(0.407, 0.442]",0.3037974683544304
18989,0.35820868451491855,"(0.338, 0.373]",0.32075471698113206
18990,0.2743754861620645,"(0.269, 0.303]",0.3741935483870968
18991,0.39216319265181715,"(0.373, 0.407]",0.34415584415584416
18992,0.3378886502593962,"(0.303, 0.338]",0.32051282051282054
18993,0.3077460850297474,"(0.303, 0.338]",0.35294117647058826
18995,0.3759806296436439,"(0.373, 0.407]",0.3776223776223776
18998,0.39112201860435875,"(0.373, 0.407]",0.44508670520231214
18999,0.3251849441382893,"(0.303, 0.338]",0.45121951219512196
19000,0.3017844201211098,"(0.269, 0.303]",0.4578313253012048
19001,0.3764753662415526,"(0.373, 0.407]",0.46357615894039733
19002,0.35975264456077766,"(0.338, 0.373]",0.48322147651006714
19003,0.3587108851091749,"(0.338, 0.373]",0.48366013071895425
19026,0.2784762813261278,"(0.269, 0.303]",0.17880794701986755
19027,0.26803530313788887,"(0.234, 0.269]",0.1895424836601307
19028,0.37442453720294144,"(0.373, 0.407]",0.17105263157894737
19029,0.35632460742405514,"(0.338, 0.373]",0.17218543046357615
19030,0.2866885112376767,"(0.269, 0.303]",0.1917808219178082
19031,0.3477817218380874,"(0.338, 0.373]",0.1925925925925926
19032,0.21514920755868674,"(0.2, 0.234]",0.19047619047619047
19033,0.3272193519269466,"(0.303, 0.338]",0.22033898305084745
19034,0.2827464828229697,"(0.269, 0.303]",0.18518518518518517
19035,0.34123940519771123,"(0.338, 0.373]",0.21393034825870647
19036,0.3936969204846667,"(0.373, 0.407]",0.2594594594594595
19037,0.35931341562281016,"(0.338, 0.373]",0.24848484848484848
19038,0.4157482790528362,"(0.407, 0.442]",0.2847682119205298
19039,0.42729620150744424,"(0.407, 0.442]",0.2972972972972973
19040,0.36704992888961,"(0.338, 0.373]",0.271523178807947
19041,0.35958072919953893,"(0.338, 0.373]",0.2550335570469799
19042,0.38264306316895796,"(0.373, 0.407]",0.2653061224489796
19043,0.4460499896624277,"(0.442, 0.476]",0.24666666666666667
19045,0.29862359492198004,"(0.269, 0.303]",0.2847682119205298
19046,0.41266492553230144,"(0.407, 0.442]",0.3202614379084967
19047,0.4115423340827918,"(0.407, 0.442]",0.30718954248366015
19048,0.3503824893614166,"(0.338, 0.373]",0.3081761006289308
19049,0.3072258155698421,"(0.303, 0.338]",0.3146853146853147
19050,0.40811801621209276,"(0.407, 0.442]",0.2727272727272727
19054,0.3615363814944309,"(0.338, 0.373]",0.36904761904761907
19055,0.47210848637017333,"(0.442, 0.476]",0.3860759493670886
19056,0.4093472708370952,"(0.407, 0.442]",0.4012738853503185
19057,0.42089898397980385,"(0.407, 0.442]",0.42857142857142855
19079,0.3391413537191144,"(0.338, 0.373]",0.19047619047619047
19080,0.10743172070583704,"(0.0962, 0.131]",0.2185430463576159
19081,0.21335646367748295,"(0.2, 0.234]",0.21935483870967742
19082,0.33434362335530077,"(0.303, 0.338]",0.18064516129032257
19083,0.35837918332097535,"(0.338, 0.373]",0.15483870967741936
19084,0.2401366580133826,"(0.234, 0.269]",0.16216216216216217
19085,0.2988401087386794,"(0.269, 0.303]",0.15862068965517243
19086,0.32103993163638045,"(0.303, 0.338]",0.15436241610738255
19088,0.37192697668102076,"(0.338, 0.373]",0.15846994535519127
19089,0.363542182873832,"(0.338, 0.373]",0.18229166666666666
19090,0.4304788144403787,"(0.407, 0.442]",0.21666666666666667
19091,0.3370851205894894,"(0.303, 0.338]",0.2119205298013245
19092,0.4067373239642189,"(0.373, 0.407]",0.2191780821917808
19093,0.40846770606040317,"(0.407, 0.442]",0.26618705035971224
19099,0.37231396986661014,"(0.338, 0.373]",0.28104575163398693
19100,0.4107116645791467,"(0.407, 0.442]",0.32903225806451614
19101,0.3911734708813554,"(0.373, 0.407]",0.29936305732484075
19102,0.38686494616963973,"(0.373, 0.407]",0.2911392405063291
19103,0.32545569072767744,"(0.303, 0.338]",0.2971014492753623
19104,0.445082714598148,"(0.442, 0.476]",0.25
19112,0.43337336713968755,"(0.407, 0.442]",0.36153846153846153
19134,0.1867060333633681,"(0.165, 0.2]",0.20359281437125748
19135,0.37659045671942293,"(0.373, 0.407]",0.21142857142857144
19136,0.30430468889785617,"(0.303, 0.338]",0.17901234567901234
19137,0.3030420206370077,"(0.269, 0.303]",0.1497005988023952
19138,0.33835274078614336,"(0.338, 0.373]",0.13013698630136986
19139,0.24170465528393548,"(0.234, 0.269]",0.1310344827586207
19140,0.4093533785284349,"(0.407, 0.442]",0.1337579617834395
19144,0.395049584875443,"(0.373, 0.407]",0.19553072625698323
19145,0.2717124989628323,"(0.269, 0.303]",0.19078947368421054
19146,0.33850106478795944,"(0.338, 0.373]",0.15942028985507245
19147,0.36688211378726726,"(0.338, 0.373]",0.16030534351145037
19148,0.3411694088123523,"(0.338, 0.373]",0.15384615384615385
19149,0.3585066219350125,"(0.338, 0.373]",0.13138686131386862
19153,0.3827231059571325,"(0.373, 0.407]",0.23648648648648649
19154,0.42119535434504235,"(0.407, 0.442]",0.2708333333333333
19155,0.3898805547167545,"(0.373, 0.407]",0.2695035460992908
19156,0.4298567768653544,"(0.407, 0.442]",0.2827586206896552
19157,0.39778743031369124,"(0.373, 0.407]",0.2773722627737226
19164,0.4259147755313105,"(0.407, 0.442]",0.3284671532846715
19165,0.41997706715866023,"(0.407, 0.442]",0.3357664233576642
19188,0.20946139364091335,"(0.2, 0.234]",0.23699421965317918
19189,0.3008194771775501,"(0.269, 0.303]",0.21264367816091953
19190,0.32910825583386644,"(0.303, 0.338]",0.16470588235294117
19191,0.3618890002135129,"(0.338, 0.373]",0.10738255033557047
19192,0.3767712787974042,"(0.373, 0.407]",0.13157894736842105
19193,0.33758103659780414,"(0.303, 0.338]",0.1232876712328767
19198,0.3260290697766243,"(0.303, 0.338]",0.18831168831168832
19199,0.3440694923666895,"(0.338, 0.373]",0.14492753623188406
19200,0.35548981606449087,"(0.338, 0.373]",0.15748031496062992
19201,0.332319678187292,"(0.303, 0.338]",0.14754098360655737
19202,0.33029780956549354,"(0.303, 0.338]",0.12213740458015267
19203,0.4001547428289405,"(0.373, 0.407]",0.17482517482517482
19204,0.4037418949620346,"(0.373, 0.407]",0.15
19205,0.3519552383646951,"(0.338, 0.373]",0.1956521739130435
19206,0.3378268904211605,"(0.303, 0.338]",0.24087591240875914
19207,0.37089952545539834,"(0.338, 0.373]",0.2578125
19208,0.31982130056539393,"(0.303, 0.338]",0.288
19209,0.41742753999498283,"(0.407, 0.442]",0.3106060606060606
19210,0.2861896541046351,"(0.269, 0.303]",0.26717557251908397
19211,0.33442624562060386,"(0.303, 0.338]",0.25735294117647056
19213,0.37163828736567783,"(0.338, 0.373]",0.19310344827586207
19214,0.4090268266388878,"(0.407, 0.442]",0.22972972972972974
19215,0.40023920290585147,"(0.373, 0.407]",0.25165562913907286
19216,0.40763827549390963,"(0.407, 0.442]",0.26515151515151514
19217,0.3889087425529512,"(0.373, 0.407]",0.29133858267716534
19218,0.44880081269207006,"(0.442, 0.476]",0.3305084745762712
19245,0.4097429199835373,"(0.407, 0.442]",0.15757575757575756
19246,0.37830859872809475,"(0.373, 0.407]",0.15517241379310345
19247,0.2944665397607807,"(0.269, 0.303]",0.18085106382978725
19252,0.3116089511354619,"(0.303, 0.338]",0.15503875968992248
19254,0.3427044254204263,"(0.338, 0.373]",0.11538461538461539
19255,0.39464444471724025,"(0.373, 0.407]",0.17391304347826086
19256,0.3941866346726929,"(0.373, 0.407]",0.17985611510791366
19257,0.38385894577709534,"(0.373, 0.407]",0.22058823529411764
19258,0.2841755237272439,"(0.269, 0.303]",0.2230769230769231
19260,0.27597927492685975,"(0.269, 0.303]",0.21739130434782608
19261,0.2434670716763422,"(0.234, 0.269]",0.24561403508771928
19262,0.3070918353804437,"(0.303, 0.338]",0.211864406779661
19263,0.35423104746856204,"(0.338, 0.373]",0.23809523809523808
19264,0.2558614541890072,"(0.234, 0.269]",0.2152777777777778
19265,0.3562920505178454,"(0.338, 0.373]",0.18120805369127516
19266,0.3934516443455662,"(0.373, 0.407]",0.20408163265306123
19267,0.3637338084913591,"(0.338, 0.373]",0.2054794520547945
19268,0.35951099396179276,"(0.338, 0.373]",0.22413793103448276
19293,0.3695287886265167,"(0.338, 0.373]",0.13142857142857142
19294,0.4109192766149915,"(0.407, 0.442]",0.14534883720930233
19295,0.38922290033978374,"(0.373, 0.407]",0.15384615384615385
19296,0.4024928962263023,"(0.373, 0.407]",0.17857142857142858
19297,0.4217690021665706,"(0.407, 0.442]",0.20348837209302326
19298,0.36923820468506285,"(0.338, 0.373]",0.17142857142857143
19299,0.343708421065819,"(0.338, 0.373]",0.1783783783783784
19300,0.3608097395564771,"(0.338, 0.373]",0.17543859649122806
19301,0.36321604328671314,"(0.338, 0.373]",0.15862068965517243
19302,0.3513342687624542,"(0.338, 0.373]",0.16666666666666666
19303,0.26274372525299683,"(0.234, 0.269]",0.11304347826086956
19304,0.3024446253147778,"(0.269, 0.303]",0.12
19305,0.35149100490923685,"(0.338, 0.373]",0.15671641791044777
19306,0.37321949755795886,"(0.373, 0.407]",0.1678832116788321
19307,0.303156525865779,"(0.269, 0.303]",0.17164179104477612
19308,0.32647233474212833,"(0.303, 0.338]",0.17073170731707318
19312,0.38301716279216025,"(0.373, 0.407]",0.205607476635514
19313,0.3224571571848766,"(0.303, 0.338]",0.26956521739130435
19314,0.29752193813327,"(0.269, 0.303]",0.2230769230769231
19315,0.33046495042794977,"(0.303, 0.338]",0.176056338028169
19316,0.36413830345845266,"(0.338, 0.373]",0.18055555555555555
19317,0.30720615271299906,"(0.303, 0.338]",0.15172413793103448
19318,0.31768000426859544,"(0.303, 0.338]",0.16363636363636364
19341,0.32678231002830493,"(0.303, 0.338]",0.14035087719298245
19342,0.385421082241903,"(0.373, 0.407]",0.10588235294117647
19343,0.2922641142617284,"(0.269, 0.303]",0.12429378531073447
19344,0.36399093245057235,"(0.338, 0.373]",0.13372093023255813
19345,0.3279479776476373,"(0.303, 0.338]",0.16279069767441862
19346,0.3013070696442855,"(0.269, 0.303]",0.17714285714285713
19347,0.32385637157702535,"(0.303, 0.338]",0.13636363636363635
19348,0.3629807935451137,"(0.338, 0.373]",0.15300546448087432
19349,0.35267998155956704,"(0.338, 0.373]",0.16666666666666666
19350,0.3521627641197105,"(0.338, 0.373]",0.17687074829931973
19351,0.284470729058435,"(0.269, 0.303]",0.20300751879699247
19352,0.3507058364823176,"(0.338, 0.373]",0.1652892561983471
19353,0.35178507342884796,"(0.338, 0.373]",0.13821138211382114
19354,0.317534385234538,"(0.303, 0.338]",0.1417910447761194
19355,0.2412628244601032,"(0.234, 0.269]",0.15555555555555556
19356,0.2631631388121785,"(0.234, 0.269]",0.16153846153846155
19357,0.3429350056448248,"(0.338, 0.373]",0.15873015873015872
19361,0.37222439950101066,"(0.338, 0.373]",0.18518518518518517
19362,0.37256072611671903,"(0.373, 0.407]",0.19491525423728814
19363,0.37443469078100705,"(0.373, 0.407]",0.16417910447761194
19364,0.3383665147732509,"(0.338, 0.373]",0.1347517730496454
19365,0.2926859075154422,"(0.269, 0.303]",0.12318840579710146
19366,0.3550602740330004,"(0.338, 0.373]",0.11811023622047244
19390,0.340847179834981,"(0.338, 0.373]",0.13043478260869565
19391,0.37586838493094815,"(0.373, 0.407]",0.13020833333333334
19392,0.37609651589896453,"(0.373, 0.407]",0.13705583756345177
19393,0.35816223555734295,"(0.338, 0.373]",0.15135135135135136
19394,0.35925127820623326,"(0.338, 0.373]",0.15083798882681565
19395,0.3341827854943332,"(0.303, 0.338]",0.13872832369942195
19396,0.38860504285441894,"(0.373, 0.407]",0.16279069767441862
19397,0.36371604498044996,"(0.338, 0.373]",0.16477272727272727
19398,0.31513464219715154,"(0.303, 0.338]",0.19135802469135801
19399,0.28943748234258726,"(0.269, 0.303]",0.1891891891891892
19400,0.347408995340266,"(0.338, 0.373]",0.15827338129496402
19401,0.34341836626973005,"(0.338, 0.373]",0.1450381679389313
19402,0.2946152915879698,"(0.269, 0.303]",0.1366906474820144
19403,0.29795541616714777,"(0.269, 0.303]",0.1554054054054054
19404,0.3009643695352547,"(0.269, 0.303]",0.15492957746478872
19405,0.31311580099672426,"(0.303, 0.338]",0.1357142857142857
19409,0.3337942348161838,"(0.303, 0.338]",0.19008264462809918
19410,0.4009433775769956,"(0.373, 0.407]",0.2
19411,0.33347955525187933,"(0.303, 0.338]",0.16083916083916083
19412,0.3332890456526308,"(0.303, 0.338]",0.13380281690140844
19413,0.2659860275531277,"(0.234, 0.269]",0.12096774193548387
19437,0.30163933949038607,"(0.269, 0.303]",0.14705882352941177
19438,0.34003590733761807,"(0.338, 0.373]",0.14772727272727273
19439,0.3546506534111335,"(0.338, 0.373]",0.14285714285714285
19440,0.392416700170973,"(0.373, 0.407]",0.18285714285714286
19441,0.40711999906021556,"(0.407, 0.442]",0.192090395480226
19442,0.3361899196247966,"(0.303, 0.338]",0.19428571428571428
19443,0.24921690383089953,"(0.234, 0.269]",0.2
19444,0.30332949571328344,"(0.269, 0.303]",0.1871345029239766
19445,0.2951469603387141,"(0.269, 0.303]",0.19375
19446,0.3466798314344952,"(0.338, 0.373]",0.2
19447,0.35591663987731786,"(0.338, 0.373]",0.20567375886524822
19448,0.33006666340696694,"(0.303, 0.338]",0.16666666666666666
19449,0.3227826965570626,"(0.303, 0.338]",0.15555555555555556
19450,0.3045964713328703,"(0.303, 0.338]",0.13043478260869565
19451,0.3828376190605442,"(0.373, 0.407]",0.1079136690647482
19452,0.35468516859962623,"(0.338, 0.373]",0.1103448275862069
19457,0.426159651068712,"(0.407, 0.442]",0.18604651162790697
19458,0.4609540073068145,"(0.442, 0.476]",0.15267175572519084
19459,0.35421432474725617,"(0.338, 0.373]",0.11965811965811966
19484,0.35728560510677393,"(0.338, 0.373]",0.16265060240963855
19485,0.2743228678004098,"(0.269, 0.303]",0.14207650273224043
19486,0.2962770525352114,"(0.269, 0.303]",0.16393442622950818
19487,0.263868172903436,"(0.234, 0.269]",0.15591397849462366
19488,0.2809532273690465,"(0.269, 0.303]",0.17391304347826086
19489,0.25861364253495195,"(0.234, 0.269]",0.20121951219512196
19490,0.3288644896665145,"(0.303, 0.338]",0.19653179190751446
19491,0.307578236041067,"(0.303, 0.338]",0.19883040935672514
19492,0.3797728355075089,"(0.373, 0.407]",0.1746987951807229
19493,0.27452525650885606,"(0.269, 0.303]",0.16981132075471697
19494,0.18525177598092404,"(0.165, 0.2]",0.14074074074074075
19495,0.28891105919547383,"(0.269, 0.303]",0.12213740458015267
19496,0.28020184081058425,"(0.269, 0.303]",0.12598425196850394
19497,0.3977838898417433,"(0.373, 0.407]",0.1111111111111111
19498,0.29588849607516726,"(0.269, 0.303]",0.1048951048951049
19499,0.3804679619647566,"(0.373, 0.407]",0.09285714285714286
19500,0.23665162705938023,"(0.234, 0.269]",0.1079136690647482
19501,0.37446776428166,"(0.373, 0.407]",0.12408759124087591
19502,0.37224393641403875,"(0.338, 0.373]",0.12949640287769784
19503,0.3892267605326084,"(0.373, 0.407]",0.12318840579710146
19504,0.2891232292262689,"(0.269, 0.303]",0.09558823529411764
19505,0.3326847729225989,"(0.303, 0.338]",0.08333333333333333
19530,0.23856683811779272,"(0.234, 0.269]",0.17142857142857143
19531,0.3213523171244957,"(0.303, 0.338]",0.15028901734104047
19532,0.34282576263962594,"(0.338, 0.373]",0.16374269005847952
19533,0.3835151155389702,"(0.373, 0.407]",0.1870967741935484
19534,0.3296828543560274,"(0.303, 0.338]",0.1695906432748538
19535,0.3442866609171445,"(0.338, 0.373]",0.17159763313609466
19536,0.298252266754468,"(0.269, 0.303]",0.15384615384615385
19537,0.19992179708447733,"(0.2, 0.234]",0.1509433962264151
19538,0.21325315181627633,"(0.2, 0.234]",0.13986013986013987
19539,0.23565211135664807,"(0.234, 0.269]",0.13533834586466165
19540,0.3726011251921512,"(0.373, 0.407]",0.12878787878787878
19541,0.391756109124141,"(0.373, 0.407]",0.1056338028169014
19542,0.43259154455891535,"(0.407, 0.442]",0.0958904109589041
19543,0.37152615396966937,"(0.338, 0.373]",0.07333333333333333
19544,0.4169335085491317,"(0.407, 0.442]",0.09090909090909091
19545,0.3436906851006997,"(0.338, 0.373]",0.10294117647058823
19546,0.3778512371902821,"(0.373, 0.407]",0.10687022900763359
19547,0.352809078501554,"(0.338, 0.373]",0.10743801652892562
19548,0.3285171929478525,"(0.303, 0.338]",0.07476635514018691
19578,0.3968392912374977,"(0.373, 0.407]",0.152317880794702
19579,0.2982321560205531,"(0.269, 0.303]",0.14102564102564102
19580,0.30749787165548764,"(0.303, 0.338]",0.14
19581,0.24602073891759704,"(0.234, 0.269]",0.12
19582,0.3609076293650692,"(0.338, 0.373]",0.125
19583,0.41750217415629154,"(0.407, 0.442]",0.11450381679389313
19584,0.3772717238775217,"(0.373, 0.407]",0.09352517985611511
19585,0.3714838607763741,"(0.338, 0.373]",0.09022556390977443
19586,0.3064608870649105,"(0.303, 0.338]",0.06521739130434782
19587,0.3177327101110399,"(0.303, 0.338]",0.096
19588,0.3112421255444934,"(0.303, 0.338]",0.08849557522123894
19589,0.37063025290631085,"(0.338, 0.373]",0.08823529411764706
19618,0.400100493824731,"(0.373, 0.407]",0.15753424657534246
19619,0.39765044790881016,"(0.373, 0.407]",0.11538461538461539
19620,0.18570874281724595,"(0.165, 0.2]",0.11643835616438356
19621,0.28426823579788657,"(0.269, 0.303]",0.10666666666666667
19622,0.3901916708832912,"(0.373, 0.407]",0.11486486486486487
19623,0.38341311116748217,"(0.373, 0.407]",0.11971830985915492
19624,0.3556400677117976,"(0.338, 0.373]",0.10204081632653061
19625,0.40169270119452566,"(0.373, 0.407]",0.11428571428571428
19626,0.3816416933731398,"(0.373, 0.407]",0.08461538461538462
19627,0.35090108335744546,"(0.338, 0.373]",0.11764705882352941
19655,0.42241680820288036,"(0.407, 0.442]",0.17985611510791366
19656,0.41491377950438757,"(0.407, 0.442]",0.13970588235294118
19657,0.143772555623057,"(0.131, 0.165]",0.16153846153846155
19658,0.3655607431306309,"(0.338, 0.373]",0.14285714285714285
19659,0.32832919110473935,"(0.303, 0.338]",0.14788732394366197
19660,0.17156662006338488,"(0.165, 0.2]",0.13815789473684212
19661,0.29043195154938656,"(0.269, 0.303]",0.1292517006802721
19662,0.3424036063415344,"(0.338, 0.373]",0.14393939393939395
19663,0.3870475127004882,"(0.373, 0.407]",0.11504424778761062
19691,0.34408032958561335,"(0.338, 0.373]",0.1732283464566929
19694,0.3812457177722735,"(0.373, 0.407]",0.14960629921259844
19695,0.3360979520816085,"(0.303, 0.338]",0.1510791366906475
19696,0.35883464206156196,"(0.338, 0.373]",0.15827338129496402
19697,0.4564152016613802,"(0.442, 0.476]",0.144
19698,0.3603803843523378,"(0.338, 0.373]",0.18095238095238095
19726,0.30764337804479913,"(0.303, 0.338]",0.1721311475409836
19729,0.33606869846057097,"(0.303, 0.338]",0.18803418803418803
19731,0.3595235543070823,"(0.338, 0.373]",0.1810344827586207
19760,0.32804457615374355,"(0.303, 0.338]",0.14705882352941177
19761,0.31678864132129386,"(0.303, 0.338]",0.13533834586466165
19763,0.4150459499414266,"(0.407, 0.442]",0.17699115044247787
19791,0.27388761569113484,"(0.269, 0.303]",0.08333333333333333
19792,0.2871654238750064,"(0.269, 0.303]",0.09523809523809523
19822,0.29141541745060967,"(0.269, 0.303]",0.09375
20009,0.39220955411209396,"(0.373, 0.407]",0.15476190476190477
20019,0.43683465030794844,"(0.407, 0.442]",0.12903225806451613
20020,0.46712996015810226,"(0.442, 0.476]",0.13978494623655913
20030,0.4104819819342791,"(0.407, 0.442]",0.16161616161616163
20031,0.3729963413249973,"(0.373, 0.407]",0.11764705882352941
20032,0.24679237664368495,"(0.234, 0.269]",0.10948905109489052
20033,0.30462710973827667,"(0.303, 0.338]",0.14084507042253522
20042,0.3404889528875439,"(0.338, 0.373]",0.0821917808219178
20043,0.3622398752987577,"(0.338, 0.373]",0.12422360248447205
20044,0.39987092317444006,"(0.373, 0.407]",0.09142857142857143
20045,0.3436841046492023,"(0.338, 0.373]",0.09202453987730061
20046,0.37037062930442893,"(0.338, 0.373]",0.15436241610738255
20056,0.31074577837598333,"(0.303, 0.338]",0.0989010989010989
20057,0.3819926296585652,"(0.373, 0.407]",0.12254901960784313
20058,0.4173557118135069,"(0.407, 0.442]",0.09313725490196079
20059,0.33647487831747563,"(0.303, 0.338]",0.08333333333333333
20060,0.29437337276416686,"(0.269, 0.303]",0.14619883040935672
20061,0.36938272416207446,"(0.338, 0.373]",0.1223021582733813
20062,0.3236403746070539,"(0.303, 0.338]",0.13380281690140844
20070,0.29607487412920797,"(0.269, 0.303]",0.11518324607329843
20071,0.24827290099782637,"(0.234, 0.269]",0.08955223880597014
20072,0.3173083282404297,"(0.303, 0.338]",0.09649122807017543
20073,0.33003106031325224,"(0.303, 0.338]",0.08520179372197309
20074,0.4157366171594301,"(0.407, 0.442]",0.08780487804878048
20075,0.3536784438241812,"(0.338, 0.373]",0.16216216216216217
20076,0.32883341615763567,"(0.303, 0.338]",0.1564625850340136
20077,0.3269876380458713,"(0.303, 0.338]",0.1476510067114094
20085,0.33082718551310153,"(0.303, 0.338]",0.1276595744680851
20086,0.36591248274502547,"(0.338, 0.373]",0.09146341463414634
20087,0.3806441086510882,"(0.373, 0.407]",0.075
20088,0.40491296128925597,"(0.373, 0.407]",0.065
20089,0.41840240973713133,"(0.407, 0.442]",0.09359605911330049
20090,0.33512815884250097,"(0.303, 0.338]",0.13875598086124402
20091,0.24064380969362298,"(0.234, 0.269]",0.14534883720930233
20092,0.33126727338505124,"(0.303, 0.338]",0.15476190476190477
20101,0.3539950945420229,"(0.338, 0.373]",0.11864406779661017
20102,0.3394027203797579,"(0.338, 0.373]",0.08024691358024691
20103,0.3637963949743392,"(0.338, 0.373]",0.0736196319018405
20104,0.40011560933078294,"(0.373, 0.407]",0.09836065573770492
20105,0.3762080299172608,"(0.373, 0.407]",0.12195121951219512
20106,0.26465017794964996,"(0.234, 0.269]",0.1301775147928994
20107,0.2009973208596691,"(0.2, 0.234]",0.14457831325301204
20116,0.4286407595506478,"(0.407, 0.442]",0.1650485436893204
20117,0.3667210189104171,"(0.338, 0.373]",0.0975609756097561
20118,0.4456245801390041,"(0.442, 0.476]",0.06481481481481481
20119,0.3989215811033591,"(0.373, 0.407]",0.07017543859649122
20120,0.28971985288377466,"(0.269, 0.303]",0.11382113821138211
20121,0.4028241567887561,"(0.373, 0.407]",0.13286713286713286
20132,0.41021184967747204,"(0.407, 0.442]",0.19480519480519481
20133,0.31676563456321866,"(0.303, 0.338]",0.12698412698412698
20134,0.3512989367721046,"(0.338, 0.373]",0.0945945945945946
20135,0.33322401415795844,"(0.303, 0.338]",0.05405405405405406
20136,0.3579879848742533,"(0.338, 0.373]",0.10126582278481013
20137,0.31556280684527194,"(0.303, 0.338]",0.10752688172043011
20148,0.3390177647685433,"(0.338, 0.373]",0.16666666666666666
20149,0.35803926438332545,"(0.338, 0.373]",0.08
20182,0.41892630742995507,"(0.407, 0.442]",0.22916666666666666
20183,0.3893928266027,"(0.373, 0.407]",0.14285714285714285
20184,0.4522167003639858,"(0.442, 0.476]",0.22
20185,0.3706588180727313,"(0.338, 0.373]",0.19230769230769232
20186,0.335244900509246,"(0.303, 0.338]",0.2909090909090909
20196,0.38381062678707856,"(0.373, 0.407]",0.23170731707317074
20197,0.3812182404649202,"(0.373, 0.407]",0.17777777777777778
20198,0.3722845148386298,"(0.338, 0.373]",0.20253164556962025
20199,0.39645455173927363,"(0.373, 0.407]",0.1686746987951807
20200,0.40459227570992856,"(0.373, 0.407]",0.24705882352941178
20209,0.33749862835078276,"(0.303, 0.338]",0.5296803652968036
20210,0.22932953020665978,"(0.2, 0.234]",0.5025380710659898
20211,0.24968110043772337,"(0.234, 0.269]",0.5030674846625767
20212,0.33579403622128484,"(0.303, 0.338]",0.5177304964539007
20214,0.3155532098890144,"(0.303, 0.338]",0.23846153846153847
20215,0.3300876012227083,"(0.303, 0.338]",0.1836734693877551
20216,0.3767338570854052,"(0.373, 0.407]",0.1736111111111111
20217,0.40104891380638097,"(0.373, 0.407]",0.15584415584415584
20218,0.3383174428218972,"(0.338, 0.373]",0.19607843137254902
20227,0.24236294342823098,"(0.234, 0.269]",0.6359832635983264
20228,0.23948430636643805,"(0.234, 0.269]",0.5714285714285714
20229,0.3511221265642676,"(0.338, 0.373]",0.5485436893203883
20230,0.34833098596971984,"(0.338, 0.373]",0.5434782608695652
20231,0.345066068129534,"(0.338, 0.373]",0.4
20232,0.42754303306289637,"(0.407, 0.442]",0.348993288590604
20233,0.3985508569535821,"(0.373, 0.407]",0.24528301886792453
20234,0.35739725470682593,"(0.338, 0.373]",0.1791907514450867
20235,0.4106621533595523,"(0.407, 0.442]",0.16022099447513813
20236,0.3150114153000193,"(0.303, 0.338]",0.1414141414141414
20237,0.390661751827574,"(0.373, 0.407]",0.16826923076923078
20238,0.30007734491892174,"(0.269, 0.303]",0.16145833333333334
20246,0.24563622769228158,"(0.234, 0.269]",0.676595744680851
20247,0.2671739535128619,"(0.234, 0.269]",0.6318181818181818
20248,0.3673270113105818,"(0.338, 0.373]",0.6040609137055838
20249,0.37991975216151125,"(0.373, 0.407]",0.4625
20250,0.37225173267370937,"(0.338, 0.373]",0.3933333333333333
20251,0.391811812028258,"(0.373, 0.407]",0.28205128205128205
20252,0.31459936802845506,"(0.303, 0.338]",0.2345679012345679
20253,0.3984503199075308,"(0.373, 0.407]",0.16759776536312848
20254,0.32820428439247307,"(0.303, 0.338]",0.14427860696517414
20255,0.3947477779250152,"(0.373, 0.407]",0.12682926829268293
20256,0.32764263225390255,"(0.303, 0.338]",0.10714285714285714
20264,0.3670128980676523,"(0.338, 0.373]",0.41379310344827586
20265,0.3639775722296223,"(0.338, 0.373]",0.3355263157894737
20266,0.3037619253544882,"(0.303, 0.338]",0.24404761904761904
20267,0.35730730664816673,"(0.338, 0.373]",0.20348837209302326
20268,0.25900596912976476,"(0.234, 0.269]",0.15591397849462366
20269,0.33604208822661547,"(0.303, 0.338]",0.1377551020408163
20270,0.30073878541924176,"(0.269, 0.303]",0.11917098445595854
20271,0.3571852735475511,"(0.338, 0.373]",0.1016949152542373
20272,0.2672931072780099,"(0.234, 0.269]",0.12987012987012986
20273,0.3849639221017615,"(0.373, 0.407]",0.15328467153284672
20280,0.36204153397053945,"(0.338, 0.373]",0.44370860927152317
20281,0.3896419936241663,"(0.373, 0.407]",0.3546099290780142
20282,0.39793392340657513,"(0.373, 0.407]",0.26573426573426573
20283,0.3770752814569069,"(0.373, 0.407]",0.22556390977443608
20284,0.4181322069250114,"(0.407, 0.442]",0.16923076923076924
20285,0.3917711438645689,"(0.373, 0.407]",0.13178294573643412
20286,0.319947643573133,"(0.303, 0.338]",0.12213740458015267
20287,0.4025656571875904,"(0.373, 0.407]",0.09448818897637795
20288,0.295787261365304,"(0.269, 0.303]",0.15178571428571427
20289,0.27911321707003595,"(0.269, 0.303]",0.18018018018018017
20297,0.4388751122711764,"(0.407, 0.442]",0.38513513513513514
20298,0.4025772383297726,"(0.373, 0.407]",0.3419354838709677
20299,0.38077282286651837,"(0.373, 0.407]",0.28888888888888886
20300,0.4208491463105229,"(0.407, 0.442]",0.23214285714285715
20301,0.33908753621809284,"(0.338, 0.373]",0.17204301075268819
20302,0.4187705616245213,"(0.407, 0.442]",0.15
20303,0.30973117916552806,"(0.303, 0.338]",0.1125
20304,0.3989953764741156,"(0.373, 0.407]",0.18072289156626506
20305,0.2991936719131264,"(0.269, 0.303]",0.20987654320987653
20313,0.3954208404350564,"(0.373, 0.407]",0.38666666666666666
20314,0.4094344330519813,"(0.407, 0.442]",0.3333333333333333
20315,0.4060464940567693,"(0.373, 0.407]",0.2764227642276423
20316,0.4139058893645567,"(0.407, 0.442]",0.2289156626506024
20317,0.3491246570572663,"(0.338, 0.373]",0.14285714285714285
20318,0.3955525666238701,"(0.373, 0.407]",0.17857142857142858
20319,0.2804031150723292,"(0.269, 0.303]",0.2
20320,0.3679749892389851,"(0.338, 0.373]",0.19444444444444445
20321,0.32705701720183833,"(0.303, 0.338]",0.16279069767441862
20328,0.4090939413543924,"(0.407, 0.442]",0.44370860927152317
20329,0.3957181830354982,"(0.373, 0.407]",0.371900826446281
20330,0.3703899261283382,"(0.338, 0.373]",0.32558139534883723
20331,0.3914807270424379,"(0.373, 0.407]",0.23636363636363636
20332,0.4049471553540393,"(0.373, 0.407]",0.3783783783783784
20343,0.40316610655998686,"(0.373, 0.407]",0.4556213017751479
20344,0.41865537071947617,"(0.407, 0.442]",0.34
20345,0.3659995949898764,"(0.338, 0.373]",0.27419354838709675
20346,0.41257911123566726,"(0.407, 0.442]",0.1650485436893204
20347,0.37279638223555006,"(0.373, 0.407]",0.1797752808988764
20348,0.41001188743014744,"(0.407, 0.442]",0.21518987341772153
20349,0.3190017132768922,"(0.303, 0.338]",0.2222222222222222
20350,0.3511867804774427,"(0.338, 0.373]",0.2545454545454545
20360,0.39893075894971997,"(0.373, 0.407]",0.33112582781456956
20361,0.3686054451335858,"(0.338, 0.373]",0.25384615384615383
20362,0.3239653637849863,"(0.303, 0.338]",0.16129032258064516
20363,0.3085245268560031,"(0.303, 0.338]",0.168
20364,0.32260304745113677,"(0.303, 0.338]",0.1810344827586207
20365,0.30392312055506054,"(0.303, 0.338]",0.19791666666666666
20366,0.36506062151110363,"(0.338, 0.373]",0.22058823529411764
20376,0.4021535427344245,"(0.373, 0.407]",0.3559322033898305
20377,0.36005460549694573,"(0.338, 0.373]",0.25862068965517243
20378,0.35583971951437543,"(0.338, 0.373]",0.16483516483516483
20379,0.4130456267437139,"(0.407, 0.442]",0.17616580310880828
20380,0.39155913141610427,"(0.373, 0.407]",0.15060240963855423
20381,0.29566930378460593,"(0.269, 0.303]",0.1694915254237288
20382,0.37198412060263575,"(0.338, 0.373]",0.19718309859154928
20383,0.24030599202035305,"(0.234, 0.269]",0.13333333333333333
20392,0.3735626873961925,"(0.373, 0.407]",0.31746031746031744
20393,0.3910856425016996,"(0.373, 0.407]",0.21674876847290642
20394,0.408140746357369,"(0.407, 0.442]",0.18518518518518517
20395,0.4180100043203706,"(0.407, 0.442]",0.15053763440860216
20396,0.41129994338199044,"(0.407, 0.442]",0.144
20397,0.3816654084703959,"(0.373, 0.407]",0.17391304347826086
20398,0.3425558346130619,"(0.338, 0.373]",0.07407407407407407
20413,0.46220798075531044,"(0.442, 0.476]",0.35911602209944754
20414,0.41518462835254605,"(0.407, 0.442]",0.2857142857142857
20415,0.3558979505855588,"(0.338, 0.373]",0.23684210526315788
20416,0.4014692773899347,"(0.373, 0.407]",0.16666666666666666
20417,0.39175901028364973,"(0.373, 0.407]",0.18032786885245902
20418,0.39215247652173646,"(0.373, 0.407]",0.17857142857142858
20419,0.3666957151094771,"(0.338, 0.373]",0.1111111111111111
20434,0.38683545509533257,"(0.373, 0.407]",0.4550898203592814
20435,0.3927043610381031,"(0.373, 0.407]",0.35233160621761656
20436,0.4007042613405619,"(0.373, 0.407]",0.28426395939086296
20437,0.4261738892569299,"(0.407, 0.442]",0.23684210526315788
20438,0.37558798840748636,"(0.373, 0.407]",0.17721518987341772
20439,0.3959047010225693,"(0.373, 0.407]",0.1896551724137931
20440,0.3409244306520851,"(0.338, 0.373]",0.2268041237113402
20455,0.37256711771613055,"(0.373, 0.407]",0.46825396825396826
20456,0.38576517624726137,"(0.373, 0.407]",0.38509316770186336
20457,0.3876845133922605,"(0.373, 0.407]",0.3253012048192771
20458,0.3958967132772827,"(0.373, 0.407]",0.24855491329479767
20459,0.4162532618443534,"(0.407, 0.442]",0.21768707482993196
20460,0.3609851287581559,"(0.338, 0.373]",0.2
20461,0.3419449660967281,"(0.338, 0.373]",0.23684210526315788
20478,0.1954230327857188,"(0.165, 0.2]",0.6847826086956522
20479,0.4078176538432976,"(0.407, 0.442]",0.3644859813084112
20480,0.386444246634608,"(0.373, 0.407]",0.32608695652173914
20481,0.43113220066722335,"(0.407, 0.442]",0.29605263157894735
20482,0.4123845271071941,"(0.407, 0.442]",0.22285714285714286
20483,0.4202306320331556,"(0.407, 0.442]",0.21333333333333335
20493,0.20196672793039583,"(0.2, 0.234]",0.6708860759493671
20503,0.14984145561254428,"(0.131, 0.165]",0.7157894736842105
20504,0.36753783282491986,"(0.338, 0.373]",0.3258426966292135
20505,0.4818167288478851,"(0.476, 0.511]",0.37209302325581395
20506,0.4440406904632934,"(0.442, 0.476]",0.32679738562091504
20507,0.4295230391235493,"(0.407, 0.442]",0.2554347826086957
20522,0.43205459153259784,"(0.407, 0.442]",0.3073394495412844
20523,0.4206595895753006,"(0.407, 0.442]",0.35185185185185186
20535,0.41293176884489535,"(0.407, 0.442]",0.44554455445544555
20536,0.4305831669137326,"(0.407, 0.442]",0.4233576642335766
20537,0.4022297500303905,"(0.373, 0.407]",0.3712574850299401
20538,0.42983365204654156,"(0.407, 0.442]",0.2864864864864865
20541,0.3537929261310857,"(0.338, 0.373]",0.20261437908496732
20543,0.327159875623571,"(0.303, 0.338]",0.24427480916030533
20550,0.42822874599008015,"(0.407, 0.442]",0.2802197802197802
20551,0.35554192608766155,"(0.338, 0.373]",0.3493150684931507
20566,0.42751454574562625,"(0.407, 0.442]",0.5390070921985816
20567,0.34934858328494933,"(0.338, 0.373]",0.4645161290322581
20568,0.3670229987729933,"(0.338, 0.373]",0.3785310734463277
20569,0.367809994125431,"(0.338, 0.373]",0.29545454545454547
20570,0.37161655740819416,"(0.338, 0.373]",0.24561403508771928
20571,0.3356997334171046,"(0.303, 0.338]",0.21301775147928995
20572,0.40249429106056256,"(0.373, 0.407]",0.1962025316455696
20573,0.39045404259867506,"(0.373, 0.407]",0.24203821656050956
20574,0.3918936714115342,"(0.373, 0.407]",0.25384615384615383
20575,0.30908580948464826,"(0.303, 0.338]",0.26229508196721313
20581,0.4229961345190723,"(0.407, 0.442]",0.27071823204419887
20600,0.33046193555001113,"(0.303, 0.338]",0.33116883116883117
20602,0.3773771962173595,"(0.373, 0.407]",0.23333333333333334
20603,0.4032897555141714,"(0.373, 0.407]",0.19727891156462585
20604,0.3880618658567103,"(0.373, 0.407]",0.18181818181818182
20605,0.3330187538759669,"(0.303, 0.338]",0.2047244094488189
20606,0.30015441805404247,"(0.269, 0.303]",0.20634920634920634
20611,0.4386654586539305,"(0.407, 0.442]",0.3254437869822485
20612,0.29480794791525056,"(0.269, 0.303]",0.3609467455621302
20630,0.2386225074406243,"(0.234, 0.269]",0.5402843601895735
20631,0.2936917421240826,"(0.269, 0.303]",0.4574468085106383
20632,0.27693596768597456,"(0.269, 0.303]",0.3717948717948718
20633,0.3281215919892315,"(0.303, 0.338]",0.2518518518518518
20634,0.32341860926436145,"(0.303, 0.338]",0.24242424242424243
20635,0.3780201591800968,"(0.373, 0.407]",0.21052631578947367
20636,0.3777529017833535,"(0.373, 0.407]",0.18439716312056736
20637,0.3508759722634189,"(0.338, 0.373]",0.1796875
20638,0.3848280234088848,"(0.373, 0.407]",0.19708029197080293
20643,0.35843256418283026,"(0.338, 0.373]",0.5707964601769911
20644,0.29674996252098923,"(0.269, 0.303]",0.6816326530612244
20658,0.14132821920829083,"(0.131, 0.165]",0.6297872340425532
20659,0.2294750695983382,"(0.2, 0.234]",0.5627906976744186
20660,0.3365677893171805,"(0.303, 0.338]",0.18181818181818182
20661,0.3951359289025223,"(0.373, 0.407]",0.19672131147540983
20662,0.39437510116539426,"(0.373, 0.407]",0.20437956204379562
20668,0.3230155379174898,"(0.303, 0.338]",0.6304347826086957
20682,0.25499290077918163,"(0.234, 0.269]",0.6153846153846154
20683,0.2361086672021042,"(0.234, 0.269]",0.5714285714285714
20684,0.3863848207732814,"(0.373, 0.407]",0.15966386554621848
20691,0.19079562681599826,"(0.165, 0.2]",0.6984732824427481
20693,0.279036233366634,"(0.269, 0.303]",0.7016393442622951
20703,0.3153873311214903,"(0.303, 0.338]",0.6626016260162602
20721,0.29319098147601425,"(0.269, 0.303]",0.6444444444444445
20722,0.3121888504611091,"(0.303, 0.338]",0.6071428571428571
20729,0.33746401065812504,"(0.303, 0.338]",0.6286919831223629
20730,0.35834189661756094,"(0.338, 0.373]",0.5663716814159292
20801,0.0333815464370209,"(0.0271, 0.0617]",0.22105263157894736
20822,0.36404400966853273,"(0.338, 0.373]",0.2302158273381295
20823,0.4297275208645971,"(0.407, 0.442]",0.22916666666666666
20824,0.30844993403588805,"(0.303, 0.338]",0.20155038759689922
20825,0.29721783323670964,"(0.269, 0.303]",0.1721311475409836
20848,0.2714195372559748,"(0.269, 0.303]",0.2138728323699422
20849,0.35370480750769623,"(0.338, 0.373]",0.19318181818181818
20850,0.36577055017208726,"(0.338, 0.373]",0.17261904761904762
20851,0.4485542012140188,"(0.442, 0.476]",0.1554054054054054
20852,0.3434070507039204,"(0.338, 0.373]",0.15966386554621848
20873,0.3158514829337854,"(0.303, 0.338]",0.13580246913580246
20875,0.2684343441956776,"(0.234, 0.269]",0.17032967032967034
20876,0.2901693803074382,"(0.269, 0.303]",0.15384615384615385
20877,0.39851597989728144,"(0.373, 0.407]",0.13068181818181818
20878,0.3556676540127447,"(0.338, 0.373]",0.14705882352941177
20879,0.3534404456825465,"(0.338, 0.373]",0.1592356687898089
20880,0.3698268770523777,"(0.338, 0.373]",0.19863013698630136
20881,0.35686487225592883,"(0.338, 0.373]",0.23776223776223776
20882,0.39955765535795923,"(0.373, 0.407]",0.2558139534883721
20904,0.27321952855854703,"(0.269, 0.303]",0.14893617021276595
20905,0.31530968673466864,"(0.303, 0.338]",0.15508021390374332
20906,0.29241084923532445,"(0.269, 0.303]",0.12568306010928962
20907,0.33777166604045483,"(0.303, 0.338]",0.1511627906976744
20908,0.318261393720524,"(0.303, 0.338]",0.16759776536312848
20909,0.4225355720930694,"(0.407, 0.442]",0.19767441860465115
20910,0.36995887797376764,"(0.338, 0.373]",0.2469879518072289
20911,0.4316544531972121,"(0.407, 0.442]",0.267515923566879
20913,0.4072929645892952,"(0.407, 0.442]",0.34513274336283184
20914,0.3942784022595884,"(0.373, 0.407]",0.3490566037735849
20936,0.27413981083154604,"(0.269, 0.303]",0.0962566844919786
20937,0.31283939559406937,"(0.303, 0.338]",0.10270270270270271
20938,0.32152267525063066,"(0.303, 0.338]",0.08888888888888889
20939,0.3537580473707798,"(0.338, 0.373]",0.11494252873563218
20940,0.31611256422667566,"(0.303, 0.338]",0.14450867052023122
20941,0.25236083004886456,"(0.234, 0.269]",0.18633540372670807
20942,0.3385455872400926,"(0.338, 0.373]",0.2375
20943,0.33311805674700956,"(0.303, 0.338]",0.24503311258278146
20944,0.40739830351033496,"(0.407, 0.442]",0.30578512396694213
20945,0.326811978036871,"(0.303, 0.338]",0.3064516129032258
20946,0.406249334865583,"(0.373, 0.407]",0.33088235294117646
20947,0.4681724795820459,"(0.442, 0.476]",0.35507246376811596
20948,0.424565535654466,"(0.407, 0.442]",0.3591549295774648
20970,0.24895354245185713,"(0.234, 0.269]",0.06666666666666667
20971,0.25689831645950684,"(0.234, 0.269]",0.07738095238095238
20972,0.20603653938952504,"(0.2, 0.234]",0.06790123456790123
20973,0.3784548379426189,"(0.373, 0.407]",0.11728395061728394
20974,0.376646863104306,"(0.373, 0.407]",0.1901840490797546
20975,0.34939862789039433,"(0.338, 0.373]",0.23076923076923078
20976,0.42875033031953896,"(0.407, 0.442]",0.2611464968152866
20977,0.25313988448842933,"(0.234, 0.269]",0.2620689655172414
20978,0.3860011314607299,"(0.373, 0.407]",0.24369747899159663
20979,0.3885093724630566,"(0.373, 0.407]",0.272
20980,0.4604532515990522,"(0.442, 0.476]",0.3263888888888889
20981,0.4381575355642871,"(0.407, 0.442]",0.35947712418300654
20982,0.4372772261081841,"(0.407, 0.442]",0.3902439024390244
20983,0.4546253328712948,"(0.442, 0.476]",0.4339622641509434
20984,0.3330993409726365,"(0.303, 0.338]",0.46153846153846156
21005,0.2404261913364039,"(0.234, 0.269]",0.08383233532934131
21006,0.31600213422220635,"(0.303, 0.338]",0.09933774834437085
21007,0.35423189686489664,"(0.338, 0.373]",0.10457516339869281
21008,0.3531803364711975,"(0.338, 0.373]",0.1337579617834395
21009,0.27530957641641607,"(0.269, 0.303]",0.2064516129032258
21010,0.32761896961501646,"(0.303, 0.338]",0.24
21011,0.3306521608147824,"(0.303, 0.338]",0.25333333333333335
21012,0.3126044136327303,"(0.303, 0.338]",0.2602739726027397
21013,0.40536657974725354,"(0.373, 0.407]",0.23134328358208955
21014,0.40864883703643795,"(0.407, 0.442]",0.27007299270072993
21015,0.3576515971302416,"(0.338, 0.373]",0.3310344827586207
21016,0.3850201917226961,"(0.373, 0.407]",0.36666666666666664
21017,0.41820085998510276,"(0.407, 0.442]",0.42105263157894735
21018,0.4006264953499245,"(0.373, 0.407]",0.4697986577181208
21019,0.32970129946761173,"(0.303, 0.338]",0.46258503401360546
21020,0.36289946720306554,"(0.338, 0.373]",0.5294117647058824
21021,0.36356042174194847,"(0.338, 0.373]",0.5686274509803921
21043,0.3363662061174646,"(0.303, 0.338]",0.08280254777070063
21044,0.3494125490913496,"(0.338, 0.373]",0.08
21045,0.38838239020167353,"(0.373, 0.407]",0.10810810810810811
21046,0.2882065405995818,"(0.269, 0.303]",0.11801242236024845
21047,0.3327377508844679,"(0.303, 0.338]",0.17419354838709677
21048,0.35175924653741564,"(0.338, 0.373]",0.21428571428571427
21049,0.4069721610961731,"(0.373, 0.407]",0.21621621621621623
21050,0.25286640634733587,"(0.234, 0.269]",0.22388059701492538
21051,0.3905434219668809,"(0.373, 0.407]",0.20930232558139536
21052,0.31465355413099905,"(0.303, 0.338]",0.2624113475177305
21053,0.32386036661809764,"(0.303, 0.338]",0.3355263157894737
21054,0.402496426200488,"(0.373, 0.407]",0.391304347826087
21055,0.4247181017182344,"(0.407, 0.442]",0.4573170731707317
21056,0.419219984587598,"(0.407, 0.442]",0.48717948717948717
21057,0.4220388766371965,"(0.407, 0.442]",0.45394736842105265
21058,0.4276370534201322,"(0.407, 0.442]",0.48366013071895425
21059,0.2809968394288448,"(0.269, 0.303]",0.5263157894736842
21060,0.2659164968534583,"(0.234, 0.269]",0.5562130177514792
21082,0.33375122949641195,"(0.303, 0.338]",0.10204081632653061
21083,0.38408241741055665,"(0.373, 0.407]",0.0875
21084,0.35287638654382386,"(0.338, 0.373]",0.08666666666666667
21085,0.29459799451796187,"(0.269, 0.303]",0.14189189189189189
21086,0.3610261311532976,"(0.338, 0.373]",0.15584415584415584
21087,0.318494707401953,"(0.303, 0.338]",0.19745222929936307
21088,0.396742388696354,"(0.373, 0.407]",0.2214765100671141
21089,0.3922628584686367,"(0.373, 0.407]",0.19745222929936307
21090,0.3079960667731858,"(0.303, 0.338]",0.20945945945945946
21091,0.3468604094324879,"(0.338, 0.373]",0.20567375886524822
21092,0.375211454692988,"(0.373, 0.407]",0.2662337662337662
21093,0.3175720758655894,"(0.303, 0.338]",0.31788079470198677
21094,0.42902790710331823,"(0.407, 0.442]",0.36075949367088606
21095,0.3759721785027988,"(0.373, 0.407]",0.41935483870967744
21097,0.41699729671928115,"(0.407, 0.442]",0.39473684210526316
21098,0.4054305822740987,"(0.373, 0.407]",0.43243243243243246
21121,0.3856084456320663,"(0.373, 0.407]",0.10666666666666667
21122,0.30619305762507654,"(0.303, 0.338]",0.12269938650306748
21123,0.32511455065994754,"(0.303, 0.338]",0.12643678160919541
21124,0.41829289636830685,"(0.407, 0.442]",0.11377245508982035
21125,0.3438153607661067,"(0.338, 0.373]",0.16352201257861634
21126,0.4014619238615839,"(0.373, 0.407]",0.16883116883116883
21127,0.4340457901107656,"(0.407, 0.442]",0.17419354838709677
21128,0.38955505746570773,"(0.373, 0.407]",0.2013888888888889
21129,0.339205816448779,"(0.338, 0.373]",0.18633540372670807
21130,0.40976170819363433,"(0.407, 0.442]",0.2
21131,0.32266829410637554,"(0.303, 0.338]",0.22602739726027396
21132,0.361669451190392,"(0.338, 0.373]",0.26875
21133,0.43338681994126804,"(0.407, 0.442]",0.2986111111111111
21166,0.31953066020677606,"(0.303, 0.338]",0.10135135135135136
21167,0.32279953063993044,"(0.303, 0.338]",0.11801242236024845
21168,0.26489784792174476,"(0.234, 0.269]",0.13142857142857142
21169,0.3726434649449729,"(0.373, 0.407]",0.11797752808988764
21170,0.3784407609219906,"(0.373, 0.407]",0.16560509554140126
21171,0.374769425571365,"(0.373, 0.407]",0.1870967741935484
21172,0.37951096740961177,"(0.373, 0.407]",0.1794871794871795
21173,0.40893958571451794,"(0.407, 0.442]",0.2152777777777778
21174,0.4230028607308134,"(0.407, 0.442]",0.22641509433962265
21175,0.42196260610063885,"(0.407, 0.442]",0.2361111111111111
21176,0.3541408413461235,"(0.338, 0.373]",0.2571428571428571
21177,0.3707074376023035,"(0.338, 0.373]",0.28205128205128205
21178,0.3785999148346574,"(0.373, 0.407]",0.271523178807947
21179,0.36918394099748997,"(0.338, 0.373]",0.2716049382716049
21180,0.393393408742782,"(0.373, 0.407]",0.31952662721893493
21182,0.3582034907170053,"(0.338, 0.373]",0.3674698795180723
21183,0.4157832335386248,"(0.407, 0.442]",0.4155844155844156
21184,0.3858813308672584,"(0.373, 0.407]",0.4697986577181208
21185,0.3089871548056317,"(0.303, 0.338]",0.5208333333333334
21190,0.3429147251879511,"(0.338, 0.373]",0.525
21191,0.30130763960544893,"(0.269, 0.303]",0.5621621621621622
21215,0.33767879573084186,"(0.303, 0.338]",0.10967741935483871
21216,0.32450112145849985,"(0.303, 0.338]",0.1144578313253012
21217,0.363260899265332,"(0.338, 0.373]",0.1404494382022472
21218,0.22377179036677683,"(0.2, 0.234]",0.14285714285714285
21219,0.15886554751467985,"(0.131, 0.165]",0.18181818181818182
21220,0.35303278635995583,"(0.338, 0.373]",0.20382165605095542
21221,0.2773769611954447,"(0.269, 0.303]",0.21153846153846154
21222,0.43973977148616744,"(0.407, 0.442]",0.23333333333333334
21223,0.3763480395303578,"(0.373, 0.407]",0.24375
21224,0.37371907016911204,"(0.373, 0.407]",0.23870967741935484
21225,0.4167444763967548,"(0.407, 0.442]",0.2356687898089172
21226,0.3875595930943147,"(0.373, 0.407]",0.2422360248447205
21227,0.39315529846207176,"(0.373, 0.407]",0.2532467532467532
21228,0.41916904634243296,"(0.407, 0.442]",0.25
21229,0.4154145271388664,"(0.407, 0.442]",0.3076923076923077
21230,0.4343257876352206,"(0.407, 0.442]",0.3333333333333333
21231,0.39494660448052127,"(0.373, 0.407]",0.32571428571428573
21232,0.4348154674129769,"(0.407, 0.442]",0.3625
21233,0.42851989456478545,"(0.407, 0.442]",0.38271604938271603
21234,0.3656971008326386,"(0.338, 0.373]",0.4315068493150685
21239,0.3779040205233839,"(0.373, 0.407]",0.4189189189189189
21240,0.3729546813943459,"(0.373, 0.407]",0.4675324675324675
21241,0.35100961218774945,"(0.338, 0.373]",0.5146198830409356
21248,0.27625080487737846,"(0.269, 0.303]",0.7106382978723405
21271,0.281318019680456,"(0.269, 0.303]",0.18181818181818182
21272,0.2417914636053055,"(0.234, 0.269]",0.20588235294117646
21273,0.32513683005382965,"(0.303, 0.338]",0.2037037037037037
21274,0.2775546549138499,"(0.269, 0.303]",0.21019108280254778
21275,0.39994342063424276,"(0.373, 0.407]",0.23026315789473684
21276,0.3597298933321018,"(0.338, 0.373]",0.2484472049689441
21277,0.36670107444543215,"(0.338, 0.373]",0.2484076433121019
21278,0.335880396199318,"(0.303, 0.338]",0.25153374233128833
21279,0.32906261689843713,"(0.303, 0.338]",0.26143790849673204
21280,0.37883046865664605,"(0.373, 0.407]",0.2620689655172414
21281,0.400031196312446,"(0.373, 0.407]",0.2641509433962264
21282,0.3080754454818738,"(0.303, 0.338]",0.3067484662576687
21283,0.3539475719557174,"(0.338, 0.373]",0.32222222222222224
21284,0.44983210834333515,"(0.442, 0.476]",0.34269662921348315
21285,0.41253781749042934,"(0.407, 0.442]",0.3872832369942196
21286,0.4589737370573299,"(0.442, 0.476]",0.4143646408839779
21287,0.3692074960301012,"(0.338, 0.373]",0.47530864197530864
21291,0.39564864581518,"(0.373, 0.407]",0.4074074074074074
21292,0.35177254189948004,"(0.338, 0.373]",0.42483660130718953
21293,0.31970668182730555,"(0.303, 0.338]",0.461038961038961
21294,0.3976797806941535,"(0.373, 0.407]",0.5144508670520231
21301,0.37037258916253935,"(0.338, 0.373]",0.678714859437751
21302,0.34450005407226375,"(0.338, 0.373]",0.7131782945736435
21303,0.2924350365995008,"(0.269, 0.303]",0.7662337662337663
21326,0.34987872535317505,"(0.338, 0.373]",0.1896551724137931
21327,0.23840952840248866,"(0.234, 0.269]",0.19760479041916168
21328,0.339430500151983,"(0.338, 0.373]",0.18125
21329,0.31569973396035944,"(0.303, 0.338]",0.2119205298013245
21330,0.37568460152930255,"(0.373, 0.407]",0.23529411764705882
21334,0.34444041408632664,"(0.338, 0.373]",0.2702702702702703
21335,0.32744607794025843,"(0.303, 0.338]",0.25675675675675674
21336,0.359659002963968,"(0.338, 0.373]",0.2389937106918239
21337,0.3854611907144446,"(0.373, 0.407]",0.2608695652173913
21338,0.4231747540996884,"(0.407, 0.442]",0.26900584795321636
21339,0.3813698857011911,"(0.373, 0.407]",0.3048780487804878
21340,0.4250504983433233,"(0.407, 0.442]",0.3630573248407643
21341,0.4294514885683494,"(0.407, 0.442]",0.39285714285714285
21342,0.35680697826715674,"(0.338, 0.373]",0.45454545454545453
21344,0.285399435574294,"(0.269, 0.303]",0.4276315789473684
21346,0.4287388578436279,"(0.407, 0.442]",0.4358974358974359
21347,0.40779838606110547,"(0.407, 0.442]",0.43636363636363634
21349,0.38296521171837045,"(0.373, 0.407]",0.5089820359281437
21352,0.3085040317305113,"(0.303, 0.338]",0.632183908045977
21356,0.31972717085001623,"(0.303, 0.338]",0.6650717703349283
21357,0.38659825971507783,"(0.373, 0.407]",0.7302325581395349
21358,0.23334022375984068,"(0.2, 0.234]",0.7627906976744186
21383,0.28973196201299467,"(0.269, 0.303]",0.1896551724137931
21384,0.1798999529745262,"(0.165, 0.2]",0.18285714285714286
21385,0.32890810965012923,"(0.303, 0.338]",0.14285714285714285
21386,0.3049062357500438,"(0.303, 0.338]",0.17307692307692307
21391,0.34497369940800054,"(0.338, 0.373]",0.2318840579710145
21392,0.31671822212597806,"(0.303, 0.338]",0.25
21393,0.39796307305153233,"(0.373, 0.407]",0.24342105263157895
21394,0.37041952970103603,"(0.338, 0.373]",0.2645161290322581
21395,0.431699098171403,"(0.407, 0.442]",0.2857142857142857
21396,0.4179102458228129,"(0.407, 0.442]",0.2948717948717949
21398,0.4468550458906347,"(0.442, 0.476]",0.36942675159235666
21401,0.3212336695923618,"(0.303, 0.338]",0.44370860927152317
21402,0.41820511397629384,"(0.407, 0.442]",0.4714285714285714
21403,0.3986278870258658,"(0.373, 0.407]",0.42567567567567566
21404,0.4113403613135659,"(0.407, 0.442]",0.4177215189873418
21406,0.39564926099064873,"(0.373, 0.407]",0.46706586826347307
21408,0.3832227043105028,"(0.373, 0.407]",0.5276073619631901
21409,0.3600519712702675,"(0.338, 0.373]",0.5460122699386503
21411,0.33957882510821963,"(0.338, 0.373]",0.5428571428571428
21413,0.3048528898339883,"(0.303, 0.338]",0.6129032258064516
21414,0.364534305508042,"(0.338, 0.373]",0.6650485436893204
21415,0.23699030510187424,"(0.234, 0.269]",0.7142857142857143
21416,0.2692641329281868,"(0.269, 0.303]",0.6985645933014354
21442,0.30869850581783215,"(0.303, 0.338]",0.20958083832335328
21443,0.262518448380976,"(0.234, 0.269]",0.18072289156626506
21444,0.33757124759463253,"(0.303, 0.338]",0.16981132075471697
21445,0.3577924088793185,"(0.338, 0.373]",0.17218543046357615
21450,0.3966605454040951,"(0.373, 0.407]",0.264
21451,0.41949254748655507,"(0.407, 0.442]",0.216
21452,0.45432765320076984,"(0.442, 0.476]",0.21374045801526717
21453,0.37598261711598424,"(0.373, 0.407]",0.22377622377622378
21454,0.38536365542168116,"(0.373, 0.407]",0.2866666666666667
21459,0.32761190156972253,"(0.303, 0.338]",0.47019867549668876
21460,0.42584421562497843,"(0.407, 0.442]",0.4567901234567901
21461,0.41586054623790697,"(0.407, 0.442]",0.4591194968553459
21462,0.36425485710059446,"(0.338, 0.373]",0.40625
21465,0.3966346269831769,"(0.373, 0.407]",0.44642857142857145
21467,0.3257064501624304,"(0.303, 0.338]",0.48717948717948717
21468,0.4197391219005081,"(0.407, 0.442]",0.4966887417218543
21471,0.3217816888476462,"(0.303, 0.338]",0.5806451612903226
21472,0.4050739722386157,"(0.373, 0.407]",0.6073619631901841
21473,0.4016379696179959,"(0.373, 0.407]",0.6594594594594595
21474,0.3594104720151777,"(0.338, 0.373]",0.6947368421052632
21475,0.3218865655624903,"(0.303, 0.338]",0.6764705882352942
21480,0.2325094999942566,"(0.2, 0.234]",0.7523809523809524
21501,0.292899773373601,"(0.269, 0.303]",0.2
21502,0.3692762453051628,"(0.338, 0.373]",0.2088607594936709
21503,0.32305256885522193,"(0.303, 0.338]",0.1625
21504,0.33581581211621075,"(0.303, 0.338]",0.15950920245398773
21505,0.3656722375134041,"(0.338, 0.373]",0.15976331360946747
21509,0.3395204113580876,"(0.338, 0.373]",0.28205128205128205
21510,0.40261413459267326,"(0.373, 0.407]",0.25
21511,0.36779408398909313,"(0.338, 0.373]",0.21428571428571427
21512,0.4277158179917376,"(0.407, 0.442]",0.1937984496124031
21513,0.3927130999076201,"(0.373, 0.407]",0.21428571428571427
21514,0.4266167639287839,"(0.407, 0.442]",0.2765957446808511
21517,0.3469864038016188,"(0.338, 0.373]",0.35294117647058826
21519,0.41825738031644494,"(0.407, 0.442]",0.4012738853503185
21520,0.4496546423913516,"(0.442, 0.476]",0.3988439306358382
21521,0.35462804824564415,"(0.338, 0.373]",0.41566265060240964
21522,0.4455016489590498,"(0.442, 0.476]",0.35625
21525,0.43872947779862775,"(0.407, 0.442]",0.3416149068322981
21526,0.48130488491011425,"(0.476, 0.511]",0.3696969696969697
21527,0.3766297142624267,"(0.373, 0.407]",0.3974358974358974
21528,0.39667612698354515,"(0.373, 0.407]",0.3870967741935484
21530,0.43035634422932517,"(0.407, 0.442]",0.4744525547445255
21531,0.38183458800743075,"(0.373, 0.407]",0.5069444444444444
21532,0.316394242336618,"(0.303, 0.338]",0.5637583892617449
21533,0.41592100016431627,"(0.407, 0.442]",0.6097560975609756
21534,0.3208186279618029,"(0.303, 0.338]",0.6285714285714286
21535,0.37173757207567687,"(0.338, 0.373]",0.644808743169399
21560,0.2999989162047773,"(0.269, 0.303]",0.2
21561,0.31336388370666496,"(0.303, 0.338]",0.1858974358974359
21562,0.3410608725160367,"(0.338, 0.373]",0.14375
21563,0.33475551951545707,"(0.303, 0.338]",0.15294117647058825
21564,0.36308553423126866,"(0.338, 0.373]",0.13793103448275862
21565,0.32488568394780915,"(0.303, 0.338]",0.15333333333333332
21566,0.40913908681748834,"(0.407, 0.442]",0.2054794520547945
21567,0.356129010415136,"(0.338, 0.373]",0.20833333333333334
21568,0.28630558859723904,"(0.269, 0.303]",0.22330097087378642
21569,0.3655787341353385,"(0.338, 0.373]",0.21100917431192662
21570,0.35217520687429027,"(0.338, 0.373]",0.1891891891891892
21571,0.3795715460040088,"(0.373, 0.407]",0.18548387096774194
21572,0.39632428328632163,"(0.373, 0.407]",0.1925925925925926
21573,0.37707809275946214,"(0.373, 0.407]",0.22916666666666666
21574,0.4553791564413633,"(0.442, 0.476]",0.23448275862068965
21575,0.36120342165032515,"(0.338, 0.373]",0.24324324324324326
21576,0.43798636659226525,"(0.407, 0.442]",0.26282051282051283
21577,0.4311009586698287,"(0.407, 0.442]",0.3167701863354037
21578,0.4007112932420934,"(0.373, 0.407]",0.3353658536585366
21579,0.44339660120553326,"(0.442, 0.476]",0.3539325842696629
21580,0.38461834530352434,"(0.373, 0.407]",0.36645962732919257
21581,0.4537215142102324,"(0.442, 0.476]",0.27586206896551724
21584,0.39938065835539655,"(0.373, 0.407]",0.2929936305732484
21585,0.4175368395124691,"(0.407, 0.442]",0.31952662721893493
21586,0.41342229912784356,"(0.407, 0.442]",0.3333333333333333
21587,0.3622687159630061,"(0.338, 0.373]",0.3333333333333333
21589,0.37267815493427087,"(0.373, 0.407]",0.4492753623188406
21590,0.32274875975295425,"(0.303, 0.338]",0.47586206896551725
21591,0.4203028562497312,"(0.407, 0.442]",0.5194805194805194
21592,0.38932137126119204,"(0.373, 0.407]",0.53125
21593,0.382422862110575,"(0.373, 0.407]",0.5723270440251572
21615,0.3851993523092657,"(0.373, 0.407]",0.1144578313253012
21616,0.4277166356991519,"(0.407, 0.442]",0.1488095238095238
21617,0.3835219181644701,"(0.373, 0.407]",0.12994350282485875
21618,0.3560646112147576,"(0.338, 0.373]",0.16149068322981366
21619,0.3716326644642794,"(0.338, 0.373]",0.19463087248322147
21620,0.40970240709669536,"(0.407, 0.442]",0.17692307692307693
21621,0.3845564064069204,"(0.373, 0.407]",0.20952380952380953
21622,0.3690736543154669,"(0.338, 0.373]",0.1792452830188679
21623,0.3610348170193423,"(0.338, 0.373]",0.15841584158415842
21624,0.3514872991080488,"(0.338, 0.373]",0.16216216216216217
21625,0.3383485564996157,"(0.338, 0.373]",0.1953125
21626,0.3857969579103989,"(0.373, 0.407]",0.20279720279720279
21627,0.3694408513526566,"(0.338, 0.373]",0.2119205298013245
21628,0.4381998549628253,"(0.407, 0.442]",0.22699386503067484
21629,0.4042422594652466,"(0.373, 0.407]",0.2138728323699422
21630,0.2912307299219527,"(0.269, 0.303]",0.2658959537572254
21631,0.3187195422556567,"(0.303, 0.338]",0.2784090909090909
21632,0.3805547353128245,"(0.373, 0.407]",0.29213483146067415
21633,0.4037677481970172,"(0.373, 0.407]",0.3184713375796178
21634,0.3841315497259968,"(0.373, 0.407]",0.25
21637,0.37522895563443065,"(0.373, 0.407]",0.272108843537415
21638,0.4280955291986875,"(0.407, 0.442]",0.275
21639,0.4175487639367768,"(0.407, 0.442]",0.2903225806451613
21640,0.39934114982631663,"(0.373, 0.407]",0.3057324840764331
21641,0.4469956615896915,"(0.442, 0.476]",0.3375
21642,0.4537148596670195,"(0.442, 0.476]",0.38620689655172413
21643,0.3992632687530761,"(0.373, 0.407]",0.38926174496644295
21644,0.4458152778267062,"(0.442, 0.476]",0.41935483870967744
21645,0.35598136909073935,"(0.338, 0.373]",0.4444444444444444
21646,0.341302300213183,"(0.338, 0.373]",0.4892086330935252
21668,0.39825872462374656,"(0.373, 0.407]",0.12352941176470589
21669,0.3491159639159662,"(0.338, 0.373]",0.14450867052023122
21670,0.3990165797979658,"(0.373, 0.407]",0.15606936416184972
21671,0.34200283160006545,"(0.338, 0.373]",0.17721518987341772
21672,0.37937403894519406,"(0.373, 0.407]",0.1888111888111888
21673,0.3094935469892574,"(0.303, 0.338]",0.18548387096774194
21674,0.3500234780503428,"(0.338, 0.373]",0.1743119266055046
21675,0.3302032265774621,"(0.303, 0.338]",0.17699115044247787
21676,0.2898327277527861,"(0.269, 0.303]",0.18518518518518517
21677,0.2820364260589001,"(0.269, 0.303]",0.16129032258064516
21678,0.2596543887038349,"(0.234, 0.269]",0.18055555555555555
21679,0.395948158931084,"(0.373, 0.407]",0.16883116883116883
21680,0.4008757934075443,"(0.373, 0.407]",0.16666666666666666
21681,0.3960026012654871,"(0.373, 0.407]",0.17159763313609466
21682,0.3975196874043526,"(0.373, 0.407]",0.15060240963855423
21683,0.3389352606468368,"(0.338, 0.373]",0.19393939393939394
21684,0.3727291144916863,"(0.373, 0.407]",0.22289156626506024
21685,0.3262185992358211,"(0.303, 0.338]",0.24242424242424243
21686,0.36465614174462974,"(0.338, 0.373]",0.2867132867132867
21687,0.3595796895014757,"(0.338, 0.373]",0.25
21688,0.38951564702166386,"(0.373, 0.407]",0.25384615384615383
21690,0.3600649489098028,"(0.338, 0.373]",0.25
21691,0.4069743125831339,"(0.373, 0.407]",0.23972602739726026
21692,0.38020715800637844,"(0.373, 0.407]",0.2585034013605442
21693,0.3699691452319782,"(0.338, 0.373]",0.2709677419354839
21694,0.44284323988657387,"(0.442, 0.476]",0.3032258064516129
21695,0.3972843332979892,"(0.373, 0.407]",0.34965034965034963
21721,0.2963844933345966,"(0.269, 0.303]",0.08484848484848485
21722,0.40683918193191165,"(0.373, 0.407]",0.10650887573964497
21723,0.36414607521585085,"(0.338, 0.373]",0.11728395061728394
21724,0.40081719965272256,"(0.373, 0.407]",0.14465408805031446
21725,0.33239655490919884,"(0.303, 0.338]",0.16551724137931034
21726,0.35281689529855814,"(0.338, 0.373]",0.17355371900826447
21727,0.35928374456384143,"(0.338, 0.373]",0.16379310344827586
21728,0.3128444690536792,"(0.303, 0.338]",0.1487603305785124
21729,0.25261496231846586,"(0.234, 0.269]",0.15833333333333333
21730,0.23268128125799112,"(0.2, 0.234]",0.15602836879432624
21731,0.31390213595221444,"(0.303, 0.338]",0.18633540372670807
21732,0.4016462915467984,"(0.373, 0.407]",0.19393939393939394
21733,0.32699649066289393,"(0.303, 0.338]",0.18604651162790697
21734,0.38665363293273874,"(0.373, 0.407]",0.18181818181818182
21735,0.380185319865971,"(0.373, 0.407]",0.1456953642384106
21736,0.3484427428556792,"(0.338, 0.373]",0.14788732394366197
21737,0.31324157246421575,"(0.303, 0.338]",0.15827338129496402
21738,0.29774074535946027,"(0.269, 0.303]",0.17266187050359713
21739,0.3490399060304221,"(0.338, 0.373]",0.2440944881889764
21740,0.4031035488402848,"(0.373, 0.407]",0.23015873015873015
21741,0.421388879902968,"(0.407, 0.442]",0.25384615384615383
21743,0.4068124918846903,"(0.373, 0.407]",0.22602739726027396
21744,0.40115845833455793,"(0.373, 0.407]",0.19863013698630136
21745,0.4119221098344223,"(0.407, 0.442]",0.21621621621621623
21746,0.42201841322872136,"(0.407, 0.442]",0.24503311258278146
21747,0.4155171312886578,"(0.407, 0.442]",0.2876712328767123
21748,0.39592919421322526,"(0.373, 0.407]",0.31543624161073824
21749,0.3960132568121039,"(0.373, 0.407]",0.30344827586206896
21773,0.3055181359918127,"(0.303, 0.338]",0.11764705882352941
21774,0.1954906712520479,"(0.165, 0.2]",0.12883435582822086
21775,0.3525697555010372,"(0.338, 0.373]",0.13609467455621302
21776,0.3990816054747153,"(0.373, 0.407]",0.15204678362573099
21777,0.36823179011472157,"(0.338, 0.373]",0.15822784810126583
21778,0.365458884270229,"(0.338, 0.373]",0.17985611510791366
21779,0.3306453546872143,"(0.303, 0.338]",0.18796992481203006
21780,0.285807499668943,"(0.269, 0.303]",0.17518248175182483
21781,0.323001957646474,"(0.303, 0.338]",0.1796875
21782,0.3443808574514342,"(0.338, 0.373]",0.18248175182481752
21783,0.36766789480763507,"(0.338, 0.373]",0.1910828025477707
21784,0.35311286080524423,"(0.338, 0.373]",0.20987654320987653
21785,0.3235659926595089,"(0.303, 0.338]",0.18787878787878787
21786,0.3460853825073665,"(0.338, 0.373]",0.17307692307692307
21787,0.3632376178799522,"(0.338, 0.373]",0.1386861313868613
21788,0.3284224543695737,"(0.303, 0.338]",0.09090909090909091
21789,0.38101423841545595,"(0.373, 0.407]",0.125
21790,0.3444892098356615,"(0.338, 0.373]",0.125
21791,0.3650440940250953,"(0.338, 0.373]",0.184
21792,0.3862521273341542,"(0.373, 0.407]",0.21641791044776118
21793,0.43764804890693754,"(0.407, 0.442]",0.2076923076923077
21796,0.42071746122466847,"(0.407, 0.442]",0.20279720279720279
21797,0.4584216027871486,"(0.442, 0.476]",0.22
21798,0.35808961457756283,"(0.338, 0.373]",0.2549019607843137
21799,0.38564143827725117,"(0.373, 0.407]",0.2517985611510791
21800,0.27640560309887735,"(0.269, 0.303]",0.2518518518518518
21801,0.39001790444604967,"(0.373, 0.407]",0.25
21825,0.21484394105621193,"(0.2, 0.234]",0.19254658385093168
21826,0.26637537488779345,"(0.234, 0.269]",0.19135802469135801
21827,0.3537388043511979,"(0.338, 0.373]",0.16470588235294117
21828,0.37521289521526263,"(0.373, 0.407]",0.1488095238095238
21829,0.34022835826647896,"(0.338, 0.373]",0.17763157894736842
21831,0.35929339984765973,"(0.338, 0.373]",0.20253164556962025
21833,0.3846108846859431,"(0.373, 0.407]",0.2054794520547945
21834,0.37169501181126974,"(0.338, 0.373]",0.1895424836601307
21835,0.3208802981876537,"(0.303, 0.338]",0.2012987012987013
21836,0.3721564688844403,"(0.338, 0.373]",0.189873417721519
21837,0.28821863250344043,"(0.269, 0.303]",0.15753424657534246
21838,0.30375377722830815,"(0.303, 0.338]",0.1484375
21839,0.306795314299932,"(0.303, 0.338]",0.0782608695652174
21840,0.272379724413183,"(0.269, 0.303]",0.1
21841,0.3581140740600446,"(0.338, 0.373]",0.10317460317460317
21842,0.33362250205448674,"(0.303, 0.338]",0.12698412698412698
21843,0.38980879299347,"(0.373, 0.407]",0.17164179104477612
21844,0.4623942729554682,"(0.442, 0.476]",0.16541353383458646
21845,0.43321487215506366,"(0.407, 0.442]",0.17424242424242425
21846,0.4002966878027638,"(0.373, 0.407]",0.2097902097902098
21847,0.38808334524986593,"(0.373, 0.407]",0.20689655172413793
21848,0.38378645006591594,"(0.373, 0.407]",0.22
21849,0.42205893700316605,"(0.407, 0.442]",0.2689655172413793
21850,0.4045605525215871,"(0.373, 0.407]",0.2462686567164179
21851,0.3426598366186785,"(0.338, 0.373]",0.232
21877,0.29163133180545203,"(0.269, 0.303]",0.16
21878,0.29639899652395013,"(0.269, 0.303]",0.125
21883,0.3581049633734651,"(0.338, 0.373]",0.16783216783216784
21884,0.343200951914115,"(0.338, 0.373]",0.14583333333333334
21885,0.411576416390697,"(0.407, 0.442]",0.14666666666666667
21886,0.395561405327171,"(0.373, 0.407]",0.13291139240506328
21887,0.2963935613045377,"(0.269, 0.303]",0.11267605633802817
21888,0.35485012766660917,"(0.338, 0.373]",0.12121212121212122
21889,0.28880703571781174,"(0.269, 0.303]",0.07377049180327869
21890,0.3441277939626863,"(0.338, 0.373]",0.09016393442622951
21891,0.34160780561549614,"(0.338, 0.373]",0.0916030534351145
21892,0.3266122687091743,"(0.303, 0.338]",0.12949640287769784
21893,0.37513537787119733,"(0.373, 0.407]",0.16312056737588654
21894,0.39788018728642915,"(0.373, 0.407]",0.1506849315068493
21895,0.34435534958287517,"(0.338, 0.373]",0.14084507042253522
21896,0.328058396312503,"(0.303, 0.338]",0.14482758620689656
21897,0.45442631701251196,"(0.442, 0.476]",0.15753424657534246
21898,0.38252353357144514,"(0.373, 0.407]",0.19047619047619047
21899,0.43514432796699276,"(0.407, 0.442]",0.24113475177304963
21900,0.42154589076074184,"(0.407, 0.442]",0.2265625
21901,0.2821931315894728,"(0.269, 0.303]",0.2
21902,0.3933210365879457,"(0.373, 0.407]",0.20430107526881722
21933,0.3132070778174604,"(0.303, 0.338]",0.1328125
21934,0.33201153414145856,"(0.303, 0.338]",0.1044776119402985
21935,0.3890542568906875,"(0.373, 0.407]",0.0945945945945946
21936,0.3665114794255336,"(0.338, 0.373]",0.09722222222222222
21937,0.35173701603977886,"(0.338, 0.373]",0.11510791366906475
21938,0.3854066270130538,"(0.373, 0.407]",0.1044776119402985
21939,0.37184741167610186,"(0.338, 0.373]",0.11363636363636363
21940,0.39124094272496224,"(0.373, 0.407]",0.10294117647058823
21941,0.3711066749928635,"(0.338, 0.373]",0.11510791366906475
21942,0.40676187292648086,"(0.373, 0.407]",0.14084507042253522
21943,0.38476459674135294,"(0.373, 0.407]",0.11564625850340136
21944,0.4100534381982829,"(0.407, 0.442]",0.11267605633802817
21945,0.4028094920978546,"(0.373, 0.407]",0.11267605633802817
21946,0.3961373728266095,"(0.373, 0.407]",0.1267605633802817
21947,0.38745807729634874,"(0.373, 0.407]",0.1678832116788321
21948,0.3548027574903874,"(0.338, 0.373]",0.21311475409836064
21949,0.40376516136071183,"(0.373, 0.407]",0.18867924528301888
21972,0.3241113182980709,"(0.303, 0.338]",0.23972602739726026
21974,0.3409206274080025,"(0.338, 0.373]",0.17834394904458598
21979,0.3049883547986909,"(0.303, 0.338]",0.13533834586466165
21980,0.3526310006290938,"(0.338, 0.373]",0.1276595744680851
21981,0.3310494396467422,"(0.303, 0.338]",0.12962962962962962
21982,0.33984964201143597,"(0.338, 0.373]",0.14465408805031446
21983,0.34724295334893696,"(0.338, 0.373]",0.15384615384615385
21984,0.35572655969667316,"(0.338, 0.373]",0.1346153846153846
21985,0.3511387523740426,"(0.338, 0.373]",0.12056737588652482
21986,0.30679569310178106,"(0.303, 0.338]",0.10416666666666667
21987,0.36719735881298987,"(0.338, 0.373]",0.11267605633802817
21988,0.36988123112374516,"(0.338, 0.373]",0.10526315789473684
21989,0.3861062243830286,"(0.373, 0.407]",0.09090909090909091
21990,0.3503797721241359,"(0.338, 0.373]",0.09558823529411764
21991,0.39074338428584987,"(0.373, 0.407]",0.07518796992481203
21992,0.34635910181006846,"(0.338, 0.373]",0.078125
21993,0.42384999661882294,"(0.407, 0.442]",0.10619469026548672
22016,0.3247333891414991,"(0.303, 0.338]",0.23076923076923078
22017,0.3625192605580979,"(0.338, 0.373]",0.22137404580152673
22018,0.2184507919690179,"(0.2, 0.234]",0.20930232558139536
22022,0.3619439179665929,"(0.338, 0.373]",0.14173228346456693
22023,0.3266519079995209,"(0.303, 0.338]",0.14285714285714285
22024,0.2967413021019824,"(0.269, 0.303]",0.14084507042253522
22026,0.34518391110375213,"(0.338, 0.373]",0.15789473684210525
22027,0.33233704223000715,"(0.303, 0.338]",0.15436241610738255
22028,0.3326500904867913,"(0.303, 0.338]",0.1360544217687075
22029,0.3143515242690057,"(0.303, 0.338]",0.1366906474820144
22030,0.2876575335732583,"(0.269, 0.303]",0.10714285714285714
22031,0.3549402798592367,"(0.338, 0.373]",0.11347517730496454
22032,0.3765234137450069,"(0.373, 0.407]",0.09923664122137404
22033,0.3015663501531894,"(0.269, 0.303]",0.0661764705882353
22034,0.35706194890601756,"(0.338, 0.373]",0.07086614173228346
22035,0.3188107726575913,"(0.303, 0.338]",0.035398230088495575
22036,0.3544588064682708,"(0.338, 0.373]",0.04
22063,0.381018917331537,"(0.373, 0.407]",0.1652892561983471
22064,0.44148609823846974,"(0.407, 0.442]",0.15748031496062992
22065,0.35203377832662286,"(0.338, 0.373]",0.16058394160583941
22066,0.4312276903544085,"(0.407, 0.442]",0.15384615384615385
22070,0.3567758430400652,"(0.338, 0.373]",0.14375
22071,0.4180800892171984,"(0.407, 0.442]",0.1346153846153846
22072,0.3532354984759305,"(0.338, 0.373]",0.10457516339869281
22073,0.3381033392073901,"(0.338, 0.373]",0.09420289855072464
22074,0.3646949018676782,"(0.338, 0.373]",0.075
22075,0.3019758334638758,"(0.269, 0.303]",0.05405405405405406
22076,0.3050416561671825,"(0.303, 0.338]",0.06
22103,0.39365009223967434,"(0.373, 0.407]",0.14960629921259844
22104,0.4092080848413809,"(0.407, 0.442]",0.15267175572519084
22105,0.3478631174273827,"(0.338, 0.373]",0.17123287671232876
22106,0.3154761429863026,"(0.303, 0.338]",0.1568627450980392
22109,0.24673845658845722,"(0.234, 0.269]",0.13291139240506328
22110,0.323709794140238,"(0.303, 0.338]",0.11728395061728394
22111,0.3903819174628491,"(0.373, 0.407]",0.11038961038961038
22112,0.39360203732477717,"(0.373, 0.407]",0.1
22113,0.1987474166385301,"(0.165, 0.2]",0.0873015873015873
22114,0.04388556240702439,"(0.0271, 0.0617]",0.0851063829787234
22140,0.3946601717369977,"(0.373, 0.407]",0.15037593984962405
22141,0.3293720292007996,"(0.303, 0.338]",0.15671641791044777
22142,0.31918418404326027,"(0.303, 0.338]",0.18309859154929578
22143,0.1426516029519656,"(0.131, 0.165]",0.18666666666666668
22145,0.28436091089676196,"(0.269, 0.303]",0.1830065359477124
22146,0.30266419149568613,"(0.269, 0.303]",0.15942028985507245
22147,0.42930999965566213,"(0.407, 0.442]",0.11811023622047244
22148,0.32856923527079357,"(0.303, 0.338]",0.11666666666666667
22173,0.4213770936585907,"(0.407, 0.442]",0.1323529411764706
22174,0.3821480835582363,"(0.373, 0.407]",0.16417910447761194
22178,0.4265262956208308,"(0.407, 0.442]",0.2028985507246377
22179,0.2515868958900462,"(0.234, 0.269]",0.17857142857142858
22385,0.15922454364114635,"(0.131, 0.165]",0.10828025477707007
22387,0.2600230672344979,"(0.234, 0.269]",0.09917355371900827
22388,0.3394073489382809,"(0.338, 0.373]",0.10434782608695652
22389,0.2783142724616306,"(0.269, 0.303]",0.12598425196850394
22410,-0.10073241166762102,"(-0.111, -0.0765]",0.10273972602739725
22411,0.42197938585036004,"(0.407, 0.442]",0.13986013986013987
22412,0.3106118598649651,"(0.303, 0.338]",0.15492957746478872
22413,0.25560103464802153,"(0.234, 0.269]",0.1349206349206349
22414,0.31630714261496123,"(0.303, 0.338]",0.1391304347826087
22415,0.4076220389363727,"(0.407, 0.442]",0.12295081967213115
22416,0.3669580418177318,"(0.338, 0.373]",0.13793103448275862
22417,0.3441631122727309,"(0.338, 0.373]",0.19834710743801653
22438,0.3306108048630448,"(0.303, 0.338]",0.10606060606060606
22439,0.2823984685113038,"(0.269, 0.303]",0.1323529411764706
22440,0.28071328331600987,"(0.269, 0.303]",0.16911764705882354
22441,0.29717323450928607,"(0.269, 0.303]",0.17692307692307693
22442,0.37740861019780547,"(0.373, 0.407]",0.18181818181818182
22443,0.39670728902004215,"(0.373, 0.407]",0.18518518518518517
22444,0.34185062703201546,"(0.338, 0.373]",0.15966386554621848
22445,0.4098674381420336,"(0.407, 0.442]",0.1693548387096774
22446,0.31919874353466127,"(0.303, 0.338]",0.18333333333333332
22468,0.3705997278327337,"(0.338, 0.373]",0.15079365079365079
22469,0.3338600266505361,"(0.303, 0.338]",0.14814814814814814
22470,0.34804916525751556,"(0.338, 0.373]",0.15384615384615385
22471,0.30658576327622755,"(0.303, 0.338]",0.1893939393939394
22472,0.33525057004126374,"(0.303, 0.338]",0.1875
22473,0.25839181055279586,"(0.234, 0.269]",0.19548872180451127
22474,0.366761180255112,"(0.338, 0.373]",0.18699186991869918
22495,0.25641815455613043,"(0.234, 0.269]",0.21804511278195488
22516,0.3912488844865864,"(0.373, 0.407]",0.19148936170212766
22517,0.41190667708357376,"(0.407, 0.442]",0.20300751879699247
22518,0.32077683283688857,"(0.303, 0.338]",0.22142857142857142
22539,0.35272615238143395,"(0.338, 0.373]",0.2052980132450331
22540,0.21444060071276053,"(0.2, 0.234]",0.20945945945945946
22623,0.2557699420911118,"(0.234, 0.269]",0.17105263157894737
22624,0.2825295597071304,"(0.269, 0.303]",0.2097902097902098
22625,0.20239138611907265,"(0.2, 0.234]",0.20437956204379562
22626,0.33713889053337215,"(0.303, 0.338]",0.2740740740740741
22628,0.2901575306890037,"(0.269, 0.303]",0.3082191780821918
22629,0.2572217941464222,"(0.234, 0.269]",0.3219178082191781
22630,0.22050020360652842,"(0.2, 0.234]",0.28205128205128205
22631,0.2401356674348791,"(0.234, 0.269]",0.23484848484848486
22656,0.26425747904238106,"(0.234, 0.269]",0.15942028985507245
22657,0.3224876789625634,"(0.303, 0.338]",0.19083969465648856
22658,0.34569079076788756,"(0.338, 0.373]",0.19014084507042253
22659,0.362081076500423,"(0.338, 0.373]",0.2708333333333333
22660,0.29855142782606686,"(0.269, 0.303]",0.3129251700680272
22661,0.2748051494479969,"(0.269, 0.303]",0.31543624161073824
22662,0.24044580907568705,"(0.234, 0.269]",0.34507042253521125
22663,0.3189920207449701,"(0.303, 0.338]",0.2676056338028169
22664,0.3296914174146277,"(0.303, 0.338]",0.23484848484848486
22689,0.1572313584378276,"(0.131, 0.165]",0.16901408450704225
22690,0.232369253545703,"(0.2, 0.234]",0.19230769230769232
22691,0.31381686057663816,"(0.303, 0.338]",0.19858156028368795
22692,0.34697459581687007,"(0.338, 0.373]",0.2571428571428571
22693,0.33657495532841564,"(0.303, 0.338]",0.2962962962962963
22694,0.3064627453672712,"(0.303, 0.338]",0.3106060606060606
22695,0.30438047731009255,"(0.303, 0.338]",0.33884297520661155
22720,0.12514176616148906,"(0.0962, 0.131]",0.18253968253968253
22721,0.12787979445005324,"(0.0962, 0.131]",0.16260162601626016
22722,0.008131915842722666,"(-0.00742, 0.0271]",0.16541353383458646
22723,0.11171238624072459,"(0.0962, 0.131]",0.18699186991869918
22724,0.29838099731646606,"(0.269, 0.303]",0.2
22725,0.39699234187358085,"(0.373, 0.407]",0.25
22726,0.42660107761690863,"(0.407, 0.442]",0.2926829268292683
22751,0.04609186856836447,"(0.0271, 0.0617]",0.16176470588235295
22752,-0.0666263965422639,"(-0.0765, -0.042]",0.16666666666666666
22753,0.312779516536461,"(0.303, 0.338]",0.1619718309859155
22754,0.30607943183707026,"(0.303, 0.338]",0.18110236220472442
22755,0.3989387173137325,"(0.373, 0.407]",0.21323529411764705
22756,0.3892331147629924,"(0.373, 0.407]",0.25196850393700787
22779,0.0563971296174503,"(0.0271, 0.0617]",0.18421052631578946
22780,0.2523736823531688,"(0.234, 0.269]",0.14965986394557823
22781,0.35518308795348635,"(0.338, 0.373]",0.14492753623188406
22784,0.23642792761235182,"(0.234, 0.269]",0.16551724137931034
22785,0.2926675678287724,"(0.269, 0.303]",0.18181818181818182
22786,0.2530462310814816,"(0.234, 0.269]",0.2080536912751678
22787,0.29441830836414806,"(0.269, 0.303]",0.23484848484848486
22788,0.31906453016250214,"(0.303, 0.338]",0.265625
22813,0.2982061647939669,"(0.269, 0.303]",0.20496894409937888
22814,0.29216127316712304,"(0.269, 0.303]",0.18543046357615894
22815,0.27136732391553076,"(0.269, 0.303]",0.1503267973856209
22816,0.3713374765746514,"(0.338, 0.373]",0.17482517482517482
22817,0.23291946996775,"(0.2, 0.234]",0.17567567567567569
22818,0.3232483776887766,"(0.303, 0.338]",0.17105263157894737
22819,0.39021782656939996,"(0.373, 0.407]",0.18620689655172415
22820,0.1953818725064834,"(0.165, 0.2]",0.1780821917808219
22821,0.26960419374467837,"(0.269, 0.303]",0.21739130434782608
22845,0.1711077986670166,"(0.165, 0.2]",0.25862068965517243
22846,0.25682461596868245,"(0.234, 0.269]",0.23563218390804597
22847,0.3262190368402281,"(0.303, 0.338]",0.1927710843373494
22848,0.3398624717207708,"(0.338, 0.373]",0.1935483870967742
22849,0.3721688788453819,"(0.338, 0.373]",0.16774193548387098
22850,0.41801084032610547,"(0.407, 0.442]",0.19594594594594594
22851,0.3720757183052823,"(0.338, 0.373]",0.2077922077922078
22852,0.3791836849274663,"(0.373, 0.407]",0.20512820512820512
22853,0.38625285364924283,"(0.373, 0.407]",0.21830985915492956
22854,0.3972643107098629,"(0.373, 0.407]",0.20610687022900764
22878,0.2534475125724552,"(0.234, 0.269]",0.2085889570552147
22879,0.23376998334819696,"(0.2, 0.234]",0.23391812865497075
22880,0.2598027528087974,"(0.234, 0.269]",0.23214285714285715
22881,0.2469887022050419,"(0.234, 0.269]",0.22151898734177214
22882,0.3447352604326031,"(0.338, 0.373]",0.2191780821917808
22883,0.33495173523413924,"(0.303, 0.338]",0.2158273381294964
22884,0.3957679252752354,"(0.373, 0.407]",0.2624113475177305
22886,0.25987327220570006,"(0.234, 0.269]",0.2653061224489796
22887,0.3754185557974523,"(0.373, 0.407]",0.29411764705882354
22911,0.35991210431241744,"(0.338, 0.373]",0.2222222222222222
22912,0.31790792121813766,"(0.303, 0.338]",0.24025974025974026
22913,0.3288805082444028,"(0.303, 0.338]",0.2185430463576159
22914,0.28789637211713165,"(0.269, 0.303]",0.21052631578947367
22915,0.2619345339890197,"(0.234, 0.269]",0.24166666666666667
22916,0.37610514628028924,"(0.373, 0.407]",0.2396694214876033
22917,0.3951686578760825,"(0.373, 0.407]",0.2916666666666667
22918,0.37273590453888794,"(0.373, 0.407]",0.2755905511811024
22919,0.33757846642800093,"(0.303, 0.338]",0.2734375
22943,0.2960598919642407,"(0.269, 0.303]",0.2597402597402597
22944,0.31468746601567876,"(0.303, 0.338]",0.28378378378378377
22945,0.38981685160024865,"(0.373, 0.407]",0.2827586206896552
22946,0.2747955241281923,"(0.269, 0.303]",0.25
22947,0.3328490082612345,"(0.303, 0.338]",0.2543859649122807
22948,0.37618782384822586,"(0.373, 0.407]",0.2336448598130841
22971,0.2874227006554313,"(0.269, 0.303]",0.24691358024691357
22972,0.21976590365238338,"(0.2, 0.234]",0.24390243902439024
22973,0.35747916923151635,"(0.338, 0.373]",0.26973684210526316
22974,0.36928351049056524,"(0.338, 0.373]",0.2867132867132867
22975,0.29846267869151516,"(0.269, 0.303]",0.3235294117647059
22976,0.1340422919268515,"(0.131, 0.165]",0.3445378151260504
22977,0.335840212030995,"(0.303, 0.338]",0.3153153153153153
22998,0.2648162516530971,"(0.234, 0.269]",0.27380952380952384
22999,0.29812093731240213,"(0.269, 0.303]",0.26875
23000,0.3231015558027392,"(0.303, 0.338]",0.25609756097560976
23001,0.28463710975483775,"(0.269, 0.303]",0.26490066225165565
23002,0.3233376105451638,"(0.303, 0.338]",0.28888888888888886
23003,0.32285920682821695,"(0.303, 0.338]",0.336
23004,0.17711187840399234,"(0.165, 0.2]",0.39316239316239315
23024,0.3216955649760978,"(0.303, 0.338]",0.24358974358974358
23025,0.32814897518235314,"(0.303, 0.338]",0.26143790849673204
23026,0.3518294177186292,"(0.338, 0.373]",0.2571428571428571
23027,0.3347646684654169,"(0.303, 0.338]",0.24822695035460993
23028,0.3470362718870298,"(0.338, 0.373]",0.22962962962962963
23029,0.4245749882069325,"(0.407, 0.442]",0.256198347107438
23041,0.2241796758310388,"(0.2, 0.234]",0.21641791044776118
23042,0.37132787498644854,"(0.338, 0.373]",0.25
23043,0.36324213545653194,"(0.338, 0.373]",0.2714285714285714
23044,0.36130746665267455,"(0.338, 0.373]",0.264
23045,0.322703933918913,"(0.303, 0.338]",0.2777777777777778
23057,0.3420032039926429,"(0.338, 0.373]",0.23333333333333334
23058,0.377357969255843,"(0.373, 0.407]",0.2608695652173913
23059,0.44128172113562875,"(0.407, 0.442]",0.2692307692307692
23060,0.4130835597921104,"(0.407, 0.442]",0.26495726495726496
23073,0.40692347624949077,"(0.373, 0.407]",0.248
23185,0.17686452844388217,"(0.165, 0.2]",0.1864406779661017
23791,0.26607647850935845,"(0.234, 0.269]",0.2014388489208633
23792,0.40401829763175034,"(0.373, 0.407]",0.21568627450980393
23793,0.40320973908871854,"(0.373, 0.407]",0.18791946308724833
23794,0.33695648327868627,"(0.303, 0.338]",0.20382165605095542
23848,0.35575388726797985,"(0.338, 0.373]",0.1889763779527559
23849,0.33787231639917664,"(0.303, 0.338]",0.24087591240875914
23850,0.33886605614628085,"(0.338, 0.373]",0.26143790849673204
23851,0.444551373222151,"(0.442, 0.476]",0.29931972789115646
23852,0.3138696940104467,"(0.303, 0.338]",0.26
23853,0.3493377484781974,"(0.338, 0.373]",0.2709677419354839
23854,0.2997565772779972,"(0.269, 0.303]",0.2517985611510791
23855,0.35921433252819834,"(0.338, 0.373]",0.22641509433962265
23856,0.3685943255783855,"(0.338, 0.373]",0.23170731707317074
23859,0.3327574466129841,"(0.303, 0.338]",0.2246376811594203
23867,0.3360314114021226,"(0.303, 0.338]",0.1721311475409836
23911,0.38288119194286135,"(0.373, 0.407]",0.176
23912,0.3920323707153026,"(0.373, 0.407]",0.16312056737588654
23913,0.4095918857661975,"(0.407, 0.442]",0.17333333333333334
23914,0.3975706405272834,"(0.373, 0.407]",0.16339869281045752
23915,0.378559717650111,"(0.373, 0.407]",0.17880794701986755
23916,0.35173822033430174,"(0.338, 0.373]",0.22077922077922077
23917,0.41246420582902615,"(0.407, 0.442]",0.25308641975308643
23918,0.4360789280678877,"(0.407, 0.442]",0.2727272727272727
23919,0.3457001731812514,"(0.338, 0.373]",0.25625
23920,0.4185618646610696,"(0.407, 0.442]",0.2634730538922156
23921,0.393893211352139,"(0.373, 0.407]",0.25165562913907286
23922,0.3663431178769126,"(0.338, 0.373]",0.22905027932960895
23923,0.3798680474770254,"(0.373, 0.407]",0.21787709497206703
23924,0.4008765351915631,"(0.373, 0.407]",0.1728395061728395
23925,0.3799242071957528,"(0.373, 0.407]",0.18128654970760233
23926,0.3930380669477527,"(0.373, 0.407]",0.208955223880597
23927,0.3283922657349008,"(0.303, 0.338]",0.1889763779527559
23928,0.4059392216843975,"(0.373, 0.407]",0.2047244094488189
23929,0.3630665500690251,"(0.338, 0.373]",0.20149253731343283
23930,0.37821159371119273,"(0.373, 0.407]",0.23076923076923078
23932,0.23037114238828302,"(0.2, 0.234]",0.1724137931034483
23933,0.3127975103213866,"(0.303, 0.338]",0.17692307692307693
23976,0.41066251158525113,"(0.407, 0.442]",0.2532467532467532
23980,0.20852282391684887,"(0.2, 0.234]",0.3025210084033613
23981,0.38534233808360163,"(0.373, 0.407]",0.26153846153846155
23982,0.41909221228363236,"(0.407, 0.442]",0.24193548387096775
23983,0.2589692503917756,"(0.234, 0.269]",0.20155038759689922
23984,0.37882999069573026,"(0.373, 0.407]",0.21138211382113822
23985,0.3713385846781755,"(0.338, 0.373]",0.2074074074074074
23986,0.3217541231155794,"(0.303, 0.338]",0.17880794701986755
23987,0.35453111827478984,"(0.338, 0.373]",0.19135802469135801
23988,0.38098574617250563,"(0.373, 0.407]",0.18471337579617833
23989,0.3753902929547649,"(0.373, 0.407]",0.19745222929936307
23990,0.3936063276749507,"(0.373, 0.407]",0.23684210526315788
23991,0.3887134489891364,"(0.373, 0.407]",0.2564102564102564
23992,0.35878384659597284,"(0.338, 0.373]",0.2777777777777778
23993,0.444591948086604,"(0.442, 0.476]",0.2653061224489796
23994,0.4212407689241658,"(0.407, 0.442]",0.28104575163398693
23995,0.3834145049815104,"(0.373, 0.407]",0.2727272727272727
23996,0.4060235246801336,"(0.373, 0.407]",0.25
23997,0.36588799702692093,"(0.338, 0.373]",0.2229299363057325
23998,0.37746180943271707,"(0.373, 0.407]",0.1794871794871795
23999,0.38672983647056475,"(0.373, 0.407]",0.17791411042944785
24000,0.3736614447825438,"(0.373, 0.407]",0.2112676056338028
24001,0.3135693963746141,"(0.303, 0.338]",0.20610687022900764
24002,0.3777767211088245,"(0.373, 0.407]",0.24193548387096775
24003,0.13834241057507896,"(0.131, 0.165]",0.2265625
24004,0.23848216406563535,"(0.234, 0.269]",0.2204724409448819
24005,0.2970310129469078,"(0.269, 0.303]",0.21804511278195488
24048,0.3739686428591319,"(0.373, 0.407]",0.2945205479452055
24049,0.2187876304593459,"(0.2, 0.234]",0.2537313432835821
24050,0.3197465037926341,"(0.303, 0.338]",0.24390243902439024
24051,0.4235262151513166,"(0.407, 0.442]",0.2535211267605634
24052,0.44280429252161885,"(0.442, 0.476]",0.2706766917293233
24055,0.3484624832192817,"(0.338, 0.373]",0.275
24056,0.243712354172197,"(0.234, 0.269]",0.25196850393700787
24057,0.40168069978346554,"(0.373, 0.407]",0.24347826086956523
24058,0.46303096669078125,"(0.442, 0.476]",0.22137404580152673
24059,0.3760575123218861,"(0.373, 0.407]",0.18699186991869918
24060,0.38657656891599684,"(0.373, 0.407]",0.23214285714285715
24061,0.42952502203830595,"(0.407, 0.442]",0.2288135593220339
24062,0.4397756819980844,"(0.407, 0.442]",0.22580645161290322
24063,0.4140500081572598,"(0.407, 0.442]",0.24242424242424243
24064,0.41063937449591403,"(0.407, 0.442]",0.22857142857142856
24065,0.36316559480872856,"(0.338, 0.373]",0.24
24066,0.4272079530233261,"(0.407, 0.442]",0.23741007194244604
24067,0.4412473832557843,"(0.407, 0.442]",0.2517482517482518
24068,0.4216791354555854,"(0.407, 0.442]",0.2887323943661972
24069,0.43215179951857097,"(0.407, 0.442]",0.25874125874125875
24070,0.4186099740689965,"(0.407, 0.442]",0.2773722627737226
24071,0.380785612207334,"(0.373, 0.407]",0.27692307692307694
24072,0.3931995468476651,"(0.373, 0.407]",0.27007299270072993
24073,0.311589983318779,"(0.303, 0.338]",0.31007751937984496
24074,0.39329236056047717,"(0.373, 0.407]",0.271523178807947
24075,0.4213677827101094,"(0.407, 0.442]",0.23376623376623376
24076,0.4169647251188199,"(0.407, 0.442]",0.2054794520547945
24077,0.3584451068110865,"(0.338, 0.373]",0.1875
24078,0.3082154012381245,"(0.303, 0.338]",0.21875
24079,0.3623330082101059,"(0.338, 0.373]",0.1984732824427481
24080,0.3971895510514973,"(0.373, 0.407]",0.19117647058823528
24081,0.4379159973512133,"(0.407, 0.442]",0.19083969465648856
24082,0.35128139669382424,"(0.338, 0.373]",0.22580645161290322
24083,0.32724294988492997,"(0.303, 0.338]",0.22142857142857142
24084,0.3866171950838674,"(0.373, 0.407]",0.14728682170542637
24085,0.3098402346575869,"(0.303, 0.338]",0.1258741258741259
24086,0.340643139695107,"(0.338, 0.373]",0.1476510067114094
24087,0.3753310600077405,"(0.373, 0.407]",0.12903225806451613
24088,0.3944755253021695,"(0.373, 0.407]",0.15950920245398773
24089,0.4178614811466094,"(0.407, 0.442]",0.18
24090,0.33093897243415354,"(0.303, 0.338]",0.14102564102564102
24091,0.38321072921107374,"(0.373, 0.407]",0.12949640287769784
24102,0.2331028039148378,"(0.2, 0.234]",0.21232876712328766
24103,0.3244183362027956,"(0.303, 0.338]",0.23880597014925373
24104,0.30567695210947576,"(0.303, 0.338]",0.25
24121,0.3348278929944853,"(0.303, 0.338]",0.2204724409448819
24122,0.35982953624989544,"(0.338, 0.373]",0.2366412213740458
24123,0.3378496082001277,"(0.303, 0.338]",0.21212121212121213
24128,0.35281147342883434,"(0.338, 0.373]",0.1949685534591195
24133,0.35921108367356,"(0.338, 0.373]",0.4411764705882353
24134,0.42376896282730064,"(0.407, 0.442]",0.3881578947368421
24135,0.3681238221854521,"(0.338, 0.373]",0.25396825396825395
24136,0.46750022193346047,"(0.442, 0.476]",0.27586206896551724
24137,0.42872123082447866,"(0.407, 0.442]",0.2556390977443609
24138,0.40291882765515313,"(0.373, 0.407]",0.23255813953488372
24139,0.41581800897156257,"(0.407, 0.442]",0.26666666666666666
24140,0.3493406320662818,"(0.338, 0.373]",0.29508196721311475
24141,0.366472416159238,"(0.338, 0.373]",0.29365079365079366
24142,0.4302140097917305,"(0.407, 0.442]",0.30158730158730157
24143,0.4099685015355581,"(0.407, 0.442]",0.2932330827067669
24144,0.41505363307028226,"(0.407, 0.442]",0.2878787878787879
24145,0.3950587431869095,"(0.373, 0.407]",0.28346456692913385
24146,0.3798940230742735,"(0.373, 0.407]",0.23846153846153847
24147,0.40004161402719735,"(0.373, 0.407]",0.23387096774193547
24148,0.3891150430821605,"(0.373, 0.407]",0.20512820512820512
24149,0.34412490681222685,"(0.338, 0.373]",0.18115942028985507
24150,0.33820344359889776,"(0.338, 0.373]",0.19117647058823528
24151,0.35036275787425175,"(0.338, 0.373]",0.1875
24152,0.3444882536283637,"(0.338, 0.373]",0.23134328358208955
24153,0.2030286945670864,"(0.2, 0.234]",0.2396694214876033
24154,0.3641366471146675,"(0.338, 0.373]",0.24031007751937986
24155,0.3677006186482941,"(0.338, 0.373]",0.25
24156,0.3322681291580429,"(0.303, 0.338]",0.18439716312056736
24157,0.27358972795160064,"(0.269, 0.303]",0.15436241610738255
24158,0.33490420339434507,"(0.303, 0.338]",0.17218543046357615
24159,0.2777188946016905,"(0.269, 0.303]",0.15384615384615385
24160,0.3582920968180526,"(0.338, 0.373]",0.16049382716049382
24161,0.2979793098086734,"(0.269, 0.303]",0.17532467532467533
24162,0.39239190352794096,"(0.373, 0.407]",0.1393939393939394
24163,0.30871032470419846,"(0.303, 0.338]",0.125
24164,0.3208903606245341,"(0.303, 0.338]",0.14728682170542637
24165,0.37588806405414826,"(0.373, 0.407]",0.17699115044247787
24166,0.3226741141786346,"(0.303, 0.338]",0.17073170731707318
24173,0.3721513344715925,"(0.338, 0.373]",0.2222222222222222
24174,0.21099994066253067,"(0.2, 0.234]",0.22302158273381295
24175,0.22954810760947347,"(0.2, 0.234]",0.17985611510791366
24177,0.3499681849472392,"(0.338, 0.373]",0.1724137931034483
24178,0.37681981593647934,"(0.373, 0.407]",0.18115942028985507
24179,0.3511885193030633,"(0.338, 0.373]",0.1791044776119403
24180,0.4120633587056331,"(0.407, 0.442]",0.1984126984126984
24185,0.3676205410321929,"(0.338, 0.373]",0.16666666666666666
24186,0.3138603887159644,"(0.303, 0.338]",0.18796992481203006
24187,0.3744828180104761,"(0.373, 0.407]",0.1889763779527559
24188,0.4070695295332228,"(0.373, 0.407]",0.21951219512195122
24196,0.3101988685126379,"(0.303, 0.338]",0.20279720279720279
24197,0.3106334143827199,"(0.303, 0.338]",0.19078947368421054
24198,0.3672800453312459,"(0.338, 0.373]",0.16326530612244897
24199,0.37440483626393084,"(0.373, 0.407]",0.23448275862068965
24200,0.3422209001470269,"(0.338, 0.373]",0.22794117647058823
24201,0.3943559246514873,"(0.373, 0.407]",0.23255813953488372
24202,0.34671140743591683,"(0.338, 0.373]",0.2361111111111111
24203,0.3674150822884588,"(0.338, 0.373]",0.19863013698630136
24204,0.3158302499639463,"(0.303, 0.338]",0.17123287671232876
24205,0.308233688050392,"(0.303, 0.338]",0.14864864864864866
24206,0.3382665049765774,"(0.338, 0.373]",0.1510791366906475
24209,0.3942422617945208,"(0.373, 0.407]",0.6198830409356725
24210,0.3526972335664949,"(0.338, 0.373]",0.28
24211,0.2944474333909148,"(0.269, 0.303]",0.2926829268292683
24212,0.3852485026091734,"(0.373, 0.407]",0.29838709677419356
24213,0.44106038056183766,"(0.407, 0.442]",0.28
24214,0.4046714738063136,"(0.373, 0.407]",0.2601626016260163
24215,0.4221358036155245,"(0.407, 0.442]",0.22764227642276422
24216,0.3349236369512649,"(0.303, 0.338]",0.20279720279720279
24217,0.34661031001407955,"(0.338, 0.373]",0.19858156028368795
24218,0.39017861718969926,"(0.373, 0.407]",0.20300751879699247
24219,0.26939974545938095,"(0.269, 0.303]",0.24822695035460993
24220,0.2552669045359619,"(0.234, 0.269]",0.25196850393700787
24221,0.4041093719899503,"(0.373, 0.407]",0.25984251968503935
24222,0.37441457561196373,"(0.373, 0.407]",0.2571428571428571
24223,0.37433466873657206,"(0.373, 0.407]",0.20437956204379562
24224,0.35964586999240056,"(0.338, 0.373]",0.2013888888888889
24225,0.32090949345366354,"(0.303, 0.338]",0.22
24226,0.3170145393050262,"(0.303, 0.338]",0.2222222222222222
24227,0.2957842123870284,"(0.269, 0.303]",0.23026315789473684
24228,0.26912729824316567,"(0.269, 0.303]",0.21768707482993196
24229,0.4277997729525895,"(0.407, 0.442]",0.16981132075471697
24230,0.33471917269038626,"(0.303, 0.338]",0.1566265060240964
24231,0.42531646639848897,"(0.407, 0.442]",0.17647058823529413
24232,0.4088648579602142,"(0.407, 0.442]",0.23972602739726026
24233,0.3287588892205926,"(0.303, 0.338]",0.2764227642276423
24235,0.311561057866498,"(0.303, 0.338]",0.17355371900826447
24236,0.31911832247370675,"(0.303, 0.338]",0.16901408450704225
24238,0.24112600102072854,"(0.234, 0.269]",0.2155688622754491
24242,0.2568056009834682,"(0.234, 0.269]",0.23648648648648649
24243,0.3415853511187765,"(0.338, 0.373]",0.2251655629139073
24244,0.3725985083953201,"(0.373, 0.407]",0.2185430463576159
24245,0.231308980627033,"(0.2, 0.234]",0.1476510067114094
24246,0.29637104876958886,"(0.269, 0.303]",0.1346153846153846
24247,0.39568093327960463,"(0.373, 0.407]",0.14814814814814814
24248,0.3130640017902959,"(0.303, 0.338]",0.1728395061728395
24249,0.3342687025036328,"(0.303, 0.338]",0.18181818181818182
24250,0.27613093561429625,"(0.269, 0.303]",0.1962025316455696
24255,0.36943115851828634,"(0.338, 0.373]",0.15714285714285714
24256,0.31950897126795497,"(0.303, 0.338]",0.16030534351145037
24257,0.4159467120606846,"(0.407, 0.442]",0.1450381679389313
24258,0.32970487739559146,"(0.303, 0.338]",0.18382352941176472
24259,0.3521185167777411,"(0.338, 0.373]",0.19148936170212766
24264,0.2618268460286454,"(0.234, 0.269]",0.24113475177304963
24265,0.20866048901660356,"(0.2, 0.234]",0.1888111888111888
24266,0.3896019490339404,"(0.373, 0.407]",0.20261437908496732
24267,0.3501097559965947,"(0.338, 0.373]",0.2
24268,0.38589457881652345,"(0.373, 0.407]",0.17307692307692307
24269,0.30724173343915323,"(0.303, 0.338]",0.23125
24270,0.32281878681004933,"(0.303, 0.338]",0.24025974025974026
24271,0.32012132463242077,"(0.303, 0.338]",0.24503311258278146
24272,0.26686402290166594,"(0.234, 0.269]",0.23952095808383234
24273,0.44431092664145255,"(0.442, 0.476]",0.20606060606060606
24274,0.3345055960627496,"(0.303, 0.338]",0.19375
24275,0.3402092603145233,"(0.338, 0.373]",0.16560509554140126
24280,0.38131517040535806,"(0.373, 0.407]",0.7272727272727273
24281,0.2704250415309397,"(0.269, 0.303]",0.33070866141732286
24282,0.41127920513255556,"(0.407, 0.442]",0.344
24283,0.41047293910992433,"(0.407, 0.442]",0.29310344827586204
24284,0.38549327529631855,"(0.373, 0.407]",0.24299065420560748
24285,0.3658641065762235,"(0.338, 0.373]",0.1981981981981982
24286,0.3766711028347697,"(0.373, 0.407]",0.1956521739130435
24287,0.3229260745277485,"(0.303, 0.338]",0.22137404580152673
24288,0.40116302711851975,"(0.373, 0.407]",0.2426470588235294
24289,0.4254654800989979,"(0.407, 0.442]",0.25
24290,0.4213948230189817,"(0.407, 0.442]",0.25925925925925924
24291,0.3237177338119199,"(0.303, 0.338]",0.24285714285714285
24292,0.344757320441322,"(0.338, 0.373]",0.23972602739726026
24293,0.38243981419695416,"(0.373, 0.407]",0.23134328358208955
24294,0.390879742670479,"(0.373, 0.407]",0.22058823529411764
24295,0.3338496227806885,"(0.303, 0.338]",0.24324324324324326
24296,0.3712279236996984,"(0.338, 0.373]",0.2571428571428571
24297,0.2988022329555676,"(0.269, 0.303]",0.27741935483870966
24298,0.26433595746467803,"(0.234, 0.269]",0.27702702702702703
24299,0.4420348952170877,"(0.442, 0.476]",0.23870967741935484
24300,0.35853183136326555,"(0.338, 0.373]",0.23563218390804597
24301,0.3279786415095213,"(0.303, 0.338]",0.2345679012345679
24302,0.39784480241909054,"(0.373, 0.407]",0.2608695652173913
24303,0.3294032331832078,"(0.303, 0.338]",0.2676056338028169
24305,0.21228984198715783,"(0.2, 0.234]",0.25833333333333336
24306,0.17078469725389042,"(0.165, 0.2]",0.224
24307,0.3515435885131131,"(0.338, 0.373]",0.21678321678321677
24308,0.40711185722304843,"(0.407, 0.442]",0.17391304347826086
24309,0.40282469744912625,"(0.373, 0.407]",0.2
24310,0.3626365083596121,"(0.338, 0.373]",0.20481927710843373
24313,0.34539776771998043,"(0.338, 0.373]",0.23214285714285715
24314,0.3100849531307849,"(0.303, 0.338]",0.21604938271604937
24315,0.3983005031209882,"(0.373, 0.407]",0.25748502994011974
24316,0.4082240670351449,"(0.407, 0.442]",0.2774566473988439
24317,0.414395223321871,"(0.407, 0.442]",0.22085889570552147
24318,0.3753642316919874,"(0.373, 0.407]",0.20238095238095238
24319,0.3521625293484902,"(0.338, 0.373]",0.18674698795180722
24320,0.25348688722803847,"(0.234, 0.269]",0.19393939393939394
24321,0.39745288266173734,"(0.373, 0.407]",0.17857142857142858
24322,0.3593040926202839,"(0.338, 0.373]",0.18787878787878787
24323,0.39496449057456623,"(0.373, 0.407]",0.1875
24326,0.33995218729516136,"(0.338, 0.373]",0.14285714285714285
24327,0.38594831666387164,"(0.373, 0.407]",0.16
24328,0.3630178320616353,"(0.338, 0.373]",0.15789473684210525
24329,0.24784754015046673,"(0.234, 0.269]",0.16233766233766234
24330,0.38223257999699645,"(0.373, 0.407]",0.17218543046357615
24331,0.36214062711627354,"(0.338, 0.373]",0.15584415584415584
24334,0.34555818237070196,"(0.338, 0.373]",0.23076923076923078
24335,0.2619194619537892,"(0.234, 0.269]",0.21897810218978103
24336,0.2634297681267852,"(0.234, 0.269]",0.2185430463576159
24337,0.35814710921721943,"(0.338, 0.373]",0.17197452229299362
24338,0.26375951813991183,"(0.234, 0.269]",0.1871345029239766
24339,0.21761871649390443,"(0.2, 0.234]",0.19642857142857142
24340,0.32176545558825254,"(0.303, 0.338]",0.15625
24341,0.3748079381797776,"(0.373, 0.407]",0.19883040935672514
24342,0.2928060246876026,"(0.269, 0.303]",0.21739130434782608
24343,0.32422537341461033,"(0.303, 0.338]",0.2147239263803681
24344,0.4489711677302494,"(0.442, 0.476]",0.22413793103448276
24345,0.3877527310056967,"(0.373, 0.407]",0.21656050955414013
24346,0.37315695643641283,"(0.373, 0.407]",0.21019108280254778
24347,0.31172522750755877,"(0.303, 0.338]",0.20394736842105263
24348,0.4153203319926772,"(0.407, 0.442]",0.2054794520547945
24349,0.40268234040519085,"(0.373, 0.407]",0.24025974025974026
24355,0.3669708016137438,"(0.338, 0.373]",0.35772357723577236
24356,0.40911556092085943,"(0.407, 0.442]",0.384
24357,0.40629862177967807,"(0.373, 0.407]",0.3697478991596639
24358,0.4409108341650649,"(0.407, 0.442]",0.3387096774193548
24359,0.3688258258799478,"(0.338, 0.373]",0.2542372881355932
24360,0.44863615872421214,"(0.442, 0.476]",0.22033898305084745
24361,0.27113894018597173,"(0.269, 0.303]",0.2318840579710145
24362,0.36345214031437295,"(0.338, 0.373]",0.2706766917293233
24363,0.2694457658250331,"(0.269, 0.303]",0.2835820895522388
24364,0.31275739051928686,"(0.303, 0.338]",0.2676056338028169
24365,0.373381684231526,"(0.373, 0.407]",0.2887323943661972
24366,0.367341725244723,"(0.338, 0.373]",0.2517985611510791
24367,0.3867854037548564,"(0.373, 0.407]",0.26666666666666666
24368,0.3299812268615172,"(0.303, 0.338]",0.2608695652173913
24369,0.35467826255228646,"(0.338, 0.373]",0.26666666666666666
24370,0.23425818576711416,"(0.2, 0.234]",0.2631578947368421
24371,0.3120051829141816,"(0.303, 0.338]",0.26573426573426573
24372,0.2523112128711955,"(0.234, 0.269]",0.28205128205128205
24373,0.3334076361267552,"(0.303, 0.338]",0.25
24374,0.31565959781318925,"(0.303, 0.338]",0.2689655172413793
24375,0.3346505360827146,"(0.303, 0.338]",0.25766871165644173
24376,0.3629867164728785,"(0.338, 0.373]",0.2857142857142857
24377,0.34622464377819917,"(0.338, 0.373]",0.30952380952380953
24378,0.28848394718712406,"(0.269, 0.303]",0.27564102564102566
24379,0.22591685541884585,"(0.2, 0.234]",0.2992125984251969
24380,0.3528636389301697,"(0.338, 0.373]",0.256
24381,0.2629134267448679,"(0.234, 0.269]",0.2608695652173913
24382,0.3612332817899849,"(0.338, 0.373]",0.25806451612903225
24383,0.38642012354813016,"(0.373, 0.407]",0.22905027932960895
24384,0.39092597655304806,"(0.373, 0.407]",0.22485207100591717
24385,0.37004179208651555,"(0.338, 0.373]",0.20481927710843373
24388,0.33373532462159955,"(0.303, 0.338]",0.24404761904761904
24389,0.2876293637551349,"(0.269, 0.303]",0.2215568862275449
24390,0.2958067597351413,"(0.269, 0.303]",0.25862068965517243
24391,0.39546325037243046,"(0.373, 0.407]",0.2752808988764045
24392,0.39138110932144654,"(0.373, 0.407]",0.21686746987951808
24393,0.39867854226061555,"(0.373, 0.407]",0.2155688622754491
24394,0.3837118810749285,"(0.373, 0.407]",0.17365269461077845
24395,0.36707777204094894,"(0.338, 0.373]",0.16049382716049382
24396,0.2737751019462702,"(0.269, 0.303]",0.15476190476190477
24397,0.2733673333708574,"(0.269, 0.303]",0.15527950310559005
24398,0.3300479379921944,"(0.303, 0.338]",0.16981132075471697
24401,0.32648004027991334,"(0.303, 0.338]",0.17307692307692307
24402,0.36517997454656,"(0.338, 0.373]",0.20394736842105263
24403,0.26139968949794273,"(0.234, 0.269]",0.17123287671232876
24404,0.26908844057259773,"(0.269, 0.303]",0.1643835616438356
24405,0.3753780553247369,"(0.373, 0.407]",0.17687074829931973
24406,0.380288065105438,"(0.373, 0.407]",0.15333333333333332
24407,0.3825292852287751,"(0.373, 0.407]",0.19424460431654678
24408,0.3633572410888258,"(0.338, 0.373]",0.21678321678321677
24409,0.3092076957274194,"(0.303, 0.338]",0.20422535211267606
24410,0.3397221703462396,"(0.338, 0.373]",0.22972972972972974
24411,0.24326031929631722,"(0.234, 0.269]",0.2289156626506024
24412,0.3666514821098445,"(0.338, 0.373]",0.19745222929936307
24413,0.3670369196709287,"(0.338, 0.373]",0.20689655172413793
24414,0.3543270601981298,"(0.338, 0.373]",0.20606060606060606
24415,0.3990986144271772,"(0.373, 0.407]",0.20382165605095542
24416,0.3639260043005423,"(0.338, 0.373]",0.2254335260115607
24417,0.36984306343109813,"(0.338, 0.373]",0.24390243902439024
24418,0.37052039141426385,"(0.338, 0.373]",0.23125
24419,0.44144254605584726,"(0.407, 0.442]",0.23030303030303031
24420,0.3904048438598034,"(0.373, 0.407]",0.24183006535947713
24421,0.446625706087648,"(0.442, 0.476]",0.2605633802816901
24422,0.31492092442715264,"(0.303, 0.338]",0.24285714285714285
24423,0.4122265143297864,"(0.407, 0.442]",0.2463768115942029
24424,0.38876715325670796,"(0.373, 0.407]",0.24817518248175183
24425,0.3748003147401844,"(0.373, 0.407]",0.21428571428571427
24426,0.36490083432322235,"(0.338, 0.373]",0.24390243902439024
24431,0.24645172241238225,"(0.234, 0.269]",0.27586206896551724
24432,0.3587488752054979,"(0.338, 0.373]",0.2900763358778626
24433,0.2140771069909589,"(0.2, 0.234]",0.33088235294117646
24434,0.25080823964644966,"(0.234, 0.269]",0.35658914728682173
24435,0.4465121846946135,"(0.442, 0.476]",0.34782608695652173
24436,0.3329448393866345,"(0.303, 0.338]",0.36764705882352944
24437,0.310405665965971,"(0.303, 0.338]",0.3007518796992481
24438,0.3431346865906968,"(0.338, 0.373]",0.2972972972972973
24439,0.39843314295119664,"(0.373, 0.407]",0.2765957446808511
24440,0.4114376575773727,"(0.407, 0.442]",0.2602739726027397
24441,0.3802370905263188,"(0.373, 0.407]",0.2645161290322581
24442,0.3877208611795634,"(0.373, 0.407]",0.26174496644295303
24443,0.3332986107047486,"(0.303, 0.338]",0.30246913580246915
24444,0.272103465976108,"(0.269, 0.303]",0.2857142857142857
24445,0.3194661599474004,"(0.303, 0.338]",0.2913907284768212
24446,0.31781219604967625,"(0.303, 0.338]",0.2857142857142857
24447,0.3705325240521425,"(0.338, 0.373]",0.2865853658536585
24448,0.33651716097213785,"(0.303, 0.338]",0.28888888888888886
24449,0.38386212275889353,"(0.373, 0.407]",0.27058823529411763
24450,0.2889202742867813,"(0.269, 0.303]",0.2896551724137931
24451,0.31316451796776995,"(0.303, 0.338]",0.25
24452,0.4016069627358745,"(0.373, 0.407]",0.3120567375886525
24453,0.3542468466152617,"(0.338, 0.373]",0.296551724137931
24454,0.4152571932764268,"(0.407, 0.442]",0.25903614457831325
24455,0.38519427335800616,"(0.373, 0.407]",0.24691358024691357
24456,0.3416814396805333,"(0.338, 0.373]",0.19230769230769232
24457,0.20350906289916043,"(0.2, 0.234]",0.19745222929936307
24459,0.35134976926876127,"(0.338, 0.373]",0.24096385542168675
24460,0.20521055252308018,"(0.2, 0.234]",0.21084337349397592
24461,0.3271474411911119,"(0.303, 0.338]",0.23626373626373626
24462,0.3716520185077141,"(0.338, 0.373]",0.24022346368715083
24463,0.4053630608962356,"(0.373, 0.407]",0.1853932584269663
24464,0.36277245624997234,"(0.338, 0.373]",0.20634920634920634
24465,0.36214782655654615,"(0.338, 0.373]",0.1787709497206704
24466,0.3804088578293765,"(0.373, 0.407]",0.21081081081081082
24467,0.39996677991229784,"(0.373, 0.407]",0.22950819672131148
24468,0.26002797748396617,"(0.234, 0.269]",0.2289156626506024
24469,0.28839486714233414,"(0.269, 0.303]",0.22941176470588234
24470,0.2334590024202599,"(0.2, 0.234]",0.19393939393939394
24471,0.3341903879764515,"(0.303, 0.338]",0.18902439024390244
24474,0.40261416100976416,"(0.373, 0.407]",0.19875776397515527
24475,0.3534474166080044,"(0.338, 0.373]",0.18518518518518517
24476,0.37853663790912717,"(0.373, 0.407]",0.1987179487179487
24477,0.40099543567107215,"(0.373, 0.407]",0.17721518987341772
24478,0.36115428911971537,"(0.338, 0.373]",0.20666666666666667
24479,0.37969454083023035,"(0.373, 0.407]",0.23333333333333334
24480,0.38753654563876233,"(0.373, 0.407]",0.23870967741935484
24481,0.24521623948773807,"(0.234, 0.269]",0.2597402597402597
24482,0.40893189647074046,"(0.407, 0.442]",0.2777777777777778
24483,0.4492768508863207,"(0.442, 0.476]",0.2534246575342466
24484,0.3459409252408105,"(0.338, 0.373]",0.2611464968152866
24485,0.39171622776122955,"(0.373, 0.407]",0.2789115646258503
24486,0.31555776593749835,"(0.303, 0.338]",0.2536231884057971
24487,0.3437701505354457,"(0.338, 0.373]",0.24358974358974358
24488,0.3840188430914346,"(0.373, 0.407]",0.24025974025974026
24489,0.2976524683826271,"(0.269, 0.303]",0.21476510067114093
24490,0.3819464840398812,"(0.373, 0.407]",0.2222222222222222
24491,0.37897828586915355,"(0.373, 0.407]",0.24516129032258063
24492,0.42243919381539785,"(0.407, 0.442]",0.273972602739726
24493,0.37586695257389124,"(0.373, 0.407]",0.2549019607843137
24494,0.3646761314836786,"(0.338, 0.373]",0.2896551724137931
24495,0.2819556323854638,"(0.269, 0.303]",0.302158273381295
24496,0.3058328177051502,"(0.303, 0.338]",0.26515151515151514
24506,0.2879523483085163,"(0.269, 0.303]",0.6965174129353234
24507,0.28224755264502194,"(0.269, 0.303]",0.47058823529411764
24508,0.19149420961848024,"(0.165, 0.2]",0.3488372093023256
24509,0.4076980503920035,"(0.407, 0.442]",0.36428571428571427
24510,0.37908604002704593,"(0.373, 0.407]",0.35766423357664234
24511,0.3848178445223254,"(0.373, 0.407]",0.3191489361702128
24512,0.41940531271420106,"(0.407, 0.442]",0.35172413793103446
24513,0.29642109572263964,"(0.269, 0.303]",0.2867647058823529
24514,0.37865057789387185,"(0.373, 0.407]",0.273972602739726
24515,0.4262698742482321,"(0.407, 0.442]",0.2753623188405797
24516,0.4201649847797767,"(0.407, 0.442]",0.2517985611510791
24517,0.27772562456495375,"(0.269, 0.303]",0.272108843537415
24518,0.3336931478001361,"(0.303, 0.338]",0.3013698630136986
24519,0.3538686151853052,"(0.338, 0.373]",0.31952662721893493
24520,0.40174914177935683,"(0.373, 0.407]",0.3248407643312102
24521,0.3737674337271796,"(0.373, 0.407]",0.3419354838709677
24522,0.3087416095875749,"(0.303, 0.338]",0.3248407643312102
24523,0.14552855154887678,"(0.131, 0.165]",0.33557046979865773
24524,0.3723390866717256,"(0.338, 0.373]",0.2929936305732484
24525,0.3637980357706523,"(0.338, 0.373]",0.25
24526,0.20201542325101265,"(0.2, 0.234]",0.2684563758389262
24527,0.21662221069994095,"(0.2, 0.234]",0.23741007194244604
24528,0.35519121323956016,"(0.338, 0.373]",0.32666666666666666
24529,0.4131109237675467,"(0.407, 0.442]",0.33986928104575165
24530,0.3609521674699759,"(0.338, 0.373]",0.2981366459627329
24531,0.4290676873582099,"(0.407, 0.442]",0.2611464968152866
24532,0.3159924380895377,"(0.303, 0.338]",0.17333333333333334
24533,0.29383406785827504,"(0.269, 0.303]",0.16025641025641027
24534,0.38412545378492163,"(0.373, 0.407]",0.15757575757575756
24535,0.35165005335016664,"(0.338, 0.373]",0.2138728323699422
24536,0.3383384116366321,"(0.338, 0.373]",0.20809248554913296
24537,0.3693482101862836,"(0.338, 0.373]",0.24022346368715083
24538,0.3552364024944471,"(0.338, 0.373]",0.23952095808383234
24539,0.34248517722894833,"(0.338, 0.373]",0.20809248554913296
24540,0.3469964940332618,"(0.338, 0.373]",0.23295454545454544
24541,0.37737458082480596,"(0.373, 0.407]",0.19298245614035087
24542,0.3912171486271364,"(0.373, 0.407]",0.21910112359550563
24543,0.30829550484541796,"(0.303, 0.338]",0.2254335260115607
24544,0.24945355123129898,"(0.234, 0.269]",0.2222222222222222
24545,0.3406494367540924,"(0.338, 0.373]",0.23529411764705882
24546,0.39951654219377775,"(0.373, 0.407]",0.20833333333333334
24547,0.2878540956958746,"(0.269, 0.303]",0.21301775147928995
24549,0.3120111942191532,"(0.303, 0.338]",0.23417721518987342
24550,0.2595975599060445,"(0.234, 0.269]",0.23125
24551,0.3558948061566028,"(0.338, 0.373]",0.2331288343558282
24552,0.3386204045235553,"(0.338, 0.373]",0.22435897435897437
24553,0.3661649787681438,"(0.338, 0.373]",0.2
24554,0.41298113425355204,"(0.407, 0.442]",0.21052631578947367
24555,0.4089411893073928,"(0.407, 0.442]",0.2108843537414966
24558,0.3844331670642069,"(0.373, 0.407]",0.27647058823529413
24559,0.3749137559332976,"(0.373, 0.407]",0.25949367088607594
24560,0.39160095675172146,"(0.373, 0.407]",0.24183006535947713
24561,0.33870841601720514,"(0.338, 0.373]",0.22302158273381295
24562,0.3807387272171349,"(0.373, 0.407]",0.21374045801526717
24563,0.36120366886148153,"(0.338, 0.373]",0.24285714285714285
24564,0.3728761680500225,"(0.373, 0.407]",0.24822695035460993
24565,0.4149907635798322,"(0.407, 0.442]",0.2642857142857143
24566,0.3608455557093372,"(0.338, 0.373]",0.28187919463087246
24567,0.40317305455909,"(0.373, 0.407]",0.2867132867132867
24568,0.33395863203860054,"(0.303, 0.338]",0.2887323943661972
24569,0.3395798590147522,"(0.338, 0.373]",0.26973684210526316
24570,0.36935874426012044,"(0.338, 0.373]",0.2980132450331126
24571,0.35552616779846524,"(0.338, 0.373]",0.28378378378378377
24572,0.3836189410268181,"(0.373, 0.407]",0.2734375
24589,0.3067941598593337,"(0.303, 0.338]",0.780952380952381
24590,0.38550560545718726,"(0.373, 0.407]",0.45806451612903226
24591,0.3859102446710401,"(0.373, 0.407]",0.40425531914893614
24592,0.34409314068426955,"(0.338, 0.373]",0.3973509933774834
24593,0.426748281787713,"(0.407, 0.442]",0.3904109589041096
24594,0.3782432088306664,"(0.373, 0.407]",0.3790849673202614
24595,0.40213995608909797,"(0.373, 0.407]",0.40540540540540543
24596,0.3841785272221622,"(0.373, 0.407]",0.34057971014492755
24597,0.42789814492287553,"(0.407, 0.442]",0.33112582781456956
24598,0.31512750736232725,"(0.303, 0.338]",0.3333333333333333
24599,0.40670122421805555,"(0.373, 0.407]",0.2972972972972973
24601,0.43736846946025315,"(0.407, 0.442]",0.33986928104575165
24602,0.3032037772526301,"(0.269, 0.303]",0.31901840490797545
24603,0.3102916378581742,"(0.303, 0.338]",0.3161290322580645
24604,0.4452604228153884,"(0.442, 0.476]",0.3181818181818182
24605,0.26673296704886734,"(0.234, 0.269]",0.2967741935483871
24606,0.40094936985592283,"(0.373, 0.407]",0.3202614379084967
24607,0.2951260926408954,"(0.269, 0.303]",0.2967741935483871
24608,0.3385441559342942,"(0.338, 0.373]",0.28104575163398693
24609,0.4057432780404462,"(0.373, 0.407]",0.2980132450331126
24610,0.2905543189459148,"(0.269, 0.303]",0.2805755395683453
24611,0.4145870171115662,"(0.407, 0.442]",0.34615384615384615
24612,0.37430586418938483,"(0.373, 0.407]",0.3246753246753247
24613,0.3926481728120011,"(0.373, 0.407]",0.3141025641025641
24614,0.3593825928900122,"(0.338, 0.373]",0.27388535031847133
24615,0.21089771304231875,"(0.2, 0.234]",0.2013888888888889
24616,0.324224065461596,"(0.303, 0.338]",0.1986754966887417
24617,0.20139037263630843,"(0.2, 0.234]",0.18012422360248448
24618,0.3491900709324674,"(0.338, 0.373]",0.23255813953488372
24619,0.19413712288606635,"(0.165, 0.2]",0.22023809523809523
24620,0.2545244038087252,"(0.234, 0.269]",0.20930232558139536
24621,0.17370213022920858,"(0.165, 0.2]",0.20512820512820512
24622,0.3532070913526384,"(0.338, 0.373]",0.1761006289308176
24623,0.426892468297358,"(0.407, 0.442]",0.21301775147928995
24624,0.30569295077902003,"(0.303, 0.338]",0.20710059171597633
24625,0.2682557812173655,"(0.234, 0.269]",0.2154696132596685
24626,0.33742884307410786,"(0.303, 0.338]",0.22346368715083798
24627,0.2860668514789113,"(0.269, 0.303]",0.21052631578947367
24628,0.28363576019150594,"(0.269, 0.303]",0.24277456647398843
24629,0.36001807607352254,"(0.338, 0.373]",0.23837209302325582
24630,0.2350697609945536,"(0.234, 0.269]",0.25609756097560976
24632,0.31166551857618935,"(0.303, 0.338]",0.23870967741935484
24633,0.35376668041743203,"(0.338, 0.373]",0.2549019607843137
24634,0.35707533094599153,"(0.338, 0.373]",0.2392638036809816
24635,0.29397730112843806,"(0.269, 0.303]",0.2634730538922156
24636,0.3750553717613836,"(0.373, 0.407]",0.25301204819277107
24637,0.37734786807617227,"(0.373, 0.407]",0.25149700598802394
24642,0.40156655215575005,"(0.373, 0.407]",0.2875816993464052
24643,0.4065002380120469,"(0.373, 0.407]",0.25675675675675674
24644,0.3700865652008291,"(0.338, 0.373]",0.21739130434782608
24645,0.4082744879102917,"(0.407, 0.442]",0.21212121212121213
24646,0.4074608432330512,"(0.407, 0.442]",0.2558139534883721
24647,0.40144613912753924,"(0.373, 0.407]",0.2803030303030303
24648,0.4464693428602191,"(0.442, 0.476]",0.3
24649,0.3120618571264609,"(0.303, 0.338]",0.32116788321167883
24650,0.40438148781542316,"(0.373, 0.407]",0.2905405405405405
24651,0.3817191531173146,"(0.373, 0.407]",0.2635135135135135
24652,0.3406472558638267,"(0.338, 0.373]",0.2611464968152866
24653,0.25998308263742764,"(0.234, 0.269]",0.2838709677419355
24654,0.36271651803221633,"(0.338, 0.373]",0.2733812949640288
24655,0.18235166147060933,"(0.165, 0.2]",0.2777777777777778
24674,0.42446922104138035,"(0.407, 0.442]",0.44805194805194803
24675,0.47399883177893226,"(0.442, 0.476]",0.40268456375838924
24676,0.4658069738439884,"(0.442, 0.476]",0.42105263157894735
24677,0.379044897837301,"(0.373, 0.407]",0.44285714285714284
24678,0.38642531484893966,"(0.373, 0.407]",0.37209302325581395
24679,0.3418548307831061,"(0.338, 0.373]",0.36363636363636365
24680,0.21993868019104706,"(0.2, 0.234]",0.3669064748201439
24681,0.3728830277913464,"(0.373, 0.407]",0.3221476510067114
24682,0.4144401782012409,"(0.407, 0.442]",0.3584905660377358
24683,0.38576450847015586,"(0.373, 0.407]",0.3790849673202614
24684,0.43483098227735134,"(0.407, 0.442]",0.3515151515151515
24685,0.3741272183167016,"(0.373, 0.407]",0.3674698795180723
24686,0.40669385966554233,"(0.373, 0.407]",0.3270440251572327
24689,0.40400252382985263,"(0.373, 0.407]",0.2689655172413793
24691,0.34549967091355144,"(0.338, 0.373]",0.2781456953642384
24692,0.34003741185871617,"(0.338, 0.373]",0.2571428571428571
24693,0.44813733812481726,"(0.442, 0.476]",0.29931972789115646
24694,0.38952373899910236,"(0.373, 0.407]",0.31386861313868614
24695,0.35127834658280366,"(0.338, 0.373]",0.27692307692307694
24696,0.3613406920859583,"(0.338, 0.373]",0.27586206896551724
24697,0.3985966167808444,"(0.373, 0.407]",0.21678321678321677
24698,0.39109651803355694,"(0.373, 0.407]",0.20915032679738563
24699,0.2594112540457801,"(0.234, 0.269]",0.20930232558139536
24700,0.034227093748878716,"(0.0271, 0.0617]",0.23563218390804597
24701,0.1517145012619348,"(0.131, 0.165]",0.23636363636363636
24702,0.3445380951576309,"(0.338, 0.373]",0.21052631578947367
24703,0.2793604599958763,"(0.269, 0.303]",0.1986754966887417
24704,0.387850887005627,"(0.373, 0.407]",0.1794871794871795
24705,0.42675608842021473,"(0.407, 0.442]",0.20359281437125748
24706,0.4089139149269935,"(0.407, 0.442]",0.22941176470588234
24707,0.3678905082987914,"(0.338, 0.373]",0.24725274725274726
24708,0.3461010747547342,"(0.338, 0.373]",0.25280898876404495
24709,0.41101272727203214,"(0.407, 0.442]",0.25
24710,0.40033841603394754,"(0.373, 0.407]",0.2727272727272727
24711,0.3711981754238105,"(0.338, 0.373]",0.25
24712,0.2943182621647762,"(0.269, 0.303]",0.2558139534883721
24714,0.3243036246259096,"(0.303, 0.338]",0.24203821656050956
24715,0.3537932661740749,"(0.338, 0.373]",0.28313253012048195
24716,0.3070666209737756,"(0.303, 0.338]",0.27058823529411763
24717,0.31705031724762556,"(0.303, 0.338]",0.29518072289156627
24718,0.35240814380943314,"(0.338, 0.373]",0.2893081761006289
24719,0.41495385933757023,"(0.407, 0.442]",0.2709677419354839
24725,0.29281573513065023,"(0.269, 0.303]",0.2905405405405405
24726,0.4099158105910546,"(0.407, 0.442]",0.2785714285714286
24727,0.2905949484418904,"(0.269, 0.303]",0.23703703703703705
24728,0.40801086683527404,"(0.407, 0.442]",0.25196850393700787
24729,0.38882494679171714,"(0.373, 0.407]",0.2713178294573643
24731,0.4032755057096681,"(0.373, 0.407]",0.31851851851851853
24732,0.44096187607275295,"(0.407, 0.442]",0.2702702702702703
24733,0.35177451502528956,"(0.338, 0.373]",0.26174496644295303
24734,0.3140062104250242,"(0.303, 0.338]",0.25333333333333335
24735,0.1211712946283154,"(0.0962, 0.131]",0.2714285714285714
24736,0.30439122327282037,"(0.303, 0.338]",0.288135593220339
24755,0.37169261690338534,"(0.338, 0.373]",0.5123456790123457
24756,0.42381608232571255,"(0.407, 0.442]",0.49696969696969695
24757,0.41911947417492895,"(0.407, 0.442]",0.4240506329113924
24758,0.41815775502867275,"(0.407, 0.442]",0.43870967741935485
24759,0.44574515829931166,"(0.442, 0.476]",0.42953020134228187
24760,0.38917906490750204,"(0.373, 0.407]",0.38686131386861317
24761,0.2961334907712945,"(0.269, 0.303]",0.410958904109589
24762,0.21706356280002995,"(0.2, 0.234]",0.427536231884058
24763,0.3153262222735744,"(0.303, 0.338]",0.3916083916083916
24764,0.2178520730417214,"(0.2, 0.234]",0.4121212121212121
24765,0.37571289194600765,"(0.373, 0.407]",0.41509433962264153
24766,0.32743088414821586,"(0.303, 0.338]",0.3668639053254438
24767,0.3785677958317721,"(0.373, 0.407]",0.3563218390804598
24768,0.4269172467202675,"(0.407, 0.442]",0.3248407643312102
24769,0.41597414250935666,"(0.407, 0.442]",0.3129251700680272
24773,0.4096097178305507,"(0.407, 0.442]",0.3092105263157895
24774,0.41202967098605076,"(0.407, 0.442]",0.29333333333333333
24775,0.3948334900778784,"(0.373, 0.407]",0.2751677852348993
24776,0.40953277301875046,"(0.407, 0.442]",0.28368794326241137
24777,0.330860150118095,"(0.303, 0.338]",0.2647058823529412
24778,0.38455745958307264,"(0.373, 0.407]",0.2534246575342466
24779,0.3474295569637447,"(0.338, 0.373]",0.24358974358974358
24780,0.28602585575239303,"(0.269, 0.303]",0.2229299363057325
24781,0.3519034479000567,"(0.338, 0.373]",0.23170731707317074
24782,0.32917881456122805,"(0.303, 0.338]",0.26627218934911245
24783,0.3672308917021854,"(0.338, 0.373]",0.2848101265822785
24784,0.3766397475006808,"(0.373, 0.407]",0.2606060606060606
24785,0.3324285633723171,"(0.303, 0.338]",0.2422360248447205
24786,0.34797950067886196,"(0.338, 0.373]",0.23225806451612904
24787,0.30313954938874005,"(0.269, 0.303]",0.22727272727272727
24788,0.2203746061105052,"(0.2, 0.234]",0.2484076433121019
24789,0.33421900345405775,"(0.303, 0.338]",0.24183006535947713
24790,0.3508529295732808,"(0.338, 0.373]",0.22727272727272727
24791,0.2609690860072382,"(0.234, 0.269]",0.22560975609756098
24792,0.38782167494713626,"(0.373, 0.407]",0.2546583850931677
24793,0.17878123485842726,"(0.165, 0.2]",0.25595238095238093
24794,0.3536510182068027,"(0.338, 0.373]",0.2647058823529412
24797,0.36970208986088643,"(0.338, 0.373]",0.3076923076923077
24798,0.37863145561505224,"(0.373, 0.407]",0.2981366459627329
24799,0.3646929470396569,"(0.338, 0.373]",0.3018867924528302
24800,0.4392165006994068,"(0.407, 0.442]",0.3026315789473684
24801,0.3746013229494415,"(0.373, 0.407]",0.30201342281879195
24806,0.17163696201139167,"(0.165, 0.2]",0.2616279069767442
24807,0.34552952309787305,"(0.338, 0.373]",0.23870967741935484
24808,0.16815879773490264,"(0.165, 0.2]",0.23448275862068965
24809,0.3595384076416651,"(0.338, 0.373]",0.2361111111111111
24810,0.3149536134574097,"(0.303, 0.338]",0.24615384615384617
24811,0.41630666325421617,"(0.407, 0.442]",0.29927007299270075
24812,0.3314655294251736,"(0.303, 0.338]",0.32608695652173914
24813,0.37818711435226904,"(0.373, 0.407]",0.3409090909090909
24814,0.30595392951810757,"(0.303, 0.338]",0.29285714285714287
24815,0.37044382119057295,"(0.338, 0.373]",0.2535211267605634
24816,0.3489679274455414,"(0.338, 0.373]",0.2518518518518518
24817,0.26284284192517726,"(0.234, 0.269]",0.23529411764705882
24836,0.2029344399262386,"(0.2, 0.234]",0.5283018867924528
24837,0.4486769451920236,"(0.442, 0.476]",0.46
24838,0.3791508169750316,"(0.373, 0.407]",0.48484848484848486
24839,0.32103845976429496,"(0.303, 0.338]",0.4967741935483871
24840,0.3466351086605831,"(0.338, 0.373]",0.46
24841,0.34131240469037116,"(0.338, 0.373]",0.45
24842,0.2703541138290981,"(0.269, 0.303]",0.4041095890410959
24843,0.34384405356266495,"(0.338, 0.373]",0.36486486486486486
24844,0.35830016801655307,"(0.338, 0.373]",0.3333333333333333
24845,0.39473212572975136,"(0.373, 0.407]",0.29411764705882354
24847,0.4148224778153595,"(0.407, 0.442]",0.28104575163398693
24848,0.3373347617031621,"(0.303, 0.338]",0.2978723404255319
24849,0.37143589769494867,"(0.338, 0.373]",0.29931972789115646
24850,0.39015441401607726,"(0.373, 0.407]",0.2857142857142857
24851,0.2456837400372416,"(0.234, 0.269]",0.29333333333333333
24852,0.4108305784602186,"(0.407, 0.442]",0.26
24853,0.3596850062555646,"(0.338, 0.373]",0.25
24854,0.4288902648305277,"(0.407, 0.442]",0.23741007194244604
24857,0.3700554999834606,"(0.338, 0.373]",0.23648648648648649
24858,0.38267574563757084,"(0.373, 0.407]",0.2483221476510067
24859,0.37068521639602686,"(0.338, 0.373]",0.2802547770700637
24860,0.3731318536300531,"(0.373, 0.407]",0.3026315789473684
24861,0.3721015635374481,"(0.338, 0.373]",0.2804878048780488
24862,0.35265914779429386,"(0.338, 0.373]",0.2795031055900621
24863,0.35277491280166473,"(0.338, 0.373]",0.271523178807947
24864,0.3215991268010062,"(0.303, 0.338]",0.2585034013605442
24865,0.25312824759100605,"(0.234, 0.269]",0.2937062937062937
24866,0.3142662466252658,"(0.303, 0.338]",0.2805755395683453
24867,0.4237542031622187,"(0.407, 0.442]",0.27702702702702703
24868,0.38624078722590105,"(0.373, 0.407]",0.29559748427672955
24869,0.31930265845890504,"(0.303, 0.338]",0.3137254901960784
24874,0.2726469139863499,"(0.269, 0.303]",0.3273809523809524
24875,0.31410614303252066,"(0.303, 0.338]",0.31547619047619047
24876,0.38467584825438816,"(0.373, 0.407]",0.33121019108280253
24877,0.35506204126310165,"(0.338, 0.373]",0.34285714285714286
24878,0.4116225181351284,"(0.407, 0.442]",0.35074626865671643
24881,0.39742546087983877,"(0.373, 0.407]",0.26666666666666666
24882,0.36599881860525346,"(0.338, 0.373]",0.24666666666666667
24883,0.19271156127494365,"(0.165, 0.2]",0.275
24884,0.27027070440965634,"(0.269, 0.303]",0.25
24885,0.2105906030761459,"(0.2, 0.234]",0.23780487804878048
24886,0.3459406879947304,"(0.338, 0.373]",0.25766871165644173
24887,0.27123886501895667,"(0.269, 0.303]",0.24503311258278146
24888,0.437892793981406,"(0.407, 0.442]",0.2907801418439716
24889,0.41289126110603935,"(0.407, 0.442]",0.33076923076923076
24890,0.315793414846681,"(0.303, 0.338]",0.3220338983050847
24891,0.28888092440829216,"(0.269, 0.303]",0.28205128205128205
24910,0.4310165141610724,"(0.407, 0.442]",0.5123456790123457
24911,0.44166103043001553,"(0.442, 0.476]",0.5064102564102564
24912,0.38434227891063555,"(0.373, 0.407]",0.4794520547945205
24913,0.28704205012653294,"(0.269, 0.303]",0.4503311258278146
24914,0.38224405366300446,"(0.373, 0.407]",0.41304347826086957
24915,0.3458647755548097,"(0.338, 0.373]",0.3971631205673759
24916,0.4419308683801587,"(0.442, 0.476]",0.36486486486486486
24917,0.44341539663392787,"(0.442, 0.476]",0.3472222222222222
24918,0.295559947297238,"(0.269, 0.303]",0.35036496350364965
24919,0.28482857235560727,"(0.269, 0.303]",0.31654676258992803
24920,0.2120872898562026,"(0.2, 0.234]",0.3208955223880597
24921,0.31975780655235125,"(0.303, 0.338]",0.3013698630136986
24922,0.3882022452449677,"(0.373, 0.407]",0.28289473684210525
24923,0.3606273145941701,"(0.338, 0.373]",0.2827586206896552
24924,0.3582857344352959,"(0.338, 0.373]",0.25547445255474455
24925,0.36062830128965234,"(0.338, 0.373]",0.2661290322580645
24926,0.39157116099849604,"(0.373, 0.407]",0.2462686567164179
24927,0.36047207493336275,"(0.338, 0.373]",0.25
24929,0.4407684528649061,"(0.407, 0.442]",0.2532467532467532
24930,0.383789775872246,"(0.373, 0.407]",0.2781456953642384
24931,0.39710707912413823,"(0.373, 0.407]",0.3161290322580645
24932,0.41016143171955133,"(0.407, 0.442]",0.3116883116883117
24933,0.39348832909543685,"(0.373, 0.407]",0.3076923076923077
24934,0.41124687180417524,"(0.407, 0.442]",0.2875816993464052
24935,0.42011156447673476,"(0.407, 0.442]",0.2789115646258503
24936,0.19352228319252632,"(0.165, 0.2]",0.25
24937,0.0980218296199724,"(0.0962, 0.131]",0.2907801418439716
24938,0.06022963645369625,"(0.0271, 0.0617]",0.30303030303030304
24939,0.1682037304266437,"(0.165, 0.2]",0.29411764705882354
24940,0.3657585823546087,"(0.338, 0.373]",0.3404255319148936
24945,0.4378419773663553,"(0.407, 0.442]",0.3548387096774194
24946,0.35555864667480375,"(0.338, 0.373]",0.3116883116883117
24947,0.34192551602721133,"(0.338, 0.373]",0.33116883116883117
24948,0.32767808542409105,"(0.303, 0.338]",0.34074074074074073
24949,0.33712261277349626,"(0.303, 0.338]",0.35658914728682173
24950,0.3590867398894475,"(0.338, 0.373]",0.3821138211382114
24951,0.3696704338033536,"(0.338, 0.373]",0.37606837606837606
24952,0.42130961220879143,"(0.407, 0.442]",0.3146853146853147
24953,0.3411916453958748,"(0.338, 0.373]",0.2830188679245283
24954,0.09617417998866991,"(0.0617, 0.0962]",0.29375
24955,0.20325796287537426,"(0.2, 0.234]",0.30538922155688625
24956,0.32857297698602866,"(0.303, 0.338]",0.2911392405063291
24957,0.17062041813036558,"(0.165, 0.2]",0.2926829268292683
24958,0.33828448858134386,"(0.338, 0.373]",0.294478527607362
24959,0.32507624079084707,"(0.303, 0.338]",0.2777777777777778
24960,0.36253494995186614,"(0.338, 0.373]",0.3053435114503817
24981,0.44166629930222484,"(0.442, 0.476]",0.5419354838709678
24982,0.2964900793365196,"(0.269, 0.303]",0.34558823529411764
24983,0.43025686527231444,"(0.407, 0.442]",0.3178294573643411
24984,0.20693434861821358,"(0.2, 0.234]",0.3712121212121212
24985,0.32558345948414086,"(0.303, 0.338]",0.34532374100719426
24986,0.3344935215051224,"(0.303, 0.338]",0.36496350364963503
24987,0.3735008311483227,"(0.373, 0.407]",0.3680555555555556
24988,0.35038772990583955,"(0.338, 0.373]",0.3150684931506849
24989,0.4216563240379378,"(0.407, 0.442]",0.3120567375886525
24990,0.3690337891218204,"(0.338, 0.373]",0.28888888888888886
24991,0.2419902425308232,"(0.234, 0.269]",0.28688524590163933
24992,0.39505262541164377,"(0.373, 0.407]",0.3007518796992481
24993,0.36626959136705983,"(0.338, 0.373]",0.296875
24995,0.39399924444144463,"(0.373, 0.407]",0.3087248322147651
24996,0.42460496231386974,"(0.407, 0.442]",0.30985915492957744
24997,0.3652823793909266,"(0.338, 0.373]",0.33962264150943394
24998,0.3292408975846319,"(0.303, 0.338]",0.3096774193548387
24999,0.382154319718278,"(0.373, 0.407]",0.3223684210526316
25000,0.28418701951820424,"(0.269, 0.303]",0.3051948051948052
25001,0.41311505811410015,"(0.407, 0.442]",0.3146853146853147
25002,0.34404509628900887,"(0.338, 0.373]",0.30434782608695654
25003,0.2314183117410574,"(0.2, 0.234]",0.3356643356643357
25004,0.07935999013334565,"(0.0617, 0.0962]",0.3656716417910448
25005,0.2173437679610897,"(0.2, 0.234]",0.35036496350364965
25006,0.2599850096138116,"(0.234, 0.269]",0.38848920863309355
25007,0.20215531621504493,"(0.2, 0.234]",0.3779527559055118
25011,0.3231564523663263,"(0.303, 0.338]",0.42207792207792205
25012,0.4333647673792125,"(0.407, 0.442]",0.35526315789473684
25013,0.3700643055718316,"(0.338, 0.373]",0.3875
25014,0.41263905234753545,"(0.407, 0.442]",0.3825503355704698
25015,0.4291010126671295,"(0.407, 0.442]",0.3904109589041096
25016,0.447672132876036,"(0.442, 0.476]",0.4507042253521127
25017,0.3928227113520019,"(0.373, 0.407]",0.41379310344827586
25018,0.37832105998108784,"(0.373, 0.407]",0.3803680981595092
25019,0.30275826797995065,"(0.269, 0.303]",0.32941176470588235
25020,0.014750241814816227,"(-0.00742, 0.0271]",0.31213872832369943
25021,-0.05607256098502262,"(-0.0765, -0.042]",0.31097560975609756
25022,0.15052933794694096,"(0.131, 0.165]",0.3157894736842105
25023,0.4038336949542318,"(0.373, 0.407]",0.33540372670807456
25024,0.16919842169400412,"(0.165, 0.2]",0.3422818791946309
25043,0.26826201327853,"(0.234, 0.269]",0.4
25044,0.3310446420994521,"(0.303, 0.338]",0.38345864661654133
25045,0.39781852300210535,"(0.373, 0.407]",0.3617021276595745
25046,0.31740652029236777,"(0.303, 0.338]",0.3082706766917293
25047,0.42904134712844966,"(0.407, 0.442]",0.3333333333333333
25048,0.42763472094299754,"(0.407, 0.442]",0.3382352941176471
25049,0.41777853249145974,"(0.407, 0.442]",0.36923076923076925
25050,0.4113871082952578,"(0.407, 0.442]",0.38666666666666666
25051,0.408548700353905,"(0.407, 0.442]",0.37681159420289856
25052,0.385013421371135,"(0.373, 0.407]",0.45751633986928103
25053,0.44986976064555373,"(0.442, 0.476]",0.3860759493670886
25054,0.3271122536439722,"(0.303, 0.338]",0.3691275167785235
25055,0.4020248843445666,"(0.373, 0.407]",0.4025157232704403
25056,0.43056935527358936,"(0.407, 0.442]",0.3087248322147651
25057,0.41244113472872507,"(0.407, 0.442]",0.34265734265734266
25058,0.24355240642004494,"(0.234, 0.269]",0.3283582089552239
25059,0.4140508236795631,"(0.407, 0.442]",0.3181818181818182
25060,0.3613266302129212,"(0.338, 0.373]",0.35766423357664234
25061,0.37797847235873466,"(0.373, 0.407]",0.3973509933774834
25062,0.41931750161895104,"(0.407, 0.442]",0.4304635761589404
25063,0.3653426363285288,"(0.338, 0.373]",0.40522875816993464
25065,0.21988554414392839,"(0.2, 0.234]",0.4318181818181818
25066,0.09403420273482521,"(0.0617, 0.0962]",0.4375
25067,0.3171991463552645,"(0.303, 0.338]",0.45985401459854014
25068,0.3347637450953201,"(0.303, 0.338]",0.4161073825503356
25069,0.38406104950322967,"(0.373, 0.407]",0.40993788819875776
25070,0.34642266091203416,"(0.338, 0.373]",0.34375
25071,0.28009734744458104,"(0.269, 0.303]",0.3668639053254438
25072,0.4087630818387733,"(0.407, 0.442]",0.3618421052631579
25073,0.41915821239346507,"(0.407, 0.442]",0.38095238095238093
25074,0.4094912239085296,"(0.407, 0.442]",0.460431654676259
25075,0.4640860362738412,"(0.442, 0.476]",0.42657342657342656
25076,0.5106943711595058,"(0.476, 0.511]",0.4064516129032258
25077,0.36567194952802323,"(0.338, 0.373]",0.36129032258064514
25078,0.05535377193842898,"(0.0271, 0.0617]",0.35
25079,0.41309814075833096,"(0.407, 0.442]",0.35172413793103446
25080,0.3995837679431855,"(0.373, 0.407]",0.3708609271523179
25081,0.43217476896807133,"(0.407, 0.442]",0.38922155688622756
25082,0.3679083570087926,"(0.338, 0.373]",0.4012345679012346
25105,0.3825639545914143,"(0.373, 0.407]",0.3897058823529412
25106,0.23735418829036967,"(0.234, 0.269]",0.359375
25107,0.4221809513387214,"(0.407, 0.442]",0.3971631205673759
25108,0.3968200477592755,"(0.373, 0.407]",0.40425531914893614
25109,0.41308278051831004,"(0.407, 0.442]",0.42142857142857143
25110,0.3627037404253436,"(0.338, 0.373]",0.422360248447205
25111,0.35058567621182535,"(0.338, 0.373]",0.40789473684210525
25112,0.2766102759424205,"(0.269, 0.303]",0.4876543209876543
25113,0.24868349330779932,"(0.234, 0.269]",0.43209876543209874
25114,0.39678568601751,"(0.373, 0.407]",0.4140127388535032
25115,0.45512283378344826,"(0.442, 0.476]",0.4107142857142857
25116,0.33536101824010994,"(0.303, 0.338]",0.3202614379084967
25117,0.3913687066673034,"(0.373, 0.407]",0.3404255319148936
25118,0.3045244897271923,"(0.303, 0.338]",0.33070866141732286
25119,0.38073759382206107,"(0.373, 0.407]",0.3277310924369748
25120,0.3186285358941355,"(0.303, 0.338]",0.3897058823529412
25121,0.3094505298359859,"(0.303, 0.338]",0.42483660130718953
25122,0.1954776510631422,"(0.165, 0.2]",0.45695364238410596
25123,0.27726516276479374,"(0.269, 0.303]",0.4383561643835616
25124,0.24229070442029108,"(0.234, 0.269]",0.45925925925925926
25125,0.15007879866785023,"(0.131, 0.165]",0.4369747899159664
25126,0.1588018923618932,"(0.131, 0.165]",0.421875
25127,0.3708008772671164,"(0.338, 0.373]",0.43846153846153846
25128,0.2715012666572743,"(0.269, 0.303]",0.4028776978417266
25129,0.36654424239444705,"(0.338, 0.373]",0.41333333333333333
25130,0.35212151310753265,"(0.338, 0.373]",0.37583892617449666
25131,0.3857019963053367,"(0.373, 0.407]",0.39072847682119205
25132,0.2598889156325441,"(0.234, 0.269]",0.3611111111111111
25133,0.4194589693330959,"(0.407, 0.442]",0.36551724137931035
25134,0.4376406133526674,"(0.407, 0.442]",0.4125874125874126
25135,0.27863272385686383,"(0.269, 0.303]",0.40131578947368424
25136,0.39851396386257754,"(0.373, 0.407]",0.4088050314465409
25137,0.19794361323365386,"(0.165, 0.2]",0.39490445859872614
25138,0.2089754844057817,"(0.2, 0.234]",0.3987730061349693
25139,0.2641722025579431,"(0.234, 0.269]",0.40522875816993464
25140,0.3791835970217079,"(0.373, 0.407]",0.4391891891891892
25141,0.3345808103625613,"(0.303, 0.338]",0.49333333333333335
25162,0.22936803121877694,"(0.2, 0.234]",0.4827586206896552
25163,0.37906643729710326,"(0.373, 0.407]",0.45652173913043476
25164,0.4114151829697804,"(0.407, 0.442]",0.474025974025974
25165,0.42763989163877364,"(0.407, 0.442]",0.4460431654676259
25166,0.4097723206479163,"(0.407, 0.442]",0.46153846153846156
25167,0.3364190771867188,"(0.303, 0.338]",0.46060606060606063
25168,0.2260634535341663,"(0.2, 0.234]",0.5031847133757962
25169,0.30487346767949264,"(0.303, 0.338]",0.44666666666666666
25170,0.17973142144971743,"(0.165, 0.2]",0.4217687074829932
25171,0.27479187792131143,"(0.269, 0.303]",0.3935483870967742
25172,0.21940234133526265,"(0.2, 0.234]",0.3333333333333333
25173,0.4261929602767067,"(0.407, 0.442]",0.39436619718309857
25174,0.433453345786105,"(0.407, 0.442]",0.3968253968253968
25175,0.3142261016660711,"(0.303, 0.338]",0.41739130434782606
25176,0.23834560088765103,"(0.234, 0.269]",0.4621212121212121
25177,0.25716201572449565,"(0.234, 0.269]",0.4444444444444444
25178,0.12257675212688543,"(0.0962, 0.131]",0.4899328859060403
25179,0.15422580642727363,"(0.131, 0.165]",0.47651006711409394
25180,0.30223654603610695,"(0.269, 0.303]",0.4722222222222222
25181,0.31628928366445075,"(0.303, 0.338]",0.4393939393939394
25182,0.30722481328729057,"(0.303, 0.338]",0.381294964028777
25183,0.40117616201714346,"(0.373, 0.407]",0.3945578231292517
25184,0.3475876673045509,"(0.338, 0.373]",0.38064516129032255
25185,0.373496076280211,"(0.373, 0.407]",0.39375
25186,0.39842314083506153,"(0.373, 0.407]",0.38562091503267976
25187,0.3718511026314763,"(0.338, 0.373]",0.3945578231292517
25188,0.4246956746433773,"(0.407, 0.442]",0.35507246376811596
25189,0.378608826357895,"(0.373, 0.407]",0.3793103448275862
25190,0.37899793889118605,"(0.373, 0.407]",0.40540540540540543
25191,0.38990336498395356,"(0.373, 0.407]",0.4
25192,0.2911319004213918,"(0.269, 0.303]",0.43137254901960786
25193,0.34459228764885314,"(0.338, 0.373]",0.4405594405594406
25194,0.2790332550189339,"(0.269, 0.303]",0.4444444444444444
25195,0.3366135649001044,"(0.303, 0.338]",0.48175182481751827
25215,0.016196682963503295,"(-0.00742, 0.0271]",0.4817073170731707
25216,0.21265852351469686,"(0.2, 0.234]",0.4154929577464789
25217,0.288065551540319,"(0.269, 0.303]",0.4236111111111111
25218,0.4168411265491708,"(0.407, 0.442]",0.38686131386861317
25219,0.33645805661694383,"(0.303, 0.338]",0.43661971830985913
25220,0.39607035343462843,"(0.373, 0.407]",0.47058823529411764
25221,0.4046186123158177,"(0.373, 0.407]",0.46825396825396826
25222,0.3845083369518737,"(0.373, 0.407]",0.46616541353383456
25223,0.4164423486593664,"(0.407, 0.442]",0.4755244755244755
25224,0.4335061971893908,"(0.407, 0.442]",0.48322147651006714
25225,0.4034425247067042,"(0.373, 0.407]",0.4589041095890411
25226,0.34416869038021203,"(0.338, 0.373]",0.4461538461538462
25227,0.1795513434999397,"(0.165, 0.2]",0.3706293706293706
25228,0.3512151977400642,"(0.338, 0.373]",0.37857142857142856
25229,0.40111504973007023,"(0.373, 0.407]",0.38064516129032255
25230,0.4510170776035586,"(0.442, 0.476]",0.3630573248407643
25231,0.4239314562053634,"(0.407, 0.442]",0.39285714285714285
25232,0.3287637049040075,"(0.303, 0.338]",0.36764705882352944
25233,0.15603962399900806,"(0.131, 0.165]",0.36065573770491804
25234,0.30415657194296813,"(0.303, 0.338]",0.391304347826087
25235,0.43397175482995537,"(0.407, 0.442]",0.37410071942446044
25236,0.31577803351824485,"(0.303, 0.338]",0.3835616438356164
25259,0.37388843733430577,"(0.373, 0.407]",0.42567567567567566
25260,0.48909259109753317,"(0.476, 0.511]",0.41830065359477125
25261,0.4118969913036213,"(0.407, 0.442]",0.4066666666666667
25262,0.34088056522050236,"(0.338, 0.373]",0.4444444444444444
25264,0.32053589451542697,"(0.303, 0.338]",0.4881889763779528
25265,0.33261132525134257,"(0.303, 0.338]",0.5038167938931297
25266,0.3282639415190395,"(0.303, 0.338]",0.4596774193548387
25267,0.34535378346289686,"(0.338, 0.373]",0.4411764705882353
25268,0.4215155303708861,"(0.407, 0.442]",0.47183098591549294
25269,0.27164800547227297,"(0.269, 0.303]",0.4225352112676056
25270,-0.00869790190191372,"(-0.042, -0.00742]",0.42748091603053434
25271,0.1954442947706371,"(0.165, 0.2]",0.3958333333333333
25272,0.3692988438319109,"(0.338, 0.373]",0.3986013986013986
25273,0.21936851390043866,"(0.2, 0.234]",0.425
25274,0.4203103787688656,"(0.407, 0.442]",0.42138364779874216
25275,0.38208778103558805,"(0.373, 0.407]",0.4563758389261745
25276,0.30769988303954204,"(0.303, 0.338]",0.40816326530612246
25277,0.3265669346155518,"(0.303, 0.338]",0.4444444444444444
25278,0.3451785829783493,"(0.338, 0.373]",0.4097222222222222
25279,0.37296974618102413,"(0.373, 0.407]",0.432258064516129
25300,0.2757050173859043,"(0.269, 0.303]",0.5060975609756098
25301,0.26116765562173583,"(0.234, 0.269]",0.5
25302,0.32781284290320484,"(0.303, 0.338]",0.46405228758169936
25303,0.3076081416972323,"(0.303, 0.338]",0.44805194805194803
25304,0.30784229441890965,"(0.303, 0.338]",0.46
25305,0.3675752882938626,"(0.338, 0.373]",0.4970414201183432
25306,0.19959411768938895,"(0.165, 0.2]",0.5302013422818792
25307,0.35554137618690307,"(0.338, 0.373]",0.4888888888888889
25308,0.46313761447151547,"(0.442, 0.476]",0.4645161290322581
25309,0.3979018220363905,"(0.373, 0.407]",0.43137254901960786
25310,0.4259483172320068,"(0.407, 0.442]",0.4489795918367347
25311,0.4087172838130028,"(0.407, 0.442]",0.4230769230769231
25315,0.3731050204089086,"(0.373, 0.407]",0.46540880503144655
25335,0.3553292039909956,"(0.338, 0.373]",0.5149700598802395
25336,0.41702834616290235,"(0.407, 0.442]",0.5329341317365269
25338,0.355000686445558,"(0.338, 0.373]",0.5227272727272727
25339,0.35064251927815787,"(0.338, 0.373]",0.5393939393939394
25340,0.2555345811234584,"(0.234, 0.269]",0.5352941176470588
25342,0.3858316934734452,"(0.373, 0.407]",0.5066666666666667
25343,0.3188629720679155,"(0.303, 0.338]",0.4878048780487805
25344,0.36512180359900664,"(0.338, 0.373]",0.47058823529411764
25345,0.1710170261858029,"(0.165, 0.2]",0.5033112582781457
25346,0.30717109700039075,"(0.303, 0.338]",0.49019607843137253
25364,0.3619816068944799,"(0.338, 0.373]",0.5609756097560976
25366,0.3164295730938139,"(0.303, 0.338]",0.5393258426966292
25916,0.25238941790436464,"(0.234, 0.269]",0.11711711711711711
25917,0.3387107173615527,"(0.338, 0.373]",0.14960629921259844
25918,0.3706949300980343,"(0.338, 0.373]",0.1732283464566929
25919,0.37440934521894026,"(0.373, 0.407]",0.16101694915254236
25920,0.3180831662681416,"(0.303, 0.338]",0.14655172413793102
25921,0.4031483550956459,"(0.373, 0.407]",0.13636363636363635
25922,0.4057106930900791,"(0.373, 0.407]",0.12962962962962962
25949,0.36622134476234997,"(0.338, 0.373]",0.12
25950,0.38707966985341996,"(0.373, 0.407]",0.13740458015267176
25951,0.4124188253211285,"(0.407, 0.442]",0.13821138211382114
25952,0.36813728956187375,"(0.338, 0.373]",0.12295081967213115
25953,0.3775833381718854,"(0.373, 0.407]",0.1271186440677966
25954,0.4093718481967699,"(0.407, 0.442]",0.11607142857142858
25984,0.37001327066393475,"(0.338, 0.373]",0.18796992481203006
25985,0.32024328307773275,"(0.303, 0.338]",0.17391304347826086
25986,0.38652653386820157,"(0.373, 0.407]",0.15671641791044777
25987,0.3880411662194408,"(0.373, 0.407]",0.12781954887218044
25988,0.3992669679790452,"(0.373, 0.407]",0.12408759124087591
25989,0.3874864006485783,"(0.373, 0.407]",0.13043478260869565
25990,0.385743703329139,"(0.373, 0.407]",0.136
25994,0.15574799016991706,"(0.131, 0.165]",0.1623931623931624
25996,0.291329210208819,"(0.269, 0.303]",0.21367521367521367
26019,0.34787030696259225,"(0.338, 0.373]",0.1310344827586207
26020,0.35584703364256715,"(0.338, 0.373]",0.14102564102564102
26022,0.41309439633660144,"(0.407, 0.442]",0.1610738255033557
26023,0.3359942277093112,"(0.303, 0.338]",0.16666666666666666
26024,0.38094842998391054,"(0.373, 0.407]",0.13740458015267176
26025,0.39618194957205644,"(0.373, 0.407]",0.14173228346456693
26026,0.3051883952958418,"(0.303, 0.338]",0.16541353383458646
26027,0.40969120183932856,"(0.407, 0.442]",0.14960629921259844
26028,0.3530964016682206,"(0.338, 0.373]",0.1640625
26029,0.38043250858032057,"(0.373, 0.407]",0.16030534351145037
26031,0.33259718171872366,"(0.303, 0.338]",0.13821138211382114
26059,0.3534032548379853,"(0.338, 0.373]",0.12598425196850394
26060,0.3942891729132105,"(0.373, 0.407]",0.10596026490066225
26061,0.40942087930994137,"(0.407, 0.442]",0.1375
26062,0.39773798586430853,"(0.373, 0.407]",0.1518987341772152
26064,0.3095972807391987,"(0.303, 0.338]",0.17482517482517482
26066,0.41987600308035256,"(0.407, 0.442]",0.109375
26067,0.3730189171143056,"(0.373, 0.407]",0.13008130081300814
26068,0.2251947694246467,"(0.2, 0.234]",0.15748031496062992
26069,0.3758674138867709,"(0.373, 0.407]",0.16393442622950818
26073,0.3108327647627701,"(0.303, 0.338]",0.16666666666666666
26074,0.3614970244767943,"(0.338, 0.373]",0.2
26075,0.2673288249057597,"(0.234, 0.269]",0.1937984496124031
26076,0.34788546186836194,"(0.338, 0.373]",0.224
26078,0.37103973290622555,"(0.338, 0.373]",0.2265625
26101,0.3026014688816417,"(0.269, 0.303]",0.12295081967213115
26102,0.3719126150496184,"(0.338, 0.373]",0.11510791366906475
26103,0.31203413982856076,"(0.303, 0.338]",0.10126582278481013
26104,0.3844397442189948,"(0.373, 0.407]",0.12269938650306748
26105,0.38105347787951144,"(0.373, 0.407]",0.15337423312883436
26106,0.3942275191600611,"(0.373, 0.407]",0.1728395061728395
26107,0.3688545193087706,"(0.338, 0.373]",0.1793103448275862
26108,0.34828285572750145,"(0.338, 0.373]",0.17391304347826086
26109,0.35653358848185374,"(0.338, 0.373]",0.11278195488721804
26110,0.3128426027584036,"(0.303, 0.338]",0.13821138211382114
26111,0.3607302592506613,"(0.338, 0.373]",0.144
26112,0.37389207560166804,"(0.373, 0.407]",0.13821138211382114
26113,0.38041364932119637,"(0.373, 0.407]",0.192
26115,0.3938988950677642,"(0.373, 0.407]",0.183206106870229
26116,0.38478787966653927,"(0.373, 0.407]",0.16417910447761194
26117,0.34227227788783005,"(0.338, 0.373]",0.17557251908396945
26118,0.39393032448069737,"(0.373, 0.407]",0.17054263565891473
26119,0.33206996644700276,"(0.303, 0.338]",0.20300751879699247
26121,0.3676191884578495,"(0.338, 0.373]",0.22058823529411764
26144,0.3362578539005544,"(0.303, 0.338]",0.1388888888888889
26145,0.3791694552491584,"(0.373, 0.407]",0.1349206349206349
26146,0.23066682234688834,"(0.2, 0.234]",0.12162162162162163
26147,0.42495005202628383,"(0.407, 0.442]",0.12727272727272726
26148,0.41603055384987636,"(0.407, 0.442]",0.11320754716981132
26149,0.3686875687732146,"(0.338, 0.373]",0.1125
26150,0.4254597102218903,"(0.407, 0.442]",0.1320754716981132
26151,0.35046390594683463,"(0.338, 0.373]",0.12413793103448276
26152,0.21867648275311163,"(0.2, 0.234]",0.12949640287769784
26153,0.3224880321917607,"(0.303, 0.338]",0.11023622047244094
26154,0.39026483597812933,"(0.373, 0.407]",0.12931034482758622
26155,0.3587468941035051,"(0.338, 0.373]",0.1282051282051282
26156,0.36473804730466686,"(0.338, 0.373]",0.12903225806451613
26157,0.41167160857678897,"(0.407, 0.442]",0.1791044776119403
26158,0.39925100993315044,"(0.373, 0.407]",0.184
26159,0.3435142539097761,"(0.338, 0.373]",0.183206106870229
26160,0.278054863643941,"(0.269, 0.303]",0.183206106870229
26161,0.3695025878809654,"(0.338, 0.373]",0.19008264462809918
26162,0.3354276032031529,"(0.303, 0.338]",0.18461538461538463
26165,0.3023516675953378,"(0.269, 0.303]",0.22142857142857142
26188,0.3958589862251978,"(0.373, 0.407]",0.14655172413793102
26189,0.33084794481998103,"(0.303, 0.338]",0.16923076923076924
26190,0.4525506134817486,"(0.442, 0.476]",0.16666666666666666
26191,0.3310297412701882,"(0.303, 0.338]",0.15822784810126583
26192,0.3517984192455356,"(0.338, 0.373]",0.15853658536585366
26193,0.3582230361920459,"(0.338, 0.373]",0.12578616352201258
26195,0.4394613754727431,"(0.407, 0.442]",0.15384615384615385
26196,0.35615641174472346,"(0.338, 0.373]",0.1349206349206349
26197,0.3840781542833798,"(0.373, 0.407]",0.14173228346456693
26198,0.37918160217500096,"(0.373, 0.407]",0.11016949152542373
26199,0.39001181671958185,"(0.373, 0.407]",0.13043478260869565
26200,0.31456698510650893,"(0.303, 0.338]",0.1271186440677966
26201,0.3541709605717357,"(0.338, 0.373]",0.14166666666666666
26202,0.3611449153649351,"(0.338, 0.373]",0.17829457364341086
26204,0.41348470159098827,"(0.407, 0.442]",0.20967741935483872
26205,0.3178347349727521,"(0.303, 0.338]",0.203125
26206,0.3529116094068662,"(0.338, 0.373]",0.22580645161290322
26207,0.3434206051339834,"(0.338, 0.373]",0.21428571428571427
26208,0.4430496635725794,"(0.442, 0.476]",0.20300751879699247
26209,0.40397343008477776,"(0.373, 0.407]",0.19148936170212766
26210,0.3045875476405616,"(0.303, 0.338]",0.2014388489208633
26234,0.4067106094030862,"(0.373, 0.407]",0.15833333333333333
26235,0.3666366696491085,"(0.338, 0.373]",0.16176470588235295
26236,0.38047869191892225,"(0.373, 0.407]",0.16666666666666666
26237,0.4147563010980474,"(0.407, 0.442]",0.17006802721088435
26242,0.3718902947799506,"(0.338, 0.373]",0.18840579710144928
26243,0.38758058796404266,"(0.373, 0.407]",0.1796875
26244,0.4186888948493656,"(0.407, 0.442]",0.18796992481203006
26245,0.2221936075109498,"(0.2, 0.234]",0.1694915254237288
26246,0.3166289434260704,"(0.303, 0.338]",0.1794871794871795
26247,0.39163221003485926,"(0.373, 0.407]",0.1565217391304348
26248,0.36835709509680453,"(0.338, 0.373]",0.1440677966101695
26249,0.29425303704862504,"(0.269, 0.303]",0.15037593984962405
26251,0.3183080374558328,"(0.303, 0.338]",0.184
26252,0.38119462401447535,"(0.373, 0.407]",0.18548387096774194
26253,0.3294578034525088,"(0.303, 0.338]",0.21428571428571427
26254,0.31157635113454796,"(0.303, 0.338]",0.20967741935483872
26255,0.28210448622623513,"(0.269, 0.303]",0.171875
26256,0.4368308579288519,"(0.407, 0.442]",0.1357142857142857
26257,0.381831379099495,"(0.373, 0.407]",0.15151515151515152
26283,0.4045187952791321,"(0.373, 0.407]",0.21666666666666667
26284,0.4596101980355673,"(0.442, 0.476]",0.18045112781954886
26285,0.3063422460255554,"(0.303, 0.338]",0.17391304347826086
26286,0.36211470520546996,"(0.338, 0.373]",0.18666666666666668
26288,0.4261431875786745,"(0.407, 0.442]",0.20408163265306123
26293,0.3096832085932111,"(0.303, 0.338]",0.17796610169491525
26294,0.32333229819542186,"(0.303, 0.338]",0.1951219512195122
26295,0.3051147325838324,"(0.303, 0.338]",0.2
26296,0.2823068304329695,"(0.269, 0.303]",0.192
26297,0.43637765568075676,"(0.407, 0.442]",0.176
26298,0.3352562991653815,"(0.303, 0.338]",0.15873015873015872
26299,0.3665133415829151,"(0.338, 0.373]",0.13970588235294118
26302,0.327209463021756,"(0.303, 0.338]",0.17073170731707318
26303,0.4275169155255707,"(0.407, 0.442]",0.208
26304,0.2569267422402107,"(0.234, 0.269]",0.19672131147540983
26305,0.34510692087522377,"(0.338, 0.373]",0.1652892561983471
26307,0.37792046565748033,"(0.373, 0.407]",0.1796875
26309,0.34915960377305605,"(0.338, 0.373]",0.2
26310,0.18678462679076815,"(0.165, 0.2]",0.2214765100671141
26311,0.2957783244324258,"(0.269, 0.303]",0.17985611510791366
26333,0.39249453548499297,"(0.373, 0.407]",0.22727272727272727
26334,0.39576753146200594,"(0.373, 0.407]",0.18110236220472442
26335,0.39799847601354216,"(0.373, 0.407]",0.18705035971223022
26337,0.40639279192096517,"(0.373, 0.407]",0.20606060606060606
26338,0.40724890470330033,"(0.407, 0.442]",0.22077922077922077
26339,0.38075001453222307,"(0.373, 0.407]",0.20915032679738563
26340,0.27529201074466775,"(0.269, 0.303]",0.2028985507246377
26342,0.4309779015761284,"(0.407, 0.442]",0.21008403361344538
26343,0.32324141306759624,"(0.303, 0.338]",0.20869565217391303
26344,0.40847163384918195,"(0.407, 0.442]",0.22764227642276422
26345,0.30149217553123897,"(0.269, 0.303]",0.1935483870967742
26346,0.37669810321206687,"(0.373, 0.407]",0.16279069767441862
26347,0.3858555102738811,"(0.373, 0.407]",0.183206106870229
26348,0.39523186242758074,"(0.373, 0.407]",0.15942028985507245
26349,0.22847276646443462,"(0.2, 0.234]",0.1510791366906475
26350,0.323980891549597,"(0.303, 0.338]",0.16923076923076924
26352,0.36328422398983606,"(0.338, 0.373]",0.16379310344827586
26353,0.37403392857625695,"(0.373, 0.407]",0.21138211382113822
26354,0.23621049474339656,"(0.234, 0.269]",0.20967741935483872
26355,0.36620019549626764,"(0.338, 0.373]",0.15748031496062992
26357,0.3327405807762038,"(0.303, 0.338]",0.16911764705882354
26359,0.4484062672906656,"(0.442, 0.476]",0.2077922077922078
26360,0.34974653794957117,"(0.338, 0.373]",0.23333333333333334
26361,0.34324131960106175,"(0.338, 0.373]",0.25
26384,0.46438831092362787,"(0.442, 0.476]",0.25
26385,0.3859981280103006,"(0.373, 0.407]",0.2571428571428571
26386,0.45075921550476994,"(0.442, 0.476]",0.25210084033613445
26387,0.4133995480746404,"(0.407, 0.442]",0.2153846153846154
26388,0.36545767106840255,"(0.338, 0.373]",0.22377622377622378
26389,0.3616758171479786,"(0.338, 0.373]",0.23026315789473684
26390,0.41671778214883426,"(0.407, 0.442]",0.23741007194244604
26391,0.4353940369368553,"(0.407, 0.442]",0.25547445255474455
26392,0.37433023027856754,"(0.373, 0.407]",0.2692307692307692
26393,0.4192339675070469,"(0.407, 0.442]",0.2605042016806723
26394,0.344238675906516,"(0.338, 0.373]",0.2682926829268293
26395,0.2818886359509261,"(0.269, 0.303]",0.24031007751937986
26396,0.3363804156771732,"(0.303, 0.338]",0.24242424242424243
26397,0.3465115700846112,"(0.338, 0.373]",0.21014492753623187
26398,0.38152373584394383,"(0.373, 0.407]",0.16891891891891891
26399,0.32209979286714135,"(0.303, 0.338]",0.20279720279720279
26400,0.32303516316408765,"(0.303, 0.338]",0.1736111111111111
26401,0.35526967605198856,"(0.338, 0.373]",0.16891891891891891
26402,0.2916892107835527,"(0.269, 0.303]",0.19852941176470587
26403,0.34532835960818625,"(0.338, 0.373]",0.2127659574468085
26404,0.32707430319348624,"(0.303, 0.338]",0.2109375
26405,0.36582349888121357,"(0.338, 0.373]",0.23333333333333334
26406,0.20049770768594186,"(0.2, 0.234]",0.22764227642276422
26409,0.40617699905697024,"(0.373, 0.407]",0.21428571428571427
26410,0.33081072044752025,"(0.303, 0.338]",0.22695035460992907
26411,0.39855932041539915,"(0.373, 0.407]",0.22972972972972974
26412,0.2308357796351661,"(0.2, 0.234]",0.25
26413,0.4076644824619719,"(0.407, 0.442]",0.25
26414,0.3110718790563294,"(0.303, 0.338]",0.20394736842105263
26436,0.37138202042785523,"(0.338, 0.373]",0.3137254901960784
26437,0.4405683517076625,"(0.407, 0.442]",0.3103448275862069
26438,0.407540473675037,"(0.407, 0.442]",0.28125
26439,0.36482779927848047,"(0.338, 0.373]",0.2785714285714286
26440,0.3764217551406219,"(0.373, 0.407]",0.2689655172413793
26441,0.4396857221126802,"(0.407, 0.442]",0.24242424242424243
26442,0.38944316339445073,"(0.373, 0.407]",0.23703703703703705
26443,0.3134855896599703,"(0.303, 0.338]",0.23255813953488372
26444,0.4164268538249756,"(0.407, 0.442]",0.24347826086956523
26445,0.46595908521224605,"(0.442, 0.476]",0.2727272727272727
26446,0.3946740372283309,"(0.373, 0.407]",0.25203252032520324
26447,0.3934712346691937,"(0.373, 0.407]",0.2713178294573643
26448,0.32432154339990255,"(0.303, 0.338]",0.23972602739726026
26449,0.43159960194245883,"(0.407, 0.442]",0.20382165605095542
26450,0.3522882424379792,"(0.338, 0.373]",0.22641509433962265
26451,0.4029721351793123,"(0.373, 0.407]",0.19205298013245034
26452,0.3909485147064628,"(0.373, 0.407]",0.19727891156462585
26453,0.3326802077212771,"(0.303, 0.338]",0.21374045801526717
26454,0.31036662873893184,"(0.303, 0.338]",0.24427480916030533
26455,0.3663245943555974,"(0.338, 0.373]",0.2440944881889764
26460,0.3289347170318977,"(0.303, 0.338]",0.2206896551724138
26461,0.3729331737139101,"(0.373, 0.407]",0.21379310344827587
26462,0.31191924143634187,"(0.303, 0.338]",0.23129251700680273
26463,0.2784737017349867,"(0.269, 0.303]",0.21768707482993196
26464,0.20115506180632053,"(0.2, 0.234]",0.23404255319148937
26465,0.30467596446028977,"(0.303, 0.338]",0.20253164556962025
26488,0.4089839972733507,"(0.407, 0.442]",0.39
26489,0.44487020709460057,"(0.442, 0.476]",0.35398230088495575
26490,0.4297984344384631,"(0.407, 0.442]",0.3125
26492,0.4437293395260003,"(0.442, 0.476]",0.2624113475177305
26493,0.41060547121765273,"(0.407, 0.442]",0.24242424242424243
26494,0.3581880658342221,"(0.338, 0.373]",0.2204724409448819
26495,0.4055834120081887,"(0.373, 0.407]",0.23015873015873015
26496,0.4016441667464053,"(0.373, 0.407]",0.24778761061946902
26497,0.28718303312190446,"(0.269, 0.303]",0.28
26498,0.42866453317102077,"(0.407, 0.442]",0.2803030303030303
26499,0.397587584960803,"(0.373, 0.407]",0.30656934306569344
26500,0.39468524331260374,"(0.373, 0.407]",0.271523178807947
26501,0.3726305440489901,"(0.373, 0.407]",0.24358974358974358
26502,0.45544380766770615,"(0.442, 0.476]",0.25949367088607594
26503,0.36905957284004465,"(0.338, 0.373]",0.22875816993464052
26504,0.40703409924906747,"(0.373, 0.407]",0.24503311258278146
26505,0.3804045537049839,"(0.373, 0.407]",0.2589928057553957
26506,0.3775756501886717,"(0.373, 0.407]",0.2803030303030303
26507,0.3711801028861539,"(0.338, 0.373]",0.2692307692307692
26508,0.34366344077130767,"(0.338, 0.373]",0.2692307692307692
26509,0.34292669610176435,"(0.338, 0.373]",0.265625
26510,0.38227955647223677,"(0.373, 0.407]",0.22794117647058823
26511,0.32633119949377826,"(0.303, 0.338]",0.23404255319148937
26512,0.37043209828858753,"(0.338, 0.373]",0.22962962962962963
26513,0.3203938417450743,"(0.303, 0.338]",0.22137404580152673
26514,0.33635369498015555,"(0.303, 0.338]",0.2230769230769231
26515,0.22642017825975821,"(0.2, 0.234]",0.20610687022900764
26516,0.27139984830904706,"(0.269, 0.303]",0.208955223880597
26517,0.30357315295920206,"(0.303, 0.338]",0.17567567567567569
26541,0.4258081019710072,"(0.407, 0.442]",0.42201834862385323
26542,0.37294394890517213,"(0.373, 0.407]",0.3898305084745763
26546,0.4529271102268869,"(0.442, 0.476]",0.27419354838709675
26547,0.3806610774626592,"(0.373, 0.407]",0.26717557251908397
26548,0.4076170911030637,"(0.407, 0.442]",0.2631578947368421
26549,0.4245779305100403,"(0.407, 0.442]",0.2734375
26550,0.34987196318220987,"(0.338, 0.373]",0.33098591549295775
26551,0.42043472504797685,"(0.407, 0.442]",0.3191489361702128
26554,0.3541225643029922,"(0.338, 0.373]",0.3032258064516129
26555,0.35626034338009355,"(0.338, 0.373]",0.30666666666666664
26556,0.36754063888629085,"(0.338, 0.373]",0.2949640287769784
26557,0.37387347099494583,"(0.373, 0.407]",0.2907801418439716
26558,0.30788339315434865,"(0.303, 0.338]",0.2835820895522388
26559,0.42696226656759745,"(0.407, 0.442]",0.2868217054263566
26560,0.30349285934728293,"(0.303, 0.338]",0.2857142857142857
26561,0.4020308316591999,"(0.373, 0.407]",0.27611940298507465
26562,0.3822362618841674,"(0.373, 0.407]",0.2396694214876033
26563,0.39392540513436747,"(0.373, 0.407]",0.22900763358778625
26564,0.36951205139934046,"(0.338, 0.373]",0.21897810218978103
26565,0.33852683846320814,"(0.338, 0.373]",0.2204724409448819
26566,0.3469990310309576,"(0.338, 0.373]",0.2125984251968504
26567,0.26710896381132954,"(0.234, 0.269]",0.21774193548387097
26568,0.3300705165936168,"(0.303, 0.338]",0.18461538461538463
26569,0.35834203039180873,"(0.338, 0.373]",0.16176470588235295
26570,0.2806855811632723,"(0.269, 0.303]",0.1554054054054054
26571,0.35240071683456375,"(0.338, 0.373]",0.1337579617834395
26572,0.21748445211878675,"(0.2, 0.234]",0.14285714285714285
26593,0.4304340939807618,"(0.407, 0.442]",0.44642857142857145
26594,0.3893860314659592,"(0.373, 0.407]",0.3949579831932773
26597,0.45423044429291665,"(0.442, 0.476]",0.36496350364963503
26598,0.4847426475885976,"(0.476, 0.511]",0.3358208955223881
26599,0.4110639785307799,"(0.407, 0.442]",0.3146853146853147
26600,0.45536054367124607,"(0.442, 0.476]",0.3283582089552239
26601,0.4083385265602984,"(0.407, 0.442]",0.3359375
26606,0.4295369858400476,"(0.407, 0.442]",0.3684210526315789
26607,0.4536377116587269,"(0.442, 0.476]",0.323943661971831
26608,0.4463403279722619,"(0.442, 0.476]",0.2978723404255319
26609,0.4323500759401064,"(0.407, 0.442]",0.2608695652173913
26610,0.30288454139620175,"(0.269, 0.303]",0.25
26611,0.42984031883979734,"(0.407, 0.442]",0.24390243902439024
26612,0.3762300257191053,"(0.373, 0.407]",0.25
26613,0.42312653197424366,"(0.407, 0.442]",0.2463768115942029
26614,0.3292280328917505,"(0.303, 0.338]",0.203125
26615,0.19867169763473086,"(0.165, 0.2]",0.20588235294117646
26616,0.277715003852654,"(0.269, 0.303]",0.2028985507246377
26617,0.3289073027079984,"(0.303, 0.338]",0.2
26618,0.2912732601993621,"(0.269, 0.303]",0.18253968253968253
26619,0.3038792746861287,"(0.303, 0.338]",0.203125
26620,0.2781502818064439,"(0.269, 0.303]",0.15217391304347827
26621,0.3401576463382827,"(0.338, 0.373]",0.14893617021276595
26622,0.4123725306294032,"(0.407, 0.442]",0.15436241610738255
26623,0.3166128768157938,"(0.303, 0.338]",0.13636363636363635
26644,0.4037730061542889,"(0.373, 0.407]",0.45689655172413796
26645,0.43293954261257284,"(0.407, 0.442]",0.4051724137931034
26648,0.3903630935196396,"(0.373, 0.407]",0.3816793893129771
26649,0.37365680294100745,"(0.373, 0.407]",0.3671875
26650,0.35229403862987635,"(0.338, 0.373]",0.35555555555555557
26651,0.35300025254401485,"(0.338, 0.373]",0.3851851851851852
26654,0.3354972998282534,"(0.303, 0.338]",0.328
26655,0.40708110251740337,"(0.407, 0.442]",0.3142857142857143
26656,0.4167642975416887,"(0.407, 0.442]",0.3125
26657,0.42720886269562425,"(0.407, 0.442]",0.2857142857142857
26658,0.4012990267748906,"(0.373, 0.407]",0.27586206896551724
26659,0.43483295815375517,"(0.407, 0.442]",0.24444444444444444
26660,0.42585929098654035,"(0.407, 0.442]",0.25547445255474455
26661,0.3154011805883382,"(0.303, 0.338]",0.2905405405405405
26662,0.43506357753397645,"(0.407, 0.442]",0.23776223776223776
26663,0.41141418616075365,"(0.407, 0.442]",0.25
26664,0.3743193626938549,"(0.373, 0.407]",0.2323943661971831
26665,0.30123677402555854,"(0.269, 0.303]",0.19008264462809918
26666,0.34480192898663903,"(0.338, 0.373]",0.1885245901639344
26667,0.3749469516665901,"(0.373, 0.407]",0.20454545454545456
26668,0.23722236427327945,"(0.234, 0.269]",0.15492957746478872
26669,0.30165851098385876,"(0.269, 0.303]",0.16666666666666666
26670,0.3168863337993557,"(0.303, 0.338]",0.14285714285714285
26671,0.32525379290515744,"(0.303, 0.338]",0.10457516339869281
26695,0.3991816952293801,"(0.373, 0.407]",0.4172661870503597
26699,0.4140015495423907,"(0.407, 0.442]",0.3380281690140845
26700,0.3970830124772385,"(0.373, 0.407]",0.3308270676691729
26701,0.37189546165091436,"(0.338, 0.373]",0.29577464788732394
26702,0.32402479282169677,"(0.303, 0.338]",0.3013698630136986
26703,0.41647102675493614,"(0.407, 0.442]",0.2777777777777778
26704,0.40779428556485275,"(0.407, 0.442]",0.2789115646258503
26706,0.3542430003063878,"(0.338, 0.373]",0.26811594202898553
26707,0.28802261122359646,"(0.269, 0.303]",0.26865671641791045
26708,0.3832504176895075,"(0.373, 0.407]",0.2463768115942029
26709,0.2835849544644694,"(0.269, 0.303]",0.1889763779527559
26710,0.2841724801633928,"(0.269, 0.303]",0.17164179104477612
26711,0.2654562812043761,"(0.234, 0.269]",0.18248175182481752
26712,0.31682813757289113,"(0.303, 0.338]",0.14084507042253522
26713,0.39221205373949736,"(0.373, 0.407]",0.14935064935064934
26714,0.2494518761445325,"(0.234, 0.269]",0.12837837837837837
26715,0.3370693568774584,"(0.303, 0.338]",0.09433962264150944
26716,0.3632669909585842,"(0.338, 0.373]",0.09803921568627451
26717,0.37394222683984385,"(0.373, 0.407]",0.07194244604316546
26718,0.26745156322081337,"(0.234, 0.269]",0.08208955223880597
26741,0.4002904628805878,"(0.373, 0.407]",0.3741935483870968
26742,0.4111053486034953,"(0.407, 0.442]",0.3381294964028777
26743,0.4374624955015146,"(0.407, 0.442]",0.323943661971831
26744,0.3545924392254507,"(0.338, 0.373]",0.35664335664335667
26745,0.2844780989540061,"(0.269, 0.303]",0.3262411347517731
26746,0.35316309767547577,"(0.338, 0.373]",0.3116883116883117
26748,0.34046772680071735,"(0.338, 0.373]",0.27564102564102566
26749,0.33897962349867156,"(0.338, 0.373]",0.2905405405405405
26750,0.3645601494184764,"(0.338, 0.373]",0.273972602739726
26751,0.29395113962541575,"(0.269, 0.303]",0.22627737226277372
26752,0.31549208788313443,"(0.303, 0.338]",0.2
26753,0.2705741177871265,"(0.269, 0.303]",0.17123287671232876
26754,0.30349095678169735,"(0.303, 0.338]",0.12413793103448276
26755,0.3789414488933122,"(0.373, 0.407]",0.13513513513513514
26756,0.34762826905983213,"(0.338, 0.373]",0.10218978102189781
26757,0.32937518712563196,"(0.303, 0.338]",0.08333333333333333
26758,0.2477163674612416,"(0.234, 0.269]",0.1056338028169014
26759,0.3235914247785094,"(0.303, 0.338]",0.1037037037037037
26783,0.3619220502963502,"(0.338, 0.373]",0.4473684210526316
26784,0.40224935900077397,"(0.373, 0.407]",0.42592592592592593
26785,0.34720166693585863,"(0.338, 0.373]",0.41496598639455784
26786,0.3547492498950538,"(0.338, 0.373]",0.432258064516129
26791,0.42488881686483254,"(0.407, 0.442]",0.3221476510067114
26792,0.3739022264887348,"(0.373, 0.407]",0.34965034965034963
26793,0.3070263073956614,"(0.303, 0.338]",0.32142857142857145
26794,0.44598233896959305,"(0.442, 0.476]",0.25
26795,0.39956807786756743,"(0.373, 0.407]",0.22727272727272727
26796,0.3561836939030985,"(0.338, 0.373]",0.17164179104477612
26797,0.3688462858359001,"(0.338, 0.373]",0.12408759124087591
26798,0.32286975769931386,"(0.303, 0.338]",0.11627906976744186
26799,0.3346287918571178,"(0.303, 0.338]",0.07142857142857142
26800,0.4388644683415249,"(0.407, 0.442]",0.06338028169014084
26801,0.3081894515185685,"(0.303, 0.338]",0.07801418439716312
26802,0.3194778773590542,"(0.303, 0.338]",0.08053691275167785
26803,0.4161424897739973,"(0.407, 0.442]",0.1320754716981132
26826,0.372100639492836,"(0.338, 0.373]",0.5373134328358209
26827,0.4250060228757721,"(0.407, 0.442]",0.528169014084507
26828,0.3865819000496123,"(0.373, 0.407]",0.5298013245033113
26829,0.36403828631673,"(0.338, 0.373]",0.5064935064935064
26830,0.18928419861045356,"(0.165, 0.2]",0.4934210526315789
26831,0.27114357151127855,"(0.269, 0.303]",0.4647887323943662
26832,0.44026549578311436,"(0.407, 0.442]",0.4533333333333333
26833,0.4330980982770269,"(0.407, 0.442]",0.45098039215686275
26836,0.3610319773653723,"(0.338, 0.373]",0.3221476510067114
26837,0.3926948919783295,"(0.373, 0.407]",0.296551724137931
26838,0.385323330356275,"(0.373, 0.407]",0.3108108108108108
26839,0.4335079795814729,"(0.407, 0.442]",0.2978723404255319
26840,0.3818081134729845,"(0.373, 0.407]",0.26153846153846155
26841,0.4788184453083016,"(0.476, 0.511]",0.22580645161290322
26842,0.4049068042887336,"(0.373, 0.407]",0.18333333333333332
26843,0.34156832780496865,"(0.338, 0.373]",0.12903225806451613
26844,0.2715555847864223,"(0.269, 0.303]",0.08771929824561403
26845,0.296440807788817,"(0.269, 0.303]",0.04878048780487805
26846,0.44723856951183266,"(0.442, 0.476]",0.036231884057971016
26847,0.3485640786557947,"(0.338, 0.373]",0.05714285714285714
26848,0.11749349031864523,"(0.0962, 0.131]",0.08552631578947369
26849,0.2434432918359415,"(0.234, 0.269]",0.1337579617834395
26872,0.3235534603771519,"(0.303, 0.338]",0.5294117647058824
26873,0.20868630428831259,"(0.2, 0.234]",0.49333333333333335
26874,0.41553523475201454,"(0.407, 0.442]",0.4791666666666667
26875,0.4015862925479071,"(0.373, 0.407]",0.47586206896551725
26878,0.37596332009456956,"(0.373, 0.407]",0.3597122302158273
26879,0.31088377478852064,"(0.303, 0.338]",0.3049645390070922
26880,0.3345394966868964,"(0.303, 0.338]",0.3380281690140845
26881,0.34231971383532095,"(0.338, 0.373]",0.3111111111111111
26882,0.43198333486982193,"(0.407, 0.442]",0.3046875
26883,0.38465688692721234,"(0.373, 0.407]",0.2711864406779661
26884,0.38654898717410136,"(0.373, 0.407]",0.2288135593220339
26885,0.31023361064886074,"(0.303, 0.338]",0.14960629921259844
26886,0.3337238505449317,"(0.303, 0.338]",0.1111111111111111
26887,0.3442296870164991,"(0.338, 0.373]",0.07751937984496124
26888,0.33274775774096077,"(0.303, 0.338]",0.046511627906976744
26889,0.2863500776679889,"(0.269, 0.303]",0.07377049180327869
26890,0.23217242000654456,"(0.2, 0.234]",0.09558823529411764
26914,0.3404636382850467,"(0.338, 0.373]",0.5037037037037037
26919,0.3145503605567022,"(0.303, 0.338]",0.3986013986013986
26920,0.2855974805979607,"(0.269, 0.303]",0.3308270676691729
26921,0.34314605171680873,"(0.338, 0.373]",0.34306569343065696
26922,0.35965804645118743,"(0.338, 0.373]",0.3023255813953488
26923,0.4387789461536122,"(0.407, 0.442]",0.2916666666666667
26924,0.40068748948721883,"(0.373, 0.407]",0.26956521739130435
26925,0.29806071645644605,"(0.269, 0.303]",0.2545454545454545
26926,0.3640369559101408,"(0.338, 0.373]",0.18548387096774194
26927,0.31910280520416257,"(0.303, 0.338]",0.13793103448275862
26928,0.45117907164905063,"(0.442, 0.476]",0.10606060606060606
26929,0.39504309047856184,"(0.373, 0.407]",0.06666666666666667
26930,0.3258717220725386,"(0.303, 0.338]",0.06976744186046512
26931,0.4314290516479572,"(0.407, 0.442]",0.0763888888888889
26932,0.2909503127712996,"(0.269, 0.303]",0.12056737588652482
26953,0.4067947613043988,"(0.373, 0.407]",0.46825396825396826
26954,0.43854016097538867,"(0.407, 0.442]",0.41333333333333333
26955,0.48881244092303494,"(0.476, 0.511]",0.39864864864864863
26956,0.4178250094003124,"(0.407, 0.442]",0.3790849673202614
26957,0.3994063594480409,"(0.373, 0.407]",0.3525641025641026
26958,0.3653398682088176,"(0.338, 0.373]",0.3106060606060606
26959,0.42377670974792975,"(0.407, 0.442]",0.3088235294117647
26960,0.3579505845127129,"(0.338, 0.373]",0.3053435114503817
26961,0.46655152094201846,"(0.442, 0.476]",0.3140495867768595
26962,0.4049445510846782,"(0.373, 0.407]",0.32786885245901637
26963,0.37680836525537376,"(0.373, 0.407]",0.3333333333333333
26964,0.35846915623236675,"(0.338, 0.373]",0.24031007751937986
26965,0.39845801801246744,"(0.373, 0.407]",0.17557251908396945
26966,0.38264046512848093,"(0.373, 0.407]",0.12056737588652482
26967,0.4028701684857479,"(0.373, 0.407]",0.07857142857142857
26968,0.31633577196711227,"(0.303, 0.338]",0.07801418439716312
26969,0.3691182591432418,"(0.338, 0.373]",0.10596026490066225
26991,0.4331479738553799,"(0.407, 0.442]",0.4411764705882353
26992,0.4518562782189439,"(0.442, 0.476]",0.41044776119402987
26993,0.3716738327045116,"(0.338, 0.373]",0.38848920863309355
26994,0.4393299635474837,"(0.407, 0.442]",0.34
26995,0.3828618583229429,"(0.373, 0.407]",0.3023255813953488
26996,0.3780454603101959,"(0.373, 0.407]",0.32575757575757575
26997,0.36209000141230624,"(0.338, 0.373]",0.34328358208955223
26998,0.4012144310970865,"(0.373, 0.407]",0.3858267716535433
26999,0.44334385410993765,"(0.442, 0.476]",0.37037037037037035
27000,0.34251827306989213,"(0.338, 0.373]",0.3359375
27001,0.35856437871205804,"(0.338, 0.373]",0.22857142857142856
27002,0.3745235011786235,"(0.373, 0.407]",0.15328467153284672
27003,0.2769234729802567,"(0.269, 0.303]",0.12318840579710146
27004,0.38680643495256845,"(0.373, 0.407]",0.09352517985611511
27005,0.17510449068713982,"(0.165, 0.2]",0.0916030534351145
27006,0.3369767616883829,"(0.303, 0.338]",0.10714285714285714
27027,0.3644518718729746,"(0.338, 0.373]",0.35251798561151076
27028,0.3965409402784039,"(0.373, 0.407]",0.3263888888888889
27029,0.39311015424927165,"(0.373, 0.407]",0.3125
27030,0.39950885212700504,"(0.373, 0.407]",0.31343283582089554
27034,0.3831379334527252,"(0.373, 0.407]",0.29838709677419356
27035,0.3836566608916704,"(0.373, 0.407]",0.21641791044776118
27036,0.3436389393975737,"(0.338, 0.373]",0.15555555555555556
27037,0.30623253027725506,"(0.303, 0.338]",0.1417910447761194
27038,0.37503996832431347,"(0.373, 0.407]",0.1103448275862069
27039,0.23373948979196654,"(0.2, 0.234]",0.1223021582733813
27059,0.41482927045098994,"(0.407, 0.442]",0.3358208955223881
27060,0.4592791722540774,"(0.442, 0.476]",0.35344827586206895
27065,0.39905320462638527,"(0.373, 0.407]",0.29838709677419356
27066,0.33657927113805375,"(0.303, 0.338]",0.21052631578947367
27067,0.3176346321924832,"(0.303, 0.338]",0.13740458015267176
27068,0.34064367891981784,"(0.338, 0.373]",0.12121212121212122
27069,0.31665784583236073,"(0.303, 0.338]",0.10738255033557047
27087,0.36394882479323065,"(0.338, 0.373]",0.24347826086956523
27089,0.408019237685698,"(0.407, 0.442]",0.11475409836065574
27424,0.30960211695765266,"(0.303, 0.338]",0.18461538461538463
27425,0.19684458753567877,"(0.165, 0.2]",0.1921182266009852
27432,0.39141908255840746,"(0.373, 0.407]",0.23529411764705882
27463,0.3735739484316696,"(0.373, 0.407]",0.16417910447761194
27464,0.2998780972339561,"(0.269, 0.303]",0.17535545023696683
27465,0.3095566670656161,"(0.303, 0.338]",0.18357487922705315
27466,0.31145949283487634,"(0.303, 0.338]",0.18652849740932642
27470,0.22663402153221865,"(0.2, 0.234]",0.2087378640776699
27472,0.35051081023197633,"(0.338, 0.373]",0.26288659793814434
27478,0.2508512749987239,"(0.234, 0.269]",0.23255813953488372
27479,0.3600066889169658,"(0.338, 0.373]",0.2411764705882353
27482,0.2642247157288763,"(0.234, 0.269]",0.25268817204301075
27485,0.2830558728322374,"(0.269, 0.303]",0.2012987012987013
27486,0.3833024185570463,"(0.373, 0.407]",0.1927710843373494
27487,0.2900504316546451,"(0.269, 0.303]",0.23636363636363636
27488,0.3756350181518721,"(0.373, 0.407]",0.20903954802259886
27505,0.27472145711193696,"(0.269, 0.303]",0.21978021978021978
27509,0.3956807995350701,"(0.373, 0.407]",0.14136125654450263
27510,0.3545715844120709,"(0.338, 0.373]",0.1553398058252427
27511,0.33210557208281016,"(0.303, 0.338]",0.17857142857142858
27512,0.3065804496189259,"(0.303, 0.338]",0.18396226415094338
27513,0.38287419103523657,"(0.373, 0.407]",0.2097560975609756
27514,0.2618350653970286,"(0.234, 0.269]",0.20103092783505155
27515,0.31186283534129944,"(0.303, 0.338]",0.2
27516,0.3085190895434686,"(0.303, 0.338]",0.24242424242424243
27517,0.2447843372472425,"(0.234, 0.269]",0.24623115577889448
27518,0.3236673038370085,"(0.303, 0.338]",0.2639593908629442
27519,0.31241489343545187,"(0.303, 0.338]",0.2694300518134715
27520,0.3357052315163545,"(0.303, 0.338]",0.24731182795698925
27526,0.21172861235549584,"(0.2, 0.234]",0.2222222222222222
27527,0.34910251922868457,"(0.338, 0.373]",0.23837209302325582
27528,0.4298186463131407,"(0.407, 0.442]",0.24528301886792453
27529,0.3478088732361914,"(0.338, 0.373]",0.24299065420560748
27532,0.34308496915373027,"(0.338, 0.373]",0.2
27533,0.3722453343046138,"(0.338, 0.373]",0.2087912087912088
27534,0.3988107400548525,"(0.373, 0.407]",0.18125
27535,0.3308824661038297,"(0.303, 0.338]",0.16111111111111112
27536,0.3866654880956464,"(0.373, 0.407]",0.2222222222222222
27537,0.30501554791211893,"(0.303, 0.338]",0.21311475409836064
27538,0.2155616484461258,"(0.2, 0.234]",0.2182741116751269
27543,0.3326235250577475,"(0.303, 0.338]",0.12903225806451613
27544,0.2603893177292223,"(0.234, 0.269]",0.12962962962962962
27546,0.4570920555902065,"(0.442, 0.476]",0.11363636363636363
27553,-0.0601292336947185,"(-0.0765, -0.042]",0.2388888888888889
27554,0.22185126604373331,"(0.2, 0.234]",0.23684210526315788
27555,0.3652955466877265,"(0.338, 0.373]",0.22340425531914893
27556,0.3586351285659101,"(0.338, 0.373]",0.21978021978021978
27557,0.35911690728089696,"(0.338, 0.373]",0.1774193548387097
27558,0.34953011200230943,"(0.338, 0.373]",0.13736263736263737
27559,0.3644931462157122,"(0.338, 0.373]",0.14720812182741116
27560,0.2831039307105776,"(0.269, 0.303]",0.17592592592592593
27561,0.3417502175008662,"(0.338, 0.373]",0.1796116504854369
27562,0.33359206624591364,"(0.303, 0.338]",0.18981481481481483
27563,0.2828452353239442,"(0.269, 0.303]",0.1895734597156398
27564,0.2717112785337621,"(0.269, 0.303]",0.17412935323383086
27565,0.27152117727593644,"(0.269, 0.303]",0.2073732718894009
27566,0.28036465381414405,"(0.269, 0.303]",0.2222222222222222
27567,0.2311375081684149,"(0.2, 0.234]",0.23696682464454977
27568,0.31291026353815427,"(0.303, 0.338]",0.25
27569,0.39309194765857247,"(0.373, 0.407]",0.23557692307692307
27570,0.38442930293970323,"(0.373, 0.407]",0.23232323232323232
27576,0.2675231481825588,"(0.234, 0.269]",0.24025974025974026
27577,0.379618874508251,"(0.373, 0.407]",0.25
27578,0.3332723829946832,"(0.303, 0.338]",0.26570048309178745
27579,0.36666850232489956,"(0.338, 0.373]",0.2459016393442623
27580,0.3221521696830026,"(0.303, 0.338]",0.234375
27581,0.31615922663114593,"(0.303, 0.338]",0.22404371584699453
27582,0.40437914497576627,"(0.373, 0.407]",0.1875
27583,0.34929415831447874,"(0.338, 0.373]",0.19148936170212766
27584,0.3797301461336435,"(0.373, 0.407]",0.17142857142857143
27585,0.29712153949028897,"(0.269, 0.303]",0.16666666666666666
27586,0.11520263544677496,"(0.0962, 0.131]",0.1952662721893491
27587,0.029319843231029572,"(0.0271, 0.0617]",0.21212121212121213
27588,0.32932946631340176,"(0.303, 0.338]",0.21787709497206703
27589,0.31595456617622486,"(0.303, 0.338]",0.21714285714285714
27590,0.31164797641145353,"(0.303, 0.338]",0.2057142857142857
27591,0.29958272649838535,"(0.269, 0.303]",0.16279069767441862
27593,0.24833248142522862,"(0.234, 0.269]",0.14012738853503184
27594,0.33428071117312946,"(0.303, 0.338]",0.13496932515337423
27595,0.30084295921241494,"(0.269, 0.303]",0.14689265536723164
27596,0.2191944968341958,"(0.2, 0.234]",0.14285714285714285
27597,0.3210550079136453,"(0.303, 0.338]",0.1693121693121693
27598,0.311860241132009,"(0.303, 0.338]",0.16580310880829016
27599,0.30912598876267106,"(0.303, 0.338]",0.17766497461928935
27603,0.19817562910931413,"(0.165, 0.2]",0.20218579234972678
27604,0.22067233543967485,"(0.2, 0.234]",0.19597989949748743
27605,0.33068103362467927,"(0.303, 0.338]",0.205
27606,0.3830675882147846,"(0.373, 0.407]",0.21808510638297873
27607,0.37585435967132175,"(0.373, 0.407]",0.17277486910994763
27608,0.3390941081062548,"(0.338, 0.373]",0.15846994535519127
27609,0.3984702968402012,"(0.373, 0.407]",0.1457286432160804
27610,0.34823687093433264,"(0.338, 0.373]",0.1722488038277512
27611,0.3651164585910095,"(0.338, 0.373]",0.1708542713567839
27612,0.35563726926041783,"(0.338, 0.373]",0.16587677725118483
27613,0.2252973519784395,"(0.2, 0.234]",0.18660287081339713
27614,0.3036276538994341,"(0.303, 0.338]",0.18137254901960784
27615,0.3567470411928066,"(0.338, 0.373]",0.2
27616,0.3406353141058354,"(0.338, 0.373]",0.2
27617,0.3941160773700844,"(0.373, 0.407]",0.19534883720930232
27618,0.32375330044042266,"(0.303, 0.338]",0.20187793427230047
27619,0.38924950835586297,"(0.373, 0.407]",0.19444444444444445
27620,0.38833328693736824,"(0.373, 0.407]",0.19617224880382775
27628,0.4120982358057098,"(0.407, 0.442]",0.26143790849673204
27629,0.24948258113915014,"(0.234, 0.269]",0.25773195876288657
27630,0.24130675007142371,"(0.234, 0.269]",0.26905829596412556
27631,0.3074188201566378,"(0.303, 0.338]",0.28
27632,0.39174153642635534,"(0.373, 0.407]",0.2722772277227723
27633,0.37744611388556853,"(0.373, 0.407]",0.27751196172248804
27634,0.2613842013045228,"(0.234, 0.269]",0.26804123711340205
27635,0.34948549104826016,"(0.338, 0.373]",0.23756906077348067
27636,0.2991974249094987,"(0.269, 0.303]",0.24607329842931938
27637,0.22051323210407306,"(0.2, 0.234]",0.1901840490797546
27638,0.279421989621832,"(0.269, 0.303]",0.1761006289308176
27639,0.2882706536863744,"(0.269, 0.303]",0.21518987341772153
27640,0.19906786606268756,"(0.165, 0.2]",0.22972972972972974
27641,0.29638524667440647,"(0.269, 0.303]",0.23699421965317918
27642,0.2833782049011655,"(0.269, 0.303]",0.2543352601156069
27643,0.35623746869780587,"(0.338, 0.373]",0.2346368715083799
27644,0.32858232564985523,"(0.303, 0.338]",0.1781609195402299
27645,0.19467790891152145,"(0.165, 0.2]",0.17791411042944785
27646,0.28148836505632735,"(0.269, 0.303]",0.16071428571428573
27647,0.3109343892532105,"(0.303, 0.338]",0.15428571428571428
27648,0.37123917901727194,"(0.338, 0.373]",0.1711229946524064
27649,0.3041168283227456,"(0.303, 0.338]",0.1702127659574468
27650,0.3072623622057576,"(0.303, 0.338]",0.18333333333333332
27651,0.36859831336271,"(0.338, 0.373]",0.19662921348314608
27652,0.2615100465234994,"(0.234, 0.269]",0.20441988950276244
27653,0.38434339057811107,"(0.373, 0.407]",0.24444444444444444
27654,0.2942445104033472,"(0.269, 0.303]",0.21978021978021978
27656,0.22466933660553592,"(0.2, 0.234]",0.21390374331550802
27657,0.29343170159479365,"(0.269, 0.303]",0.19095477386934673
27658,0.42092633651395767,"(0.407, 0.442]",0.19597989949748743
27659,0.31382079550181624,"(0.303, 0.338]",0.22826086956521738
27660,0.3770800636851741,"(0.373, 0.407]",0.19270833333333334
27662,0.27328540844161303,"(0.269, 0.303]",0.18974358974358974
27663,0.41014598731358093,"(0.407, 0.442]",0.20588235294117646
27664,0.21921064781831953,"(0.2, 0.234]",0.193717277486911
27665,0.35847909531161887,"(0.338, 0.373]",0.19138755980861244
27666,0.3942041827885994,"(0.373, 0.407]",0.215311004784689
27667,0.2813695261069933,"(0.269, 0.303]",0.2222222222222222
27668,0.29807718561519736,"(0.269, 0.303]",0.22767857142857142
27669,0.20248004648818127,"(0.2, 0.234]",0.22065727699530516
27670,0.2441779134354408,"(0.234, 0.269]",0.20476190476190476
27671,0.3679654052002781,"(0.338, 0.373]",0.19806763285024154
27672,0.3846814402162896,"(0.373, 0.407]",0.2
27673,0.24952061644828355,"(0.234, 0.269]",0.19444444444444445
27674,0.3178476444398852,"(0.303, 0.338]",0.16822429906542055
27682,0.4358138360651095,"(0.407, 0.442]",0.24060150375939848
27683,0.3723831621240905,"(0.338, 0.373]",0.2562814070351759
27684,0.30695883712623656,"(0.303, 0.338]",0.25333333333333335
27685,0.35427782619623993,"(0.338, 0.373]",0.2813852813852814
27686,0.31116772112637364,"(0.303, 0.338]",0.3053097345132743
27687,0.38025811577919816,"(0.373, 0.407]",0.3096446700507614
27688,0.3241222121415191,"(0.303, 0.338]",0.2923076923076923
27689,0.3716257514111763,"(0.338, 0.373]",0.27040816326530615
27690,0.41773969587373266,"(0.407, 0.442]",0.2422680412371134
27691,0.371380513929841,"(0.338, 0.373]",0.23880597014925373
27694,0.299589895695678,"(0.269, 0.303]",0.21511627906976744
27695,0.31802786510527675,"(0.303, 0.338]",0.21818181818181817
27696,0.27941575174399647,"(0.269, 0.303]",0.23863636363636365
27697,0.388254406613374,"(0.373, 0.407]",0.27717391304347827
27698,0.39141922915583194,"(0.373, 0.407]",0.27225130890052357
27699,0.38412617804325877,"(0.373, 0.407]",0.24193548387096775
27700,0.35787105065799274,"(0.338, 0.373]",0.25139664804469275
27701,0.28202345448414423,"(0.269, 0.303]",0.22826086956521738
27702,0.28492423530091054,"(0.269, 0.303]",0.19791666666666666
27703,0.3131100165741715,"(0.303, 0.338]",0.18592964824120603
27704,0.3273371271853879,"(0.303, 0.338]",0.1717171717171717
27705,0.3697094012202874,"(0.338, 0.373]",0.1807909604519774
27706,0.38337720851741136,"(0.373, 0.407]",0.2
27712,0.3344823156692553,"(0.303, 0.338]",0.22380952380952382
27713,0.3891606033489478,"(0.373, 0.407]",0.22857142857142856
27714,0.4130253350913479,"(0.407, 0.442]",0.2736842105263158
27715,0.368277751465384,"(0.338, 0.373]",0.24102564102564103
27716,0.4398972102646471,"(0.407, 0.442]",0.23369565217391305
27717,0.3459244260404054,"(0.338, 0.373]",0.21578947368421053
27718,0.3362420960974134,"(0.303, 0.338]",0.21465968586387435
27719,0.346244366792038,"(0.338, 0.373]",0.19662921348314608
27720,0.3902999310317052,"(0.373, 0.407]",0.19796954314720813
27721,0.3658602927345248,"(0.338, 0.373]",0.21212121212121213
27722,0.37025619152621403,"(0.338, 0.373]",0.1958762886597938
27723,0.29857068404931236,"(0.269, 0.303]",0.21153846153846154
27724,0.2540354134466817,"(0.234, 0.269]",0.2
27725,0.35235178856532207,"(0.338, 0.373]",0.18461538461538463
27726,0.28255540472311313,"(0.269, 0.303]",0.2028985507246377
27727,0.3675530892784428,"(0.338, 0.373]",0.20089285714285715
27728,0.3299179783506691,"(0.303, 0.338]",0.2
27729,0.3623528352904849,"(0.338, 0.373]",0.19282511210762332
27737,0.3761126883764772,"(0.373, 0.407]",0.3333333333333333
27738,0.3453247520675003,"(0.338, 0.373]",0.32432432432432434
27739,0.3642759491255877,"(0.338, 0.373]",0.3135593220338983
27740,0.3708690198426433,"(0.338, 0.373]",0.3111111111111111
27741,0.3479382930667753,"(0.338, 0.373]",0.3333333333333333
27742,0.46045063864660385,"(0.442, 0.476]",0.3422459893048128
27743,0.33695883350891637,"(0.303, 0.338]",0.3352272727272727
27744,0.3644977172049259,"(0.338, 0.373]",0.31382978723404253
27745,0.42039440558259,"(0.407, 0.442]",0.29381443298969073
27746,0.39232132017523685,"(0.373, 0.407]",0.2878787878787879
27747,0.39540404010957014,"(0.373, 0.407]",0.24
27748,0.36751895004040247,"(0.338, 0.373]",0.24864864864864866
27749,0.2407388705194761,"(0.234, 0.269]",0.2789473684210526
27750,0.24373794277781224,"(0.234, 0.269]",0.2765957446808511
27751,0.2753785273709537,"(0.269, 0.303]",0.291005291005291
27752,0.40713475960836804,"(0.407, 0.442]",0.3096446700507614
27753,0.43048401992112634,"(0.407, 0.442]",0.30927835051546393
27754,0.3870551204926351,"(0.373, 0.407]",0.2887700534759358
27755,0.3816990217981033,"(0.373, 0.407]",0.2988505747126437
27756,0.27852333370068144,"(0.269, 0.303]",0.2677595628415301
27757,0.3448278244287149,"(0.338, 0.373]",0.22162162162162163
27758,0.28130729648845826,"(0.269, 0.303]",0.21081081081081082
27759,0.38018614722030986,"(0.373, 0.407]",0.20603015075376885
27760,0.30400876869014365,"(0.303, 0.338]",0.2138728323699422
27761,0.3913384262494666,"(0.373, 0.407]",0.2558139534883721
27767,0.38396222787164985,"(0.373, 0.407]",0.27184466019417475
27768,0.36826728730610003,"(0.338, 0.373]",0.28078817733990147
27769,0.4163733910701163,"(0.407, 0.442]",0.3177083333333333
27770,0.42879338621965496,"(0.407, 0.442]",0.29207920792079206
27771,0.3973497133161028,"(0.373, 0.407]",0.28421052631578947
27772,0.34750838006210555,"(0.338, 0.373]",0.26424870466321243
27773,0.33718823789054,"(0.303, 0.338]",0.24598930481283424
27774,0.3545187865407871,"(0.338, 0.373]",0.22988505747126436
27775,0.3965479265232943,"(0.373, 0.407]",0.2459016393442623
27776,0.30880018689253935,"(0.303, 0.338]",0.25405405405405407
27777,0.2993242353882692,"(0.269, 0.303]",0.23809523809523808
27778,0.38995520707174275,"(0.373, 0.407]",0.24352331606217617
27781,0.27458052676581357,"(0.269, 0.303]",0.18781725888324874
27782,0.4095220651682704,"(0.407, 0.442]",0.1813953488372093
27783,0.40065784344437455,"(0.373, 0.407]",0.17982456140350878
27784,0.24526476954318294,"(0.234, 0.269]",0.18018018018018017
27792,0.3819079132036729,"(0.373, 0.407]",0.4502923976608187
27794,0.41242396236135315,"(0.407, 0.442]",0.3786008230452675
27795,0.36284085270487537,"(0.338, 0.373]",0.3617886178861789
27796,0.3705720124984041,"(0.338, 0.373]",0.3605150214592275
27797,0.4251781168313507,"(0.407, 0.442]",0.35555555555555557
27799,0.4224187647912632,"(0.407, 0.442]",0.34375
27800,0.4108866013154953,"(0.407, 0.442]",0.3128205128205128
27801,0.3295517554241737,"(0.303, 0.338]",0.3036649214659686
27802,0.30795133668856445,"(0.303, 0.338]",0.31443298969072164
27803,0.4124718133074841,"(0.407, 0.442]",0.2935323383084577
27804,0.42858543426181644,"(0.407, 0.442]",0.2885572139303483
27806,0.36662054175870695,"(0.338, 0.373]",0.31100478468899523
27807,0.39723318067287133,"(0.373, 0.407]",0.31683168316831684
27808,0.39866571076329654,"(0.373, 0.407]",0.3349282296650718
27812,0.3890690829274689,"(0.373, 0.407]",0.3128491620111732
27813,0.39194457587595294,"(0.373, 0.407]",0.2786885245901639
27814,0.3807537560297939,"(0.373, 0.407]",0.2802197802197802
27815,0.4161745427886386,"(0.407, 0.442]",0.27461139896373055
27816,0.37788167046283466,"(0.373, 0.407]",0.2832369942196532
27825,0.4166368383859898,"(0.407, 0.442]",0.3492063492063492
27826,0.3884616905088294,"(0.373, 0.407]",0.33004926108374383
27827,0.388829660922681,"(0.373, 0.407]",0.32142857142857145
27828,0.3668852837249109,"(0.338, 0.373]",0.3121951219512195
27829,0.3310351598932401,"(0.303, 0.338]",0.2923076923076923
27830,0.40021410145890435,"(0.373, 0.407]",0.2541436464088398
27831,0.370880828483502,"(0.338, 0.373]",0.2538860103626943
27832,0.26484226947791306,"(0.234, 0.269]",0.2538860103626943
27833,0.24071763160348839,"(0.234, 0.269]",0.22916666666666666
27834,0.33708394287734594,"(0.303, 0.338]",0.24736842105263157
27837,0.3228285016055184,"(0.303, 0.338]",0.211340206185567
27838,0.334641259281673,"(0.303, 0.338]",0.2
27839,0.3356245766542868,"(0.303, 0.338]",0.20465116279069767
27840,0.3162429459564791,"(0.303, 0.338]",0.22535211267605634
27858,0.3709963437120639,"(0.338, 0.373]",0.3727810650887574
27859,0.42451089559838245,"(0.407, 0.442]",0.3728813559322034
27860,0.4025638976652877,"(0.373, 0.407]",0.36180904522613067
27861,0.364341710058432,"(0.338, 0.373]",0.3427230046948357
27862,0.4368860808098355,"(0.407, 0.442]",0.405982905982906
27863,0.3285675636716373,"(0.303, 0.338]",0.3739495798319328
27864,0.4107108553538257,"(0.407, 0.442]",0.36607142857142855
27865,0.3785801913238135,"(0.373, 0.407]",0.37719298245614036
27866,0.3488036850153797,"(0.338, 0.373]",0.36097560975609755
27880,0.390873784751806,"(0.373, 0.407]",0.49246231155778897
27882,0.42854384385142824,"(0.407, 0.442]",0.4639175257731959
27883,0.389818244756204,"(0.373, 0.407]",0.4088669950738916
27884,0.43271363783759387,"(0.407, 0.442]",0.3872549019607843
27885,0.410388133497032,"(0.407, 0.442]",0.32558139534883723
27886,0.30786264312267486,"(0.303, 0.338]",0.28846153846153844
27888,0.31585180237513205,"(0.303, 0.338]",0.2562814070351759
27889,0.3879412360287664,"(0.373, 0.407]",0.26288659793814434
27890,0.39814283932799444,"(0.373, 0.407]",0.24210526315789474
27891,0.342259706201395,"(0.338, 0.373]",0.2192513368983957
27893,0.33421553049457065,"(0.303, 0.338]",0.1711229946524064
27894,0.2873452764966151,"(0.269, 0.303]",0.17857142857142858
27895,0.39916601403541907,"(0.373, 0.407]",0.19230769230769232
27896,0.3505868539565983,"(0.338, 0.373]",0.22169811320754718
27897,0.31291859942421774,"(0.303, 0.338]",0.25821596244131456
27916,0.38503661768962627,"(0.373, 0.407]",0.47023809523809523
27917,0.41241123728020296,"(0.407, 0.442]",0.48404255319148937
27918,0.45669736243327946,"(0.442, 0.476]",0.46534653465346537
27919,0.3419761213106578,"(0.338, 0.373]",0.4253393665158371
27920,0.4481773359927652,"(0.442, 0.476]",0.4879032258064516
27921,0.37572324256098477,"(0.373, 0.407]",0.4715447154471545
27922,0.40842148399132494,"(0.407, 0.442]",0.4765957446808511
27923,0.3732496813055587,"(0.373, 0.407]",0.5085470085470085
27933,0.40425517805246325,"(0.373, 0.407]",0.5953488372093023
27936,0.3413414353780926,"(0.338, 0.373]",0.5982905982905983
27938,0.3959352060180092,"(0.373, 0.407]",0.5467980295566502
27939,0.4061529125821416,"(0.373, 0.407]",0.5257731958762887
27940,0.3383322408189105,"(0.338, 0.373]",0.5074626865671642
27941,0.4117364414847392,"(0.407, 0.442]",0.4784688995215311
27942,0.38166089910168816,"(0.373, 0.407]",0.4788732394366197
27943,0.35173834586165875,"(0.338, 0.373]",0.41517857142857145
27944,0.36836944208886985,"(0.338, 0.373]",0.3395348837209302
27946,0.3736163034416375,"(0.373, 0.407]",0.25980392156862747
27947,0.41331551207886424,"(0.407, 0.442]",0.26424870466321243
27948,0.33599728706673976,"(0.303, 0.338]",0.24615384615384617
27949,0.47154644458091066,"(0.442, 0.476]",0.20725388601036268
27950,0.29579466003943206,"(0.269, 0.303]",0.18617021276595744
27951,0.2937887623427452,"(0.269, 0.303]",0.1641025641025641
27952,0.3154022756696366,"(0.303, 0.338]",0.15463917525773196
27953,0.3351850789376851,"(0.303, 0.338]",0.17307692307692307
27954,0.35717085864335696,"(0.338, 0.373]",0.205607476635514
27955,0.31766128090763424,"(0.303, 0.338]",0.2304147465437788
27977,0.33657367251149123,"(0.303, 0.338]",0.5789473684210527
27978,0.39917324840690954,"(0.373, 0.407]",0.5776699029126213
27979,0.3864696033163473,"(0.373, 0.407]",0.5804878048780487
27980,0.44789920103573394,"(0.442, 0.476]",0.5336322869955157
27982,0.3578976032955587,"(0.338, 0.373]",0.5912698412698413
27983,0.3893769094577373,"(0.373, 0.407]",0.5896414342629482
27994,0.2863123887012674,"(0.269, 0.303]",0.6652892561983471
27999,0.2614794302341892,"(0.234, 0.269]",0.5813953488372093
28000,0.38383017102146433,"(0.373, 0.407]",0.5555555555555556
28001,0.41394583841433397,"(0.407, 0.442]",0.5148514851485149
28002,0.37381369846110396,"(0.373, 0.407]",0.48826291079812206
28003,0.3658272262002192,"(0.338, 0.373]",0.4976958525345622
28004,0.3985896786079053,"(0.373, 0.407]",0.4424778761061947
28005,0.413638652779406,"(0.407, 0.442]",0.3744493392070485
28007,0.4170392155495158,"(0.407, 0.442]",0.2818181818181818
28008,0.35291674516719035,"(0.338, 0.373]",0.26865671641791045
28009,0.32459160667191234,"(0.303, 0.338]",0.25380710659898476
28010,0.35272533226949093,"(0.338, 0.373]",0.2097560975609756
28011,0.446049381570351,"(0.442, 0.476]",0.20304568527918782
28012,0.42214592644725135,"(0.407, 0.442]",0.1782178217821782
28013,0.24044585076322375,"(0.234, 0.269]",0.175
28014,0.37467437353065147,"(0.373, 0.407]",0.21890547263681592
28015,0.351072131531303,"(0.338, 0.373]",0.23300970873786409
28016,0.34483030313788005,"(0.338, 0.373]",0.26666666666666666
28046,0.39979493395517457,"(0.373, 0.407]",0.6654411764705882
28047,0.348534176488574,"(0.338, 0.373]",0.6808510638297872
28058,0.34686458746176946,"(0.338, 0.373]",0.737037037037037
28060,0.2840817765305584,"(0.269, 0.303]",0.6865671641791045
28061,0.3717931693056534,"(0.338, 0.373]",0.700374531835206
28063,0.364543861290824,"(0.338, 0.373]",0.6218487394957983
28064,0.3571443119647339,"(0.338, 0.373]",0.5822222222222222
28065,0.4217674431693891,"(0.407, 0.442]",0.5495495495495496
28066,0.36260293867851084,"(0.338, 0.373]",0.5022222222222222
28067,0.40594309226293124,"(0.373, 0.407]",0.48917748917748916
28068,0.4624910968096722,"(0.442, 0.476]",0.44298245614035087
28069,0.36992756418552647,"(0.338, 0.373]",0.36607142857142855
28070,0.3493057395954408,"(0.338, 0.373]",0.3302752293577982
28071,0.3503123327968025,"(0.338, 0.373]",0.3004694835680751
28072,0.35876796608761957,"(0.338, 0.373]",0.2653061224489796
28073,0.3347458559162073,"(0.303, 0.338]",0.23469387755102042
28074,0.3894784811133756,"(0.373, 0.407]",0.18811881188118812
28075,0.2542267887594958,"(0.234, 0.269]",0.18041237113402062
28076,0.28677057505848874,"(0.269, 0.303]",0.17
28077,0.3373259598581004,"(0.303, 0.338]",0.17560975609756097
28078,0.3741867236652148,"(0.373, 0.407]",0.23557692307692307
28079,0.2774325114863486,"(0.269, 0.303]",0.23853211009174313
28124,0.33523833163132477,"(0.303, 0.338]",0.7330827067669173
28130,0.3972272871877997,"(0.373, 0.407]",0.5291479820627802
28131,0.4239422313785459,"(0.407, 0.442]",0.5066079295154186
28132,0.4380421455376974,"(0.407, 0.442]",0.4888888888888889
28133,0.4597203691795823,"(0.442, 0.476]",0.46396396396396394
28134,0.3811572332438511,"(0.373, 0.407]",0.4818181818181818
28135,0.4242111269605914,"(0.407, 0.442]",0.4028436018957346
28138,0.31649548419183093,"(0.303, 0.338]",0.211340206185567
28139,0.20029896632781108,"(0.2, 0.234]",0.18974358974358974
28140,0.34067418115927356,"(0.338, 0.373]",0.17010309278350516
28141,0.3849719405142027,"(0.373, 0.407]",0.16842105263157894
28142,0.3428120511868139,"(0.338, 0.373]",0.16080402010050251
28143,0.3263523874978081,"(0.303, 0.338]",0.1553398058252427
28144,0.3940067568092706,"(0.373, 0.407]",0.20952380952380953
28145,0.28768308020979677,"(0.269, 0.303]",0.2191780821917808
28198,0.42434498177034174,"(0.407, 0.442]",0.4790697674418605
28199,0.43807045568585956,"(0.407, 0.442]",0.42081447963800905
28200,0.412808630167813,"(0.407, 0.442]",0.3791469194312796
28201,0.35665945437585855,"(0.338, 0.373]",0.3953488372093023
28205,0.3234102590395776,"(0.303, 0.338]",0.21287128712871287
28206,0.30999283346809536,"(0.303, 0.338]",0.1796116504854369
28207,0.3277623946983254,"(0.303, 0.338]",0.16336633663366337
28208,0.330827801346235,"(0.303, 0.338]",0.135678391959799
28209,0.3678969563565526,"(0.338, 0.373]",0.15121951219512195
28210,0.3021037067900084,"(0.269, 0.303]",0.17142857142857143
28265,0.3853116907255127,"(0.373, 0.407]",0.5
28266,0.4085050770969073,"(0.407, 0.442]",0.4473684210526316
28267,0.4215803069380945,"(0.407, 0.442]",0.4
28268,0.40829104350278517,"(0.407, 0.442]",0.3632075471698113
28269,0.4090494493879604,"(0.407, 0.442]",0.3456221198156682
28274,0.3379849931814305,"(0.303, 0.338]",0.16748768472906403
28275,0.32839344241605545,"(0.303, 0.338]",0.15979381443298968
28276,0.3221592247300072,"(0.303, 0.338]",0.1282051282051282
28331,0.40774245475709736,"(0.407, 0.442]",0.5876288659793815
28333,0.41156758651533254,"(0.407, 0.442]",0.470873786407767
28334,0.37278251542967766,"(0.373, 0.407]",0.4714285714285714
28335,0.41114819617917037,"(0.407, 0.442]",0.41784037558685444
28336,0.36912762096377677,"(0.338, 0.373]",0.38636363636363635
28337,0.42369859621138384,"(0.407, 0.442]",0.3789954337899543
28338,0.4307558983414717,"(0.407, 0.442]",0.34517766497461927
28342,0.3399082385410915,"(0.338, 0.373]",0.24336283185840707
28343,0.37212506485715185,"(0.338, 0.373]",0.17535545023696683
28344,0.3828339855740269,"(0.373, 0.407]",0.17475728155339806
28345,0.3648604099081268,"(0.338, 0.373]",0.171875
28403,0.4399808363723342,"(0.407, 0.442]",0.40816326530612246
28404,0.4141647998931873,"(0.407, 0.442]",0.4028436018957346
28405,0.344111510906821,"(0.338, 0.373]",0.4072398190045249
28406,0.39562189890606314,"(0.373, 0.407]",0.3688888888888889
28407,0.4168609900364596,"(0.407, 0.442]",0.3674418604651163
28409,0.3722371108371921,"(0.338, 0.373]",0.3062200956937799
28410,0.3926356250797732,"(0.373, 0.407]",0.265
28411,0.36072400003686744,"(0.338, 0.373]",0.2631578947368421
28412,0.33645449332879573,"(0.303, 0.338]",0.252212389380531
28413,0.34272407593522325,"(0.338, 0.373]",0.1902439024390244
28414,0.38095565274068316,"(0.373, 0.407]",0.2
28471,0.41090135114078397,"(0.407, 0.442]",0.3192771084337349
28472,0.3668188750997221,"(0.338, 0.373]",0.34210526315789475
28473,0.34770618027449357,"(0.338, 0.373]",0.3434343434343434
28474,0.4077896006545094,"(0.407, 0.442]",0.3273542600896861
28475,0.4122979810790035,"(0.407, 0.442]",0.33796296296296297
28476,0.40388564336247823,"(0.373, 0.407]",0.3118811881188119
28477,0.41307022514595343,"(0.407, 0.442]",0.2761904761904762
28478,0.47593984708249254,"(0.442, 0.476]",0.24242424242424243
28479,0.3674591404285661,"(0.338, 0.373]",0.23671497584541062
28480,0.38146972881677305,"(0.373, 0.407]",0.2100456621004566
28481,0.31722163722182534,"(0.303, 0.338]",0.1791044776119403
28482,0.3003234324061164,"(0.269, 0.303]",0.20202020202020202
28539,0.29535063811430323,"(0.269, 0.303]",0.3016759776536313
28540,0.41096320612622894,"(0.407, 0.442]",0.30601092896174864
28541,0.2824532402926824,"(0.269, 0.303]",0.2538860103626943
28542,0.44208151569495396,"(0.442, 0.476]",0.2608695652173913
28543,0.37482870129772544,"(0.373, 0.407]",0.24623115577889448
28544,0.3718439198302207,"(0.338, 0.373]",0.22790697674418606
28545,0.30024717235779885,"(0.269, 0.303]",0.22009569377990432
28546,0.31029372910553765,"(0.303, 0.338]",0.19696969696969696
28547,0.3069938887336875,"(0.303, 0.338]",0.20202020202020202
28594,0.33063334622315305,"(0.303, 0.338]",0.6628352490421456
28595,0.29997808121147024,"(0.269, 0.303]",0.5617529880478087
28596,0.24264427033036157,"(0.234, 0.269]",0.5065502183406113
28602,0.3561130906946379,"(0.338, 0.373]",0.2774566473988439
28603,0.2841474273521629,"(0.269, 0.303]",0.22340425531914893
28604,0.3723270053260281,"(0.338, 0.373]",0.1951219512195122
28605,0.33836679570411193,"(0.338, 0.373]",0.2205128205128205
28606,0.34326459426112377,"(0.338, 0.373]",0.22115384615384615
28607,0.2771942628234398,"(0.269, 0.303]",0.23671497584541062
28608,0.3234967525983565,"(0.303, 0.338]",0.23115577889447236
28655,0.3357020204955735,"(0.303, 0.338]",0.6223175965665236
28656,0.18602439012985872,"(0.165, 0.2]",0.5265486725663717
28657,0.25329085051552896,"(0.234, 0.269]",0.42990654205607476
28658,0.17440682070491878,"(0.165, 0.2]",0.3826530612244898
28659,0.1664774601970981,"(0.165, 0.2]",0.37735849056603776
28660,0.3524225304689874,"(0.338, 0.373]",0.375
28661,0.43100393021136213,"(0.407, 0.442]",0.3560606060606061
28662,0.1672545381648163,"(0.165, 0.2]",0.21511627906976744
28663,0.2855109169651891,"(0.269, 0.303]",0.19289340101522842
28664,0.3918586102083913,"(0.373, 0.407]",0.17370892018779344
28665,0.3417067881968035,"(0.338, 0.373]",0.208955223880597
28666,0.3841318822663671,"(0.373, 0.407]",0.21674876847290642
28713,0.395583603094124,"(0.373, 0.407]",0.5551020408163265
28714,0.4318324289532518,"(0.407, 0.442]",0.5042016806722689
28715,0.38851389480395426,"(0.373, 0.407]",0.42127659574468085
28716,0.40350858944204787,"(0.373, 0.407]",0.3427230046948357
28717,0.3368950470871126,"(0.303, 0.338]",0.31958762886597936
28719,0.3295952544710526,"(0.303, 0.338]",0.2845528455284553
28720,0.3203558466325522,"(0.303, 0.338]",0.19327731092436976
28722,0.20836098110733042,"(0.2, 0.234]",0.2393617021276596
28723,0.3349493774102207,"(0.303, 0.338]",0.21962616822429906
28724,0.2600919907114855,"(0.234, 0.269]",0.23786407766990292
28725,0.399323722166889,"(0.373, 0.407]",0.24170616113744076
28772,0.4472197674736416,"(0.442, 0.476]",0.44206008583690987
28773,0.36540751871661836,"(0.338, 0.373]",0.37130801687763715
28774,0.4262695082683598,"(0.407, 0.442]",0.3020408163265306
28775,0.3776068062713774,"(0.373, 0.407]",0.25112107623318386
28776,0.24355840444356738,"(0.234, 0.269]",0.225130890052356
28777,0.37615084160113366,"(0.373, 0.407]",0.2196969696969697
28778,0.33581069875355857,"(0.303, 0.338]",0.1891891891891892
28779,0.3821372690376357,"(0.373, 0.407]",0.20261437908496732
28780,0.3274294724928531,"(0.303, 0.338]",0.20714285714285716
28829,0.32300595601548454,"(0.303, 0.338]",0.37610619469026546
28830,0.3735341790557525,"(0.373, 0.407]",0.3347826086956522
28831,0.39879200308446777,"(0.373, 0.407]",0.2943722943722944
28832,0.4244943587525133,"(0.407, 0.442]",0.2446351931330472
28833,0.34056570358619515,"(0.338, 0.373]",0.2217741935483871
28834,0.3769324068956953,"(0.373, 0.407]",0.21551724137931033
28835,0.38547111468978984,"(0.373, 0.407]",0.21428571428571427
28836,0.2448203191545008,"(0.234, 0.269]",0.2152777777777778
28837,0.16206857297584068,"(0.131, 0.165]",0.22807017543859648
28838,0.3317318395398579,"(0.303, 0.338]",0.20512820512820512
28839,0.2827380961039591,"(0.269, 0.303]",0.2097902097902098
28840,0.16723898194755182,"(0.165, 0.2]",0.18604651162790697
28841,0.10354233274839676,"(0.0962, 0.131]",0.20903954802259886
28842,0.30306648078039716,"(0.269, 0.303]",0.21301775147928995
28890,0.4433892495887984,"(0.442, 0.476]",0.26126126126126126
28891,0.38853767478111956,"(0.373, 0.407]",0.22807017543859648
28892,0.3133804015949505,"(0.303, 0.338]",0.20085470085470086
28893,0.3275066480795592,"(0.303, 0.338]",0.19230769230769232
28894,0.4182314763746877,"(0.407, 0.442]",0.19230769230769232
28895,0.36059202705124266,"(0.338, 0.373]",0.20087336244541484
28896,0.37366684305944387,"(0.373, 0.407]",0.2107843137254902
28899,0.29493027679620326,"(0.269, 0.303]",0.19858156028368795
28900,0.303969046323034,"(0.303, 0.338]",0.23952095808383234
28901,0.4016570147437274,"(0.373, 0.407]",0.2131979695431472
28903,0.3880753101719466,"(0.373, 0.407]",0.20958083832335328
28948,0.31553066157844173,"(0.303, 0.338]",0.22535211267605634
28949,0.3534993907364166,"(0.338, 0.373]",0.21973094170403587
28950,0.40055988254591424,"(0.373, 0.407]",0.2088888888888889
28951,0.32419128819839765,"(0.303, 0.338]",0.2
28952,0.36123079604038516,"(0.338, 0.373]",0.17535545023696683
28953,0.3675416537097694,"(0.338, 0.373]",0.15942028985507245
28954,0.34220106464374844,"(0.338, 0.373]",0.14285714285714285
28955,0.3322302761349884,"(0.303, 0.338]",0.15228426395939088
29007,0.3530568676369785,"(0.338, 0.373]",0.2696078431372549
29008,0.3096887465102373,"(0.303, 0.338]",0.20192307692307693
29009,0.36705362035917743,"(0.338, 0.373]",0.2052401746724891
29010,0.2512065364202004,"(0.234, 0.269]",0.2183406113537118
29011,0.18657277005437878,"(0.165, 0.2]",0.19642857142857142
29012,0.17526127021419066,"(0.165, 0.2]",0.17757009345794392
29060,0.3881007432489251,"(0.373, 0.407]",0.5089285714285714
29061,0.4379306439380456,"(0.407, 0.442]",0.46445497630331756
29062,0.42037800913358514,"(0.407, 0.442]",0.4146341463414634
29063,0.35433041173762575,"(0.338, 0.373]",0.36548223350253806
29067,0.36473591228589247,"(0.338, 0.373]",0.20430107526881722
29068,0.4055632334535356,"(0.373, 0.407]",0.19339622641509435
29069,0.33343957581769634,"(0.303, 0.338]",0.2073732718894009
29122,0.18676599428055388,"(0.165, 0.2]",0.6489795918367347
29123,0.2952505694922597,"(0.269, 0.303]",0.4977168949771689
29124,0.3761210123173539,"(0.373, 0.407]",0.4306930693069307
29125,0.3462063632811399,"(0.338, 0.373]",0.3469387755102041
29126,0.3537252891281047,"(0.338, 0.373]",0.31413612565445026
29184,0.361182987963097,"(0.338, 0.373]",0.5377777777777778
29185,0.3141346495142111,"(0.303, 0.338]",0.4182692307692308
29186,0.3316978086046081,"(0.303, 0.338]",0.35678391959798994
29187,0.2523995483166909,"(0.234, 0.269]",0.2894736842105263
29188,0.339042735521328,"(0.338, 0.373]",0.25274725274725274
29189,0.41093378242957634,"(0.407, 0.442]",0.2663316582914573
29244,0.44802794611484115,"(0.442, 0.476]",0.611353711790393
29245,0.4060131996013507,"(0.373, 0.407]",0.5022222222222222
29246,0.2972761419581074,"(0.269, 0.303]",0.38235294117647056
29247,0.3331298001408342,"(0.303, 0.338]",0.31794871794871793
29248,0.3299435863118784,"(0.303, 0.338]",0.2538860103626943
29249,0.3098692497865815,"(0.303, 0.338]",0.24324324324324326
29250,0.3096915751671627,"(0.303, 0.338]",0.22274881516587677
29303,0.377659115759128,"(0.373, 0.407]",0.6136363636363636
29304,0.34982764805232747,"(0.338, 0.373]",0.5346938775510204
29305,0.4220934520551527,"(0.407, 0.442]",0.453781512605042
29306,0.29184547921575676,"(0.269, 0.303]",0.3476190476190476
29307,0.22185999121569114,"(0.2, 0.234]",0.28061224489795916
29308,0.32960730429019486,"(0.303, 0.338]",0.225
29309,0.30243495620144306,"(0.269, 0.303]",0.2356020942408377
29310,0.25451427829228873,"(0.234, 0.269]",0.2
29362,0.3920728758143963,"(0.373, 0.407]",0.49361702127659574
29363,0.37184094165634135,"(0.338, 0.373]",0.39826839826839827
29364,0.3488715452424673,"(0.338, 0.373]",0.3392857142857143
29365,0.3997047385244581,"(0.373, 0.407]",0.25961538461538464
29366,0.402349569879524,"(0.373, 0.407]",0.20772946859903382
29367,0.3582223044328704,"(0.338, 0.373]",0.2
29368,0.3101798137401091,"(0.303, 0.338]",0.20673076923076922
29369,0.004764043935618131,"(-0.00742, 0.0271]",0.1630901287553648
29418,0.3003959018303284,"(0.269, 0.303]",0.5829787234042553
29420,0.42020650150526506,"(0.407, 0.442]",0.4224137931034483
29421,0.3740744939067838,"(0.373, 0.407]",0.3495575221238938
29422,0.3801419441424147,"(0.373, 0.407]",0.32599118942731276
29423,0.34424697646963015,"(0.338, 0.373]",0.2570093457943925
29424,0.3259119942417397,"(0.303, 0.338]",0.22115384615384615
29425,0.30003299647964404,"(0.269, 0.303]",0.2146118721461187
29426,0.21323442481812474,"(0.2, 0.234]",0.22169811320754718
29477,0.39589016867912374,"(0.373, 0.407]",0.35909090909090907
29478,0.3913588089943013,"(0.373, 0.407]",0.3167420814479638
29479,0.4249535208462038,"(0.407, 0.442]",0.30603448275862066
29480,0.3096848402179577,"(0.303, 0.338]",0.26146788990825687
29481,0.3411636416733876,"(0.338, 0.373]",0.22897196261682243
29482,0.2888626770033774,"(0.269, 0.303]",0.21559633027522937
29529,0.347022430746702,"(0.338, 0.373]",0.6312849162011173
29530,0.3743252996370243,"(0.373, 0.407]",0.5
29531,0.26467993993006594,"(0.234, 0.269]",0.36597938144329895
29532,0.3219586495270811,"(0.303, 0.338]",0.3137254901960784
29533,0.32776862900876713,"(0.303, 0.338]",0.2966507177033493
29534,0.4535720032305712,"(0.442, 0.476]",0.2850467289719626
29535,0.41819371264330824,"(0.407, 0.442]",0.2549019607843137
29536,0.30631289051979965,"(0.303, 0.338]",0.23414634146341465
29587,0.22367514275853004,"(0.2, 0.234]",0.31155778894472363
29588,0.3353346207716719,"(0.303, 0.338]",0.29896907216494845
29589,0.34359214939982574,"(0.338, 0.373]",0.27358490566037735
29590,0.3285263327039829,"(0.303, 0.338]",0.25
29638,0.3904441062322869,"(0.373, 0.407]",0.48427672955974843
29640,0.33084819858136333,"(0.303, 0.338]",0.3279569892473118
29641,0.25622697414408624,"(0.234, 0.269]",0.2698412698412698
29642,0.3652433175840878,"(0.338, 0.373]",0.2712765957446808
29643,0.3739486988580001,"(0.373, 0.407]",0.24752475247524752
29644,0.3716038229661478,"(0.338, 0.373]",0.2512315270935961
29694,0.4024357597536838,"(0.373, 0.407]",0.25654450261780104
29695,0.23551102508763583,"(0.234, 0.269]",0.2608695652173913
29696,0.365512186620169,"(0.338, 0.373]",0.22395833333333334
29697,0.3718392241757353,"(0.338, 0.373]",0.23036649214659685
29746,0.3821057274488737,"(0.373, 0.407]",0.28717948717948716
29747,0.3584206892363283,"(0.338, 0.373]",0.2611111111111111
29748,0.2524455100425615,"(0.234, 0.269]",0.21428571428571427
29749,0.14973717266458772,"(0.131, 0.165]",0.2222222222222222
29793,0.2642116668077606,"(0.234, 0.269]",0.3103448275862069
29794,0.318651819456491,"(0.303, 0.338]",0.2777777777777778
29795,0.37610606948439496,"(0.373, 0.407]",0.2613065326633166
29796,0.37576123139715983,"(0.373, 0.407]",0.23157894736842105
29797,0.288037751364648,"(0.269, 0.303]",0.1836734693877551
29798,0.30904435568559624,"(0.303, 0.338]",0.21311475409836064
29838,0.3603590718819504,"(0.338, 0.373]",0.32903225806451614
29839,0.3095759053407957,"(0.303, 0.338]",0.31016042780748665
29880,0.2638983706725264,"(0.234, 0.269]",0.2894736842105263
30114,0.2916304871167278,"(0.269, 0.303]",0.125
30115,0.21318402070125922,"(0.2, 0.234]",0.13043478260869565
30116,0.2383074516753785,"(0.234, 0.269]",0.14838709677419354
30117,0.18538150885913676,"(0.165, 0.2]",0.16025641025641027
30118,0.10031852518239177,"(0.0962, 0.131]",0.2
30119,0.21108762150254015,"(0.2, 0.234]",0.2261904761904762
30127,0.18301469903049505,"(0.165, 0.2]",0.10071942446043165
30128,0.32470569123164106,"(0.303, 0.338]",0.1095890410958904
30129,0.16130820701958298,"(0.131, 0.165]",0.1095890410958904
30130,0.21508941293848263,"(0.2, 0.234]",0.12056737588652482
30131,0.202633322839403,"(0.2, 0.234]",0.15217391304347827
30132,0.20010751787897288,"(0.2, 0.234]",0.17333333333333334
30133,0.15230467689285904,"(0.131, 0.165]",0.19875776397515527
30134,0.16209583084180446,"(0.131, 0.165]",0.2236024844720497
30135,0.2366658966486667,"(0.234, 0.269]",0.23717948717948717
30141,0.2812963636427913,"(0.269, 0.303]",0.07482993197278912
30142,0.2578344623755811,"(0.234, 0.269]",0.08333333333333333
30143,0.22779420667183656,"(0.2, 0.234]",0.09333333333333334
30144,0.23664077976557438,"(0.234, 0.269]",0.11486486486486487
30145,0.17930457970490035,"(0.165, 0.2]",0.1103448275862069
30146,0.25143544276284024,"(0.234, 0.269]",0.15172413793103448
30147,0.15189340655688652,"(0.131, 0.165]",0.17834394904458598
30148,0.19665254420153752,"(0.165, 0.2]",0.1951219512195122
30149,0.2161168491992572,"(0.2, 0.234]",0.24528301886792453
30156,0.20342372706013875,"(0.2, 0.234]",0.07692307692307693
30157,0.28031994042282005,"(0.269, 0.303]",0.10191082802547771
30158,0.17693084956274427,"(0.165, 0.2]",0.12179487179487179
30159,0.23513952018384598,"(0.234, 0.269]",0.11805555555555555
30160,0.1944630488044806,"(0.165, 0.2]",0.1360544217687075
30161,0.20467008042439985,"(0.2, 0.234]",0.1554054054054054
30162,0.34924270478055053,"(0.338, 0.373]",0.25517241379310346
30163,0.3135464108676676,"(0.303, 0.338]",0.22627737226277372
30164,0.20748177015736616,"(0.2, 0.234]",0.18018018018018017
30165,0.1964784640918409,"(0.165, 0.2]",0.12871287128712872
30166,0.3756669676682515,"(0.373, 0.407]",0.30666666666666664
30167,0.23916487172170897,"(0.234, 0.269]",0.2558139534883721
30168,0.3288171053290683,"(0.303, 0.338]",0.18518518518518517
30169,0.20343985194754252,"(0.2, 0.234]",0.1926605504587156
30170,0.2593259074127204,"(0.234, 0.269]",0.13709677419354838
30171,0.327451430885492,"(0.303, 0.338]",0.11510791366906475
30172,0.34636192952986405,"(0.338, 0.373]",0.11764705882352941
30173,0.31305080901348753,"(0.303, 0.338]",0.07563025210084033
30174,0.4068565326531927,"(0.373, 0.407]",0.43356643356643354
30175,0.43562636594492826,"(0.407, 0.442]",0.34265734265734266
30176,0.3827855496754118,"(0.373, 0.407]",0.29365079365079366
30177,0.3808500447645522,"(0.373, 0.407]",0.25217391304347825
30178,0.2643028257174635,"(0.234, 0.269]",0.18181818181818182
30179,0.2537079380198586,"(0.234, 0.269]",0.17592592592592593
30180,0.16692531733071928,"(0.165, 0.2]",0.11666666666666667
30181,0.03582983616287115,"(0.0271, 0.0617]",0.11267605633802817
30182,0.3447666500490827,"(0.338, 0.373]",0.11688311688311688
30183,0.27792587674231595,"(0.269, 0.303]",0.0945945945945946
30184,0.33595354199940985,"(0.303, 0.338]",0.087248322147651
30185,0.2229207382939577,"(0.2, 0.234]",0.04316546762589928
30187,0.4055085289177344,"(0.373, 0.407]",0.4105960264900662
30188,0.31461673478716246,"(0.303, 0.338]",0.3381294964028777
30191,0.3362016526789975,"(0.303, 0.338]",0.13178294573643412
30192,0.1818887963448322,"(0.165, 0.2]",0.1357142857142857
30193,0.3152347781034767,"(0.303, 0.338]",0.13815789473684212
30194,0.39961344619062983,"(0.373, 0.407]",0.1038961038961039
30195,0.32699950696047364,"(0.303, 0.338]",0.10256410256410256
30201,0.37345723456881175,"(0.373, 0.407]",0.2833333333333333
30204,0.27715600446149186,"(0.269, 0.303]",0.16541353383458646
30205,0.22739483684653589,"(0.2, 0.234]",0.1791044776119403
30206,0.28820622936266915,"(0.269, 0.303]",0.14864864864864866
30207,0.28687342714816566,"(0.269, 0.303]",0.0979020979020979
30208,0.34894031329115516,"(0.338, 0.373]",0.09210526315789473
30215,0.36847466888740543,"(0.338, 0.373]",0.391304347826087
30216,0.24151286045964288,"(0.234, 0.269]",0.29838709677419356
30218,0.3411082995024311,"(0.338, 0.373]",0.1984732824427481
30219,0.4065950773126311,"(0.373, 0.407]",0.14492753623188406
30220,0.2869072916516003,"(0.269, 0.303]",0.136
30221,0.31930734269099675,"(0.303, 0.338]",0.11347517730496454
30222,0.22117475044941423,"(0.2, 0.234]",0.10218978102189781
30223,0.26998230678367624,"(0.269, 0.303]",0.09929078014184398
30230,0.38000520754108474,"(0.373, 0.407]",0.2601626016260163
30231,0.3721243788302382,"(0.338, 0.373]",0.21138211382113822
30232,0.2487622682413126,"(0.234, 0.269]",0.18699186991869918
30233,0.3453334707929625,"(0.338, 0.373]",0.1732283464566929
30234,0.3223257293772262,"(0.303, 0.338]",0.14285714285714285
30235,0.1833664126139422,"(0.165, 0.2]",0.11904761904761904
30236,0.17088541367081572,"(0.165, 0.2]",0.12698412698412698
30244,0.41049894238370094,"(0.407, 0.442]",0.32786885245901637
30245,0.3259741642572814,"(0.303, 0.338]",0.2692307692307692
30246,0.29882429710024305,"(0.269, 0.303]",0.24193548387096775
30247,0.3150996825701,"(0.303, 0.338]",0.20491803278688525
30248,0.2947952673437013,"(0.269, 0.303]",0.19491525423728814
30249,0.18930091528139897,"(0.165, 0.2]",0.14414414414414414
30250,0.32461650593593233,"(0.303, 0.338]",0.09734513274336283
30251,0.23950475556813058,"(0.234, 0.269]",0.13675213675213677
30252,0.36161271090926667,"(0.338, 0.373]",0.104
30258,0.1889578616528463,"(0.165, 0.2]",0.2719298245614035
30259,0.3238795832058965,"(0.303, 0.338]",0.20869565217391303
30260,0.19749673330134077,"(0.165, 0.2]",0.21052631578947367
30261,0.1873080452324962,"(0.165, 0.2]",0.17699115044247787
30262,0.27635410860457843,"(0.269, 0.303]",0.20175438596491227
30263,0.2908511082638376,"(0.269, 0.303]",0.15517241379310345
30264,0.310927696999779,"(0.303, 0.338]",0.11009174311926606
30272,0.08920191819006033,"(0.0617, 0.0962]",0.25217391304347825
30273,0.26760924387462265,"(0.234, 0.269]",0.20512820512820512
30274,0.20150373075323702,"(0.2, 0.234]",0.22522522522522523
30278,0.29260134910053326,"(0.269, 0.303]",0.15789473684210525
30279,0.1729453417368211,"(0.165, 0.2]",0.1721311475409836
30280,0.28463960170808006,"(0.269, 0.303]",0.12781954887218044
30285,0.37742698441215944,"(0.373, 0.407]",0.3524590163934426
30286,0.23057725800810783,"(0.2, 0.234]",0.2644628099173554
30287,0.3681061401475847,"(0.338, 0.373]",0.25
30288,0.06927483644641486,"(0.0617, 0.0962]",0.2619047619047619
30291,0.20263810300559804,"(0.2, 0.234]",0.21666666666666667
30292,0.3005524755717086,"(0.269, 0.303]",0.1694915254237288
30293,0.34710859634704083,"(0.338, 0.373]",0.16666666666666666
30294,0.2683477228182024,"(0.234, 0.269]",0.15671641791044777
30299,0.33391685900648593,"(0.303, 0.338]",0.3360655737704918
30300,0.3919309137271258,"(0.373, 0.407]",0.26229508196721313
30301,0.3046587124407226,"(0.303, 0.338]",0.22764227642276422
30302,0.36122049479632456,"(0.338, 0.373]",0.25757575757575757
30303,0.047577509845946914,"(0.0271, 0.0617]",0.25
30304,0.294449737902593,"(0.269, 0.303]",0.23387096774193547
30305,0.21441380107014063,"(0.2, 0.234]",0.2231404958677686
30307,0.20460696143147666,"(0.2, 0.234]",0.16666666666666666
30313,0.33176453657171184,"(0.303, 0.338]",0.2903225806451613
30314,0.3950204426572877,"(0.373, 0.407]",0.25
30315,0.2688391661813323,"(0.234, 0.269]",0.24427480916030533
30316,0.26306492521830005,"(0.234, 0.269]",0.24285714285714285
30317,0.39830223748321286,"(0.373, 0.407]",0.24285714285714285
30318,0.2223675846749559,"(0.2, 0.234]",0.20437956204379562
30319,0.26669525605574707,"(0.234, 0.269]",0.1953125
30320,0.2537757106100706,"(0.234, 0.269]",0.17293233082706766
30321,0.1777201823295389,"(0.165, 0.2]",0.13138686131386862
30326,0.41041583383196883,"(0.407, 0.442]",0.2846153846153846
30327,0.38523391414138647,"(0.373, 0.407]",0.2462686567164179
30328,0.3008621512162699,"(0.269, 0.303]",0.22556390977443608
30329,-0.09981389480911394,"(-0.111, -0.0765]",0.21014492753623187
30330,0.2901370414831346,"(0.269, 0.303]",0.20863309352517986
30331,0.2563186113145125,"(0.234, 0.269]",0.1678832116788321
30332,0.31976171511163476,"(0.303, 0.338]",0.171875
30333,0.3325437944763787,"(0.303, 0.338]",0.15748031496062992
30339,0.2937615415066776,"(0.269, 0.303]",0.2826086956521739
30340,0.20223844544280933,"(0.2, 0.234]",0.2248062015503876
30341,0.17676289647889432,"(0.165, 0.2]",0.17692307692307693
30342,0.2372771300726238,"(0.234, 0.269]",0.16923076923076924
30343,0.09309865902714029,"(0.0617, 0.0962]",0.1796875
30344,0.30896939801482826,"(0.303, 0.338]",0.15789473684210525
30345,0.31464088979427945,"(0.303, 0.338]",0.15
30346,0.34305485864530005,"(0.338, 0.373]",0.12598425196850394
30351,0.3230867666326387,"(0.303, 0.338]",0.24615384615384617
30352,0.03977827702973823,"(0.0271, 0.0617]",0.20491803278688525
30353,0.16294732701277018,"(0.131, 0.165]",0.16666666666666666
30354,0.054315950590685516,"(0.0271, 0.0617]",0.12173913043478261
30355,0.19901793572619073,"(0.165, 0.2]",0.14173228346456693
30356,0.28757594397058917,"(0.269, 0.303]",0.11450381679389313
30357,0.33524330178412554,"(0.303, 0.338]",0.1
30358,0.24900701996342106,"(0.234, 0.269]",0.10218978102189781
30359,0.377922284565472,"(0.373, 0.407]",0.07874015748031496
30361,0.20006971869455525,"(0.2, 0.234]",0.10687022900763359
30362,0.18977814969452095,"(0.165, 0.2]",0.2682926829268293
30363,0.2703911698102252,"(0.269, 0.303]",0.2231404958677686
30364,0.31009318768523464,"(0.303, 0.338]",0.15254237288135594
30365,0.28413024057789577,"(0.269, 0.303]",0.10377358490566038
30366,0.21174889146462467,"(0.2, 0.234]",0.10743801652892562
30367,0.2343380632530335,"(0.2, 0.234]",0.09166666666666666
30368,0.1648100768825298,"(0.131, 0.165]",0.0967741935483871
30369,0.12288627471050874,"(0.0962, 0.131]",0.0916030534351145
30370,0.26191166800719223,"(0.234, 0.269]",0.10743801652892562
30371,0.28934680479350494,"(0.269, 0.303]",0.11864406779661017
30372,0.23395445233875697,"(0.2, 0.234]",0.22764227642276422
30373,0.3712544639879812,"(0.338, 0.373]",0.1953125
30374,0.39999226281972594,"(0.373, 0.407]",0.1557377049180328
30375,0.32074741094789977,"(0.303, 0.338]",0.14049586776859505
30376,0.2199148119383678,"(0.2, 0.234]",0.11363636363636363
30377,0.2747723682648136,"(0.269, 0.303]",0.10655737704918032
30378,0.3447735677788683,"(0.338, 0.373]",0.0975609756097561
30379,0.31898608837508685,"(0.303, 0.338]",0.08396946564885496
30380,0.10825479191536748,"(0.0962, 0.131]",0.0967741935483871
30382,0.34539041375802904,"(0.338, 0.373]",0.2222222222222222
30383,0.3879033666669473,"(0.373, 0.407]",0.2032520325203252
30384,0.33592515827823866,"(0.303, 0.338]",0.1651376146788991
30385,0.30369457090217744,"(0.303, 0.338]",0.16666666666666666
30386,0.286449616447669,"(0.269, 0.303]",0.128
30387,0.38655487738847916,"(0.373, 0.407]",0.1271186440677966
30388,0.27335868506715033,"(0.269, 0.303]",0.125
30389,0.3098259432160315,"(0.303, 0.338]",0.10144927536231885
30390,0.3206806608536797,"(0.303, 0.338]",0.11194029850746269
30391,0.14110567067892318,"(0.131, 0.165]",0.22522522522522523
30392,0.3000608745146329,"(0.269, 0.303]",0.21875
30393,0.3368638906000449,"(0.303, 0.338]",0.18421052631578946
30394,0.3642030948006025,"(0.338, 0.373]",0.19469026548672566
30395,0.2724362048670996,"(0.269, 0.303]",0.15966386554621848
30396,0.15138049725728758,"(0.131, 0.165]",0.16981132075471697
30397,0.265676225638998,"(0.234, 0.269]",0.168141592920354
30398,0.21005114282463347,"(0.2, 0.234]",0.14285714285714285
30400,0.25267565017731725,"(0.234, 0.269]",0.1623931623931624
30401,0.32880691093293624,"(0.303, 0.338]",0.17829457364341086
30402,0.16543618357136172,"(0.165, 0.2]",0.1694915254237288
30403,0.37618570635949855,"(0.373, 0.407]",0.18699186991869918
30404,0.39218116185296004,"(0.373, 0.407]",0.19672131147540983
30405,0.31640696967785686,"(0.303, 0.338]",0.20754716981132076
30406,0.3906566243744823,"(0.373, 0.407]",0.18518518518518517
30408,0.3054808010105843,"(0.303, 0.338]",0.17757009345794392
30409,0.3332553149383508,"(0.303, 0.338]",0.1559633027522936
30410,0.2884940550677858,"(0.269, 0.303]",0.17094017094017094
30411,0.29840122352115933,"(0.269, 0.303]",0.14414414414414414
30412,0.19768644646007996,"(0.165, 0.2]",0.1592920353982301
30413,0.34942855324151284,"(0.338, 0.373]",0.17543859649122806
30414,0.2832994720619153,"(0.269, 0.303]",0.19626168224299065
30417,0.2582027211386168,"(0.234, 0.269]",0.1794871794871795
30418,0.42113483358225606,"(0.407, 0.442]",0.19166666666666668
30419,0.3464223579100028,"(0.338, 0.373]",0.171875
30420,0.12801127130479523,"(0.0962, 0.131]",0.16666666666666666
30421,0.30319048821114636,"(0.269, 0.303]",0.14960629921259844
30422,0.29775924440525353,"(0.269, 0.303]",0.14049586776859505
30423,0.2777278197734608,"(0.269, 0.303]",0.16071428571428573
30424,0.010457343315760759,"(-0.00742, 0.0271]",0.16831683168316833
30425,0.365879405165142,"(0.338, 0.373]",0.2695035460992908
30426,0.36517615420661625,"(0.338, 0.373]",0.21052631578947367
30427,0.2291583535067499,"(0.2, 0.234]",0.20689655172413793
30430,0.12110434353816571,"(0.0962, 0.131]",0.1271186440677966
30431,0.1908674432672129,"(0.165, 0.2]",0.109375
30433,0.32246233314669903,"(0.303, 0.338]",0.13333333333333333
30434,0.3147620832652698,"(0.303, 0.338]",0.2536231884057971
30435,0.34908394912576973,"(0.338, 0.373]",0.22302158273381295
30436,0.3771368536453992,"(0.373, 0.407]",0.25
30439,0.23601513566736002,"(0.234, 0.269]",0.16129032258064516
30440,0.2595284226105056,"(0.234, 0.269]",0.12096774193548387
30441,0.24108175520748015,"(0.234, 0.269]",0.10377358490566038
30442,0.3724835856951287,"(0.338, 0.373]",0.23255813953488372
30443,0.3382794108455932,"(0.338, 0.373]",0.20930232558139536
30446,0.37930601550304804,"(0.373, 0.407]",0.2109375
30447,0.2075079223332976,"(0.2, 0.234]",0.1935483870967742
30448,0.3477451757088705,"(0.338, 0.373]",0.136
30449,0.19274035970331796,"(0.165, 0.2]",0.13
30450,0.41981450505609563,"(0.407, 0.442]",0.19166666666666668
30451,0.34487326204369134,"(0.338, 0.373]",0.19166666666666668
30452,0.3092216603283055,"(0.303, 0.338]",0.2033898305084746
30453,0.31998201783013064,"(0.303, 0.338]",0.18487394957983194
30454,0.32661880430714224,"(0.303, 0.338]",0.19658119658119658
30455,0.36966662605235373,"(0.338, 0.373]",0.16981132075471697
30456,0.31762053850925154,"(0.303, 0.338]",0.102803738317757
30457,0.3034155462236084,"(0.269, 0.303]",0.13131313131313133
30458,0.2908854007231702,"(0.269, 0.303]",0.12962962962962962
30459,0.4046252467280165,"(0.373, 0.407]",0.1732283464566929
30460,0.2402555073939255,"(0.234, 0.269]",0.15037593984962405
30461,0.33107039626467,"(0.303, 0.338]",0.19083969465648856
30462,0.028947766464026668,"(0.0271, 0.0617]",0.1885245901639344
30463,0.42465995864914174,"(0.407, 0.442]",0.14018691588785046
30464,0.2261682623056778,"(0.2, 0.234]",0.09900990099009901
30465,0.22118840407775553,"(0.2, 0.234]",0.10185185185185185
30466,0.2903968961537324,"(0.269, 0.303]",0.1206896551724138
30467,0.3546969998561157,"(0.338, 0.373]",0.11965811965811966
30468,0.288969097435602,"(0.269, 0.303]",0.15789473684210525
30469,0.2048403795730329,"(0.2, 0.234]",0.17592592592592593
30471,0.3415189834351525,"(0.338, 0.373]",0.09565217391304348
30472,0.2368948802954501,"(0.234, 0.269]",0.09243697478991597
30473,0.1985730997752751,"(0.165, 0.2]",0.09230769230769231
30474,0.353976402997726,"(0.338, 0.373]",0.1111111111111111
30475,0.19858905711445626,"(0.165, 0.2]",0.1322314049586777
30476,0.23008865090693467,"(0.2, 0.234]",0.14678899082568808
30477,0.3871864173025556,"(0.373, 0.407]",0.2463768115942029
30478,0.41566723730051097,"(0.407, 0.442]",0.20634920634920634
30479,0.39822944079051326,"(0.373, 0.407]",0.18253968253968253
30481,0.41656139625960226,"(0.407, 0.442]",0.14166666666666666
30482,0.1922136574202816,"(0.165, 0.2]",0.12295081967213115
30483,0.3321174252938502,"(0.303, 0.338]",0.1171875
30484,0.2653503295081717,"(0.234, 0.269]",0.112
30485,0.32760150987583536,"(0.303, 0.338]",0.136
30486,0.24622364486716733,"(0.234, 0.269]",0.16363636363636364
30487,0.39828537680179993,"(0.373, 0.407]",0.25925925925925924
30488,0.43223542342633997,"(0.407, 0.442]",0.2184873949579832
30489,0.40852834201873456,"(0.407, 0.442]",0.20634920634920634
30491,0.29216818249051624,"(0.269, 0.303]",0.16393442622950818
30492,0.1772444050803513,"(0.165, 0.2]",0.14634146341463414
30493,0.19120283457098217,"(0.165, 0.2]",0.13445378151260504
30494,0.17973989222601208,"(0.165, 0.2]",0.13793103448275862
30495,-0.092331226619238,"(-0.111, -0.0765]",0.12280701754385964
30500,0.27975484592757155,"(0.269, 0.303]",0.176
30501,0.21399031920572475,"(0.2, 0.234]",0.13114754098360656
30502,-0.030766088160533937,"(-0.042, -0.00742]",0.12403100775193798
30503,-0.004458750710908814,"(-0.00742, 0.0271]",0.10606060606060606
30504,0.22607795175005083,"(0.2, 0.234]",0.096
30505,0.44139839596327757,"(0.407, 0.442]",0.2222222222222222
30506,0.24123274464410294,"(0.234, 0.269]",0.23076923076923078
30507,0.40723442621147427,"(0.407, 0.442]",0.22556390977443608
30509,0.20994498653151228,"(0.2, 0.234]",0.2076923076923077
30510,0.22922799065136942,"(0.2, 0.234]",0.152
30511,0.20984651119558384,"(0.2, 0.234]",0.1487603305785124
30512,0.22300238148373203,"(0.2, 0.234]",0.11347517730496454
30514,0.29172960486286337,"(0.269, 0.303]",0.23076923076923078
30515,0.33072936356920574,"(0.303, 0.338]",0.22142857142857142
30521,0.2284798003188136,"(0.2, 0.234]",0.2540983606557377
30522,0.32400784827371465,"(0.303, 0.338]",0.24475524475524477
30523,0.3138476531221964,"(0.303, 0.338]",0.23648648648648649
30524,0.20751991891114177,"(0.2, 0.234]",0.15942028985507245
30529,0.36830866297344517,"(0.338, 0.373]",0.19658119658119658
30530,0.3498002665308962,"(0.338, 0.373]",0.1937984496124031
30531,0.3217307106944195,"(0.303, 0.338]",0.2152777777777778
30532,0.25936429590708415,"(0.234, 0.269]",0.2206896551724138
30533,0.1409724184128474,"(0.131, 0.165]",0.1702127659574468
30538,0.3795572266535806,"(0.373, 0.407]",0.1721311475409836
30539,0.31044278179934076,"(0.303, 0.338]",0.1590909090909091
30540,0.3834239148588173,"(0.373, 0.407]",0.16312056737588654
30541,0.368502227643182,"(0.338, 0.373]",0.16546762589928057
30542,0.11895391847808658,"(0.0962, 0.131]",0.1323529411764706
30549,0.3631648548968097,"(0.338, 0.373]",0.1297709923664122
30550,0.31466973563577977,"(0.303, 0.338]",0.11450381679389313
30551,0.2813432364506923,"(0.269, 0.303]",0.12056737588652482
30552,0.06453858870443915,"(0.0617, 0.0962]",0.08633093525179857
30559,0.2996417922715159,"(0.269, 0.303]",0.0859375
30560,0.19022567369118512,"(0.165, 0.2]",0.08527131782945736
30561,0.334097491082151,"(0.303, 0.338]",0.08571428571428572
30562,0.11334141962742826,"(0.0962, 0.131]",0.07194244604316546
30569,0.1778459597135941,"(0.165, 0.2]",0.10687022900763359
30570,0.2785835353639952,"(0.269, 0.303]",0.07317073170731707
30571,0.2398151001707627,"(0.234, 0.269]",0.058394160583941604
30572,0.2763371798669869,"(0.269, 0.303]",0.03731343283582089
30576,0.3548137263080492,"(0.338, 0.373]",0.15503875968992248
30587,0.3971302825431358,"(0.373, 0.407]",0.20300751879699247
30588,0.2982182026547241,"(0.269, 0.303]",0.18461538461538463
30589,0.3003983186091919,"(0.269, 0.303]",0.171875
30599,0.2999848931938389,"(0.269, 0.303]",0.183206106870229
30600,0.2874322307261308,"(0.269, 0.303]",0.19402985074626866
30601,0.2934542988834481,"(0.269, 0.303]",0.20155038759689922
30602,0.254276940754317,"(0.234, 0.269]",0.2047244094488189
30603,0.20289296436629542,"(0.2, 0.234]",0.20149253731343283
30614,0.29618872288734627,"(0.269, 0.303]",0.17687074829931973
30615,0.35543995190183775,"(0.338, 0.373]",0.19230769230769232
30616,0.21055900340117592,"(0.2, 0.234]",0.216
30617,0.26515798275920494,"(0.234, 0.269]",0.21705426356589147
30626,0.12442252312048126,"(0.0962, 0.131]",0.19642857142857142
30629,0.3079807744370138,"(0.303, 0.338]",0.1984732824427481
30630,0.3723435515813371,"(0.338, 0.373]",0.1889763779527559
30631,0.36099998713294623,"(0.338, 0.373]",0.19834710743801653
30632,0.11631023033743251,"(0.0962, 0.131]",0.19047619047619047
30641,0.2718694861790459,"(0.269, 0.303]",0.1694915254237288
30644,0.3855455309177243,"(0.373, 0.407]",0.15217391304347827
30645,0.10901342022596366,"(0.0962, 0.131]",0.13636363636363635
30646,0.3794225647137587,"(0.373, 0.407]",0.15267175572519084
30647,0.22597596669036216,"(0.2, 0.234]",0.15037593984962405
30655,0.39885954210594105,"(0.373, 0.407]",0.1346153846153846
30656,0.15469546212957064,"(0.131, 0.165]",0.13333333333333333
30670,0.3063316698145287,"(0.303, 0.338]",0.19491525423728814
30671,0.20608167791872808,"(0.2, 0.234]",0.1282051282051282
30672,0.23386148079258567,"(0.2, 0.234]",0.12
30683,0.2875961983836137,"(0.269, 0.303]",0.21428571428571427
30684,0.3188112635167531,"(0.303, 0.338]",0.13709677419354838
30685,0.11522294771008815,"(0.0962, 0.131]",0.10606060606060606
30686,0.12860141746375167,"(0.0962, 0.131]",0.1037037037037037
30697,0.2994103994597331,"(0.269, 0.303]",0.1935483870967742
30698,0.24499048737609605,"(0.234, 0.269]",0.11570247933884298
30699,0.2771756621413556,"(0.269, 0.303]",0.0967741935483871
30711,0.2483460637549646,"(0.234, 0.269]",0.2
30712,0.3002434625936051,"(0.269, 0.303]",0.11382113821138211
30713,0.3295087645771077,"(0.303, 0.338]",0.08870967741935484
30714,0.3066249692723042,"(0.303, 0.338]",0.09420289855072464
30725,0.23861801187078654,"(0.234, 0.269]",0.24778761061946902
30726,0.16065929315383848,"(0.131, 0.165]",0.14782608695652175
30727,0.26216810950650193,"(0.234, 0.269]",0.12173913043478261
30728,0.2599371365625951,"(0.234, 0.269]",0.096
30739,0.3096777222982999,"(0.303, 0.338]",0.24561403508771928
30740,0.09724445323921722,"(0.0962, 0.131]",0.1891891891891892
30741,0.34082069342372473,"(0.338, 0.373]",0.1391304347826087
31426,0.3214090040712224,"(0.303, 0.338]",0.24427480916030533
31467,0.30024729205738293,"(0.269, 0.303]",0.23134328358208955
31468,0.41077298358186665,"(0.407, 0.442]",0.2222222222222222
31469,0.35702566361078597,"(0.338, 0.373]",0.24691358024691357
31470,0.41503093372319527,"(0.407, 0.442]",0.25153374233128833
31471,0.2142665331804855,"(0.2, 0.234]",0.23417721518987342
31510,0.31449913525167694,"(0.303, 0.338]",0.19014084507042253
31511,0.40111380270061114,"(0.373, 0.407]",0.2108843537414966
31512,0.32863827861246314,"(0.303, 0.338]",0.20915032679738563
31513,0.3991822517841886,"(0.373, 0.407]",0.2484472049689441
31514,0.24657507647939078,"(0.234, 0.269]",0.26582278481012656
31553,0.3155433889048602,"(0.303, 0.338]",0.2013888888888889
31554,0.3213819454622401,"(0.303, 0.338]",0.22666666666666666
31555,0.39204771435151,"(0.373, 0.407]",0.24050632911392406
31556,0.4267642880369397,"(0.407, 0.442]",0.27380952380952384
31557,0.21516724170558185,"(0.2, 0.234]",0.27380952380952384
31558,0.1746572018935369,"(0.165, 0.2]",0.2360248447204969
31559,0.31043008967065044,"(0.303, 0.338]",0.21476510067114093
31596,0.4323717381294009,"(0.407, 0.442]",0.20454545454545456
31597,0.4708822263010251,"(0.442, 0.476]",0.2323943661971831
31598,0.2675903022603554,"(0.234, 0.269]",0.24475524475524477
31599,0.3916912498247154,"(0.373, 0.407]",0.3076923076923077
31600,0.2767815948328571,"(0.269, 0.303]",0.3058823529411765
31601,0.3190970781126867,"(0.303, 0.338]",0.2545454545454545
31605,0.4106754877546547,"(0.407, 0.442]",0.15172413793103448
31606,0.3635294710112389,"(0.338, 0.373]",0.16891891891891891
31639,0.39473960089865506,"(0.373, 0.407]",0.2777777777777778
31640,0.4207853653556051,"(0.407, 0.442]",0.2671232876712329
31641,0.35575228283809635,"(0.338, 0.373]",0.31333333333333335
31642,0.18074893056407876,"(0.165, 0.2]",0.2981366459627329
31647,0.3281443421566308,"(0.303, 0.338]",0.20408163265306123
31648,0.31537844533717085,"(0.303, 0.338]",0.22448979591836735
31681,0.44598505682778494,"(0.442, 0.476]",0.3055555555555556
31682,0.3916115102580992,"(0.373, 0.407]",0.2608695652173913
31721,0.3603334913649202,"(0.338, 0.373]",0.29411764705882354
31722,0.43193300624254927,"(0.407, 0.442]",0.26506024096385544
31726,0.39201736928673486,"(0.373, 0.407]",0.2532467532467532
31727,0.36377097223069604,"(0.338, 0.373]",0.27741935483870966
31728,0.3781369166320832,"(0.373, 0.407]",0.2655367231638418
31729,0.31855034914638525,"(0.303, 0.338]",0.2677595628415301
31761,0.4613772245901203,"(0.442, 0.476]",0.27564102564102566
31762,0.44820077666296915,"(0.442, 0.476]",0.27607361963190186
31763,0.40754002295129876,"(0.407, 0.442]",0.29411764705882354
31768,0.43242755310884723,"(0.407, 0.442]",0.3067484662576687
31769,0.3461630468318176,"(0.338, 0.373]",0.25903614457831325
31801,0.40028841380330293,"(0.373, 0.407]",0.30128205128205127
31802,0.3585685296718746,"(0.338, 0.373]",0.30625
31803,0.438811354985051,"(0.407, 0.442]",0.32075471698113206
31806,0.4511865670820403,"(0.442, 0.476]",0.30612244897959184
31807,0.35360365746986827,"(0.338, 0.373]",0.2702702702702703
31808,0.35827467870025187,"(0.338, 0.373]",0.2484076433121019
31809,0.3169327680472327,"(0.303, 0.338]",0.23493975903614459
31842,0.37510345503825493,"(0.373, 0.407]",0.3708609271523179
31843,0.42538210434211843,"(0.407, 0.442]",0.3933333333333333
31847,0.3146584546459331,"(0.303, 0.338]",0.3380281690140845
31848,0.4300471353683008,"(0.407, 0.442]",0.29411764705882354
31849,0.26161599677889147,"(0.234, 0.269]",0.2708333333333333
31882,0.29561956573673476,"(0.269, 0.303]",0.391812865497076
31883,0.4628787029916673,"(0.442, 0.476]",0.37735849056603776
31887,0.34678440700052654,"(0.338, 0.373]",0.3157894736842105
31888,0.38228012396183936,"(0.373, 0.407]",0.2585034013605442
31889,0.31482048856091577,"(0.303, 0.338]",0.2589928057553957
31890,0.4130794516516389,"(0.407, 0.442]",0.2753623188405797
31892,0.2525781456669214,"(0.234, 0.269]",0.27848101265822783
31894,0.31912061989227786,"(0.303, 0.338]",0.2647058823529412
31925,0.38783491025678435,"(0.373, 0.407]",0.42528735632183906
31926,0.41512616778816547,"(0.407, 0.442]",0.40963855421686746
31928,0.3914548372716501,"(0.373, 0.407]",0.378698224852071
31929,0.39467118030850246,"(0.373, 0.407]",0.3592814371257485
31930,0.4210735097786568,"(0.407, 0.442]",0.3105590062111801
31931,0.3685716376493652,"(0.338, 0.373]",0.25625
31932,0.4593222471522448,"(0.442, 0.476]",0.2911392405063291
31933,0.37330064299109533,"(0.373, 0.407]",0.2905405405405405
31934,0.42713288446469094,"(0.407, 0.442]",0.2974683544303797
31935,0.35444619427309754,"(0.338, 0.373]",0.2839506172839506
31936,0.4179473545057004,"(0.407, 0.442]",0.2804878048780488
31937,0.3779014684716231,"(0.373, 0.407]",0.3016759776536313
31938,0.3676406437353496,"(0.338, 0.373]",0.28415300546448086
31972,0.4609210824106191,"(0.442, 0.476]",0.44324324324324327
31973,0.4524114416363581,"(0.442, 0.476]",0.4098360655737705
31974,0.42573569469027067,"(0.407, 0.442]",0.3850574712643678
31975,0.4335909250393509,"(0.407, 0.442]",0.3431952662721893
31976,0.39736623762414935,"(0.373, 0.407]",0.35428571428571426
31977,0.36010440492403223,"(0.338, 0.373]",0.34782608695652173
31978,0.39800960390046186,"(0.373, 0.407]",0.32515337423312884
31979,0.3542563710506311,"(0.338, 0.373]",0.3192771084337349
31980,0.3196954025910187,"(0.303, 0.338]",0.3072289156626506
31981,0.37904071685031504,"(0.373, 0.407]",0.324468085106383
31982,0.3685149268355516,"(0.338, 0.373]",0.2931937172774869
31983,0.41099108568923937,"(0.407, 0.442]",0.27638190954773867
32012,0.40657109940078445,"(0.373, 0.407]",0.48186528497409326
32013,0.4164815229242153,"(0.407, 0.442]",0.42857142857142855
32014,0.39970285044776005,"(0.373, 0.407]",0.3989071038251366
32015,0.3539031456919297,"(0.338, 0.373]",0.38011695906432746
32016,0.42538033574764555,"(0.407, 0.442]",0.40540540540540543
32017,0.3705669744651183,"(0.338, 0.373]",0.39634146341463417
32018,0.4171611718462307,"(0.407, 0.442]",0.38181818181818183
32019,0.3969224633685642,"(0.373, 0.407]",0.3764705882352941
32020,0.4600559282578252,"(0.442, 0.476]",0.3841059602649007
32021,0.3805734054051481,"(0.373, 0.407]",0.38650306748466257
32022,0.3527762205776689,"(0.338, 0.373]",0.3231707317073171
32023,0.37727038082611775,"(0.373, 0.407]",0.28160919540229884
32024,0.34727217884968725,"(0.338, 0.373]",0.24719101123595505
32025,0.33720028826872167,"(0.303, 0.338]",0.21511627906976744
32051,0.395071114200272,"(0.373, 0.407]",0.5507246376811594
32052,0.3842546820830509,"(0.373, 0.407]",0.49038461538461536
32053,0.35081835564540687,"(0.338, 0.373]",0.4742268041237113
32054,0.37510562771170824,"(0.373, 0.407]",0.4673913043478261
32055,0.39723750885069575,"(0.373, 0.407]",0.4789473684210526
32056,0.28536711121050884,"(0.269, 0.303]",0.4508670520231214
32057,0.3901986640583156,"(0.373, 0.407]",0.3855421686746988
32058,0.24475730959027378,"(0.234, 0.269]",0.3592814371257485
32059,0.35366792864456154,"(0.338, 0.373]",0.3475609756097561
32060,0.32998160587436554,"(0.303, 0.338]",0.3333333333333333
32061,0.32239801336988233,"(0.303, 0.338]",0.28735632183908044
32062,0.32607431448239804,"(0.303, 0.338]",0.2594594594594595
32093,0.372568719025155,"(0.373, 0.407]",0.5096153846153846
32094,0.39289129276686113,"(0.373, 0.407]",0.5102040816326531
32095,0.45943757554436315,"(0.442, 0.476]",0.494949494949495
32096,0.43771838590638795,"(0.407, 0.442]",0.4715909090909091
32098,0.3927940357838651,"(0.373, 0.407]",0.4074074074074074
32099,0.36377585244924654,"(0.338, 0.373]",0.38926174496644295
32100,0.4147012350888956,"(0.407, 0.442]",0.34868421052631576
32101,0.3695538995585042,"(0.338, 0.373]",0.271523178807947
32102,0.33563925177646126,"(0.303, 0.338]",0.22641509433962265
32135,0.40572429068227256,"(0.373, 0.407]",0.45454545454545453
32136,0.42928704744936647,"(0.407, 0.442]",0.42011834319526625
32137,0.292103919953416,"(0.269, 0.303]",0.3950617283950617
32138,0.3782205667957502,"(0.373, 0.407]",0.34394904458598724
32139,0.40560132919818126,"(0.373, 0.407]",0.23776223776223776
32140,0.455156913120756,"(0.442, 0.476]",0.23648648648648649
32181,0.44206115434481474,"(0.442, 0.476]",0.3488372093023256
32182,0.38873844187554507,"(0.373, 0.407]",0.24528301886792453
32183,0.3389637629562313,"(0.338, 0.373]",0.2564102564102564
32185,0.33915760136902523,"(0.338, 0.373]",0.2848101265822785
32186,0.42565216026997876,"(0.407, 0.442]",0.35625
32187,0.3754133517152252,"(0.373, 0.407]",0.35502958579881655
32188,0.3247932120185839,"(0.303, 0.338]",0.3
32219,0.41636991005602625,"(0.407, 0.442]",0.5187165775401069
32220,0.4405325139903157,"(0.407, 0.442]",0.49214659685863876
32221,0.32589327111486993,"(0.303, 0.338]",0.47191011235955055
32222,0.44034233345086543,"(0.407, 0.442]",0.46629213483146065
32223,0.4016333926842547,"(0.373, 0.407]",0.423728813559322
32224,0.40321613080964136,"(0.373, 0.407]",0.39644970414201186
32225,0.36939110211206266,"(0.338, 0.373]",0.37572254335260113
32229,0.41416636669681134,"(0.407, 0.442]",0.3148148148148148
32230,0.2864420825244806,"(0.269, 0.303]",0.3352941176470588
32231,0.43482884010068723,"(0.407, 0.442]",0.32967032967032966
32232,0.3336948409713488,"(0.303, 0.338]",0.28160919540229884
32263,0.40783305408387194,"(0.407, 0.442]",0.47398843930635837
32264,0.45831211993809917,"(0.442, 0.476]",0.48255813953488375
32265,0.3913728028342977,"(0.373, 0.407]",0.4715909090909091
32266,0.3582638711783142,"(0.338, 0.373]",0.4438202247191011
32267,0.4137837447863362,"(0.407, 0.442]",0.39204545454545453
32268,0.39662059336498195,"(0.373, 0.407]",0.36312849162011174
32269,0.43579726851547673,"(0.407, 0.442]",0.32
32270,0.3672335849824792,"(0.338, 0.373]",0.2909090909090909
32273,0.40581482612901265,"(0.373, 0.407]",0.3333333333333333
32274,0.4173774721748507,"(0.407, 0.442]",0.3192771084337349
32275,0.39764084425150126,"(0.373, 0.407]",0.32
32276,0.3008514360024778,"(0.269, 0.303]",0.25
32277,0.13854675502470257,"(0.131, 0.165]",0.2616279069767442
32307,0.42856460624908177,"(0.407, 0.442]",0.49714285714285716
32308,0.36927155121107735,"(0.338, 0.373]",0.47674418604651164
32309,0.3751559910665136,"(0.373, 0.407]",0.4858757062146893
32312,0.36101606744981657,"(0.338, 0.373]",0.38372093023255816
32313,0.41314935294457744,"(0.407, 0.442]",0.35795454545454547
32314,0.36780451570528677,"(0.338, 0.373]",0.33136094674556216
32315,0.3618556687575607,"(0.338, 0.373]",0.3431952662721893
32318,0.39704430491856146,"(0.373, 0.407]",0.3525641025641026
32319,0.40535176019556174,"(0.373, 0.407]",0.3
32320,0.348042031161561,"(0.338, 0.373]",0.28160919540229884
32321,0.2676506898145244,"(0.234, 0.269]",0.23668639053254437
32322,0.367594990176212,"(0.338, 0.373]",0.23493975903614459
32349,0.3659740078629703,"(0.338, 0.373]",0.4971751412429379
32351,0.4003096214719634,"(0.373, 0.407]",0.48044692737430167
32352,0.4364453162236959,"(0.407, 0.442]",0.4648648648648649
32353,0.36488529783462126,"(0.338, 0.373]",0.4731182795698925
32354,0.3849176730107915,"(0.373, 0.407]",0.47540983606557374
32356,0.3872717739871305,"(0.373, 0.407]",0.3782051282051282
32357,0.42413616575346713,"(0.407, 0.442]",0.3609467455621302
32358,0.45021797944602177,"(0.442, 0.476]",0.310126582278481
32359,0.4402439396014035,"(0.407, 0.442]",0.3525641025641026
32362,0.3440125107330717,"(0.338, 0.373]",0.36423841059602646
32363,0.43308551038278753,"(0.407, 0.442]",0.30177514792899407
32364,0.39292471180009797,"(0.373, 0.407]",0.2658959537572254
32365,0.381566407974805,"(0.373, 0.407]",0.23170731707317074
32366,0.3608991016067441,"(0.338, 0.373]",0.2147239263803681
32390,0.37263134606484205,"(0.373, 0.407]",0.558974358974359
32399,0.42121564246459936,"(0.407, 0.442]",0.5
32400,0.39291351799237234,"(0.373, 0.407]",0.48947368421052634
32401,0.40659307445512916,"(0.373, 0.407]",0.4845360824742268
32402,0.37633876331616684,"(0.373, 0.407]",0.42134831460674155
32403,0.37928550988137927,"(0.373, 0.407]",0.378698224852071
32404,0.37183949013264417,"(0.338, 0.373]",0.38461538461538464
32405,0.41124439178348,"(0.407, 0.442]",0.3313253012048193
32406,0.3879120271039495,"(0.373, 0.407]",0.3592814371257485
32407,0.42584759001584727,"(0.407, 0.442]",0.40372670807453415
32408,0.4582659965699581,"(0.442, 0.476]",0.3706293706293706
32409,0.3848648343624242,"(0.373, 0.407]",0.35374149659863946
32410,0.4368491070185619,"(0.407, 0.442]",0.30246913580246915
32411,0.40787108836630726,"(0.407, 0.442]",0.2641509433962264
32412,0.25756424179957843,"(0.234, 0.269]",0.2236842105263158
32413,0.3370337295473218,"(0.303, 0.338]",0.22580645161290322
32440,0.41278141584779365,"(0.407, 0.442]",0.465
32441,0.3936479555907145,"(0.373, 0.407]",0.4174757281553398
32442,0.4277802531182301,"(0.407, 0.442]",0.4472361809045226
32445,0.4293237525205115,"(0.407, 0.442]",0.4807692307692308
32448,0.3920974518110903,"(0.373, 0.407]",0.5141242937853108
32449,0.39929805711602,"(0.373, 0.407]",0.49
32450,0.44009735084929963,"(0.407, 0.442]",0.45077720207253885
32451,0.3589329381508296,"(0.338, 0.373]",0.39664804469273746
32452,0.36632914049973064,"(0.338, 0.373]",0.37142857142857144
32453,0.44826507608893806,"(0.442, 0.476]",0.3687150837988827
32454,0.38312522966922385,"(0.373, 0.407]",0.3411764705882353
32455,0.38626887294978923,"(0.373, 0.407]",0.3687150837988827
32456,0.4053590838014877,"(0.373, 0.407]",0.3812154696132597
32457,0.33411750542699886,"(0.303, 0.338]",0.3493975903614458
32458,0.34530496703908675,"(0.338, 0.373]",0.3353658536585366
32459,0.3831305298899336,"(0.373, 0.407]",0.2742857142857143
32460,0.42071697044084105,"(0.407, 0.442]",0.2558139534883721
32461,0.3223913549906461,"(0.303, 0.338]",0.23270440251572327
32462,0.34324654506145286,"(0.338, 0.373]",0.23270440251572327
32463,0.2970625714762687,"(0.269, 0.303]",0.22818791946308725
32490,0.417149154184876,"(0.407, 0.442]",0.48743718592964824
32491,0.4003970836866793,"(0.373, 0.407]",0.4729064039408867
32497,0.31082285672886845,"(0.303, 0.338]",0.43670886075949367
32498,0.44709777732881456,"(0.442, 0.476]",0.45714285714285713
32499,0.4013415424570758,"(0.373, 0.407]",0.47619047619047616
32500,0.41852099058470565,"(0.407, 0.442]",0.45454545454545453
32501,0.44111560863063654,"(0.407, 0.442]",0.4393939393939394
32502,0.38607493557758515,"(0.373, 0.407]",0.3924731182795699
32503,0.4394719525315377,"(0.407, 0.442]",0.3446327683615819
32504,0.3664873762972391,"(0.338, 0.373]",0.32142857142857145
32505,0.367281911826013,"(0.338, 0.373]",0.3430232558139535
32506,0.38905431921562994,"(0.373, 0.407]",0.3212121212121212
32507,0.43468669608111904,"(0.407, 0.442]",0.3615819209039548
32508,0.4617004420935559,"(0.442, 0.476]",0.3582887700534759
32509,0.46751048687357966,"(0.442, 0.476]",0.3241758241758242
32510,0.34586106323299004,"(0.338, 0.373]",0.31521739130434784
32511,0.3715106907094954,"(0.338, 0.373]",0.25396825396825395
32544,0.42406028512722743,"(0.407, 0.442]",0.5909090909090909
32545,0.3046583796643131,"(0.303, 0.338]",0.5639810426540285
32547,0.41646680692198923,"(0.407, 0.442]",0.5025125628140703
32548,0.4264490846371705,"(0.407, 0.442]",0.47959183673469385
32549,0.34778526302003787,"(0.338, 0.373]",0.47058823529411764
32550,0.39215997952201626,"(0.373, 0.407]",0.4444444444444444
32551,0.34383247081477963,"(0.338, 0.373]",0.38613861386138615
32552,0.3344114236261199,"(0.303, 0.338]",0.35960591133004927
32553,0.35344629613095135,"(0.338, 0.373]",0.3582089552238806
32555,0.36180440072170067,"(0.338, 0.373]",0.38181818181818183
32556,0.3156144268339434,"(0.303, 0.338]",0.4066666666666667
32558,0.42345433841476227,"(0.407, 0.442]",0.4268292682926829
32559,0.37210360214553484,"(0.338, 0.373]",0.4161849710982659
32560,0.328102726221253,"(0.303, 0.338]",0.39690721649484534
32561,0.3547559443241211,"(0.338, 0.373]",0.3612565445026178
32562,0.3763007467984887,"(0.373, 0.407]",0.3202247191011236
32563,0.44104187689502544,"(0.407, 0.442]",0.3
32564,0.4580618683315435,"(0.442, 0.476]",0.30357142857142855
32565,0.4041784295036275,"(0.373, 0.407]",0.2777777777777778
32566,0.4230629306227861,"(0.407, 0.442]",0.3236994219653179
32567,0.42986863523501434,"(0.407, 0.442]",0.3225806451612903
32568,0.458340223664342,"(0.442, 0.476]",0.3064516129032258
32569,0.3441817515835581,"(0.338, 0.373]",0.2925531914893617
32570,0.33132763426848555,"(0.303, 0.338]",0.24352331606217617
32571,0.31379537037335625,"(0.303, 0.338]",0.275
32572,0.34392003517078373,"(0.338, 0.373]",0.2677595628415301
32573,0.31738349457839254,"(0.303, 0.338]",0.2857142857142857
32602,0.3743362631150025,"(0.373, 0.407]",0.5774647887323944
32606,0.3961960557174087,"(0.373, 0.407]",0.44751381215469616
32607,0.37211746823074876,"(0.338, 0.373]",0.449438202247191
32608,0.3767093550294694,"(0.373, 0.407]",0.4157303370786517
32609,0.37846210144533593,"(0.373, 0.407]",0.3743016759776536
32610,0.3581881934202804,"(0.338, 0.373]",0.3404255319148936
32611,0.39365293166734744,"(0.373, 0.407]",0.32105263157894737
32612,0.39902293623781837,"(0.373, 0.407]",0.3422459893048128
32613,0.3240043579974226,"(0.303, 0.338]",0.3717277486910995
32614,0.3553281727747193,"(0.338, 0.373]",0.37058823529411766
32615,0.42957586683864385,"(0.407, 0.442]",0.391025641025641
32616,0.4064572125731994,"(0.373, 0.407]",0.3717948717948718
32617,0.39022991575946775,"(0.373, 0.407]",0.34265734265734266
32618,0.3494306452613527,"(0.338, 0.373]",0.3333333333333333
32619,0.4140814094924813,"(0.407, 0.442]",0.30357142857142855
32620,0.3682085132700526,"(0.338, 0.373]",0.2840909090909091
32621,0.43260068840829036,"(0.407, 0.442]",0.2616279069767442
32626,0.39568509146770214,"(0.373, 0.407]",0.3005464480874317
32627,0.3641702215712972,"(0.338, 0.373]",0.31382978723404253
32628,0.3966561147153762,"(0.373, 0.407]",0.3015075376884422
32629,0.3838629720068115,"(0.373, 0.407]",0.245
32630,0.30262446877277255,"(0.269, 0.303]",0.2679425837320574
32631,0.29746053280159296,"(0.269, 0.303]",0.24479166666666666
32632,0.20952257817544603,"(0.2, 0.234]",0.25133689839572193
32658,0.3509487612958959,"(0.338, 0.373]",0.5721153846153846
32659,0.40724149218489947,"(0.407, 0.442]",0.5381165919282511
32660,0.4074298508988463,"(0.407, 0.442]",0.5497630331753555
32661,0.3793294234266987,"(0.373, 0.407]",0.51
32663,0.4091809246936176,"(0.407, 0.442]",0.4666666666666667
32664,0.3545631333017257,"(0.338, 0.373]",0.3987730061349693
32665,0.4355152309650967,"(0.407, 0.442]",0.3567251461988304
32666,0.3125288824703553,"(0.303, 0.338]",0.313953488372093
32667,0.32793400754868757,"(0.303, 0.338]",0.31216931216931215
32668,0.4087544828180959,"(0.407, 0.442]",0.3128205128205128
32669,0.4201172618331789,"(0.407, 0.442]",0.30412371134020616
32670,0.4440906610178237,"(0.442, 0.476]",0.29533678756476683
32671,0.3610073139113156,"(0.338, 0.373]",0.2937853107344633
32672,0.3217903841336951,"(0.303, 0.338]",0.26900584795321636
32673,0.36958436995146965,"(0.338, 0.373]",0.2716049382716049
32674,0.41264309815534517,"(0.407, 0.442]",0.2874251497005988
32675,0.4884388911097419,"(0.476, 0.511]",0.28160919540229884
32676,0.436936831293621,"(0.407, 0.442]",0.30978260869565216
32683,0.422551548948199,"(0.407, 0.442]",0.3125
32684,0.3941192386215925,"(0.373, 0.407]",0.30158730158730157
32685,0.37009738775722106,"(0.338, 0.373]",0.24607329842931938
32686,0.39339235842749765,"(0.373, 0.407]",0.275
32687,0.2723543541133134,"(0.269, 0.303]",0.24338624338624337
32709,0.38539246142763506,"(0.373, 0.407]",0.6197916666666666
32710,0.4087420640191374,"(0.407, 0.442]",0.6078431372549019
32711,0.3850862414569854,"(0.373, 0.407]",0.5692307692307692
32713,0.4315350876933353,"(0.407, 0.442]",0.53125
32714,0.4097869018331833,"(0.407, 0.442]",0.4486486486486487
32715,0.39904440911964795,"(0.373, 0.407]",0.47191011235955055
32716,0.37129210881590824,"(0.338, 0.373]",0.4550561797752809
32717,0.3462305832257401,"(0.338, 0.373]",0.4046242774566474
32718,0.38582615550928717,"(0.373, 0.407]",0.42207792207792205
32719,0.4647149748182464,"(0.442, 0.476]",0.3581081081081081
32720,0.37833229533132406,"(0.373, 0.407]",0.31210191082802546
32721,0.2427669685319821,"(0.234, 0.269]",0.2962962962962963
32722,0.40833272681376803,"(0.407, 0.442]",0.3020833333333333
32723,0.40918586364201265,"(0.407, 0.442]",0.30434782608695654
32724,0.44949795202166437,"(0.442, 0.476]",0.3165829145728643
32725,0.4314758678177854,"(0.407, 0.442]",0.28
32726,0.4043503113048129,"(0.373, 0.407]",0.2681564245810056
32727,0.4320187272260132,"(0.407, 0.442]",0.2469879518072289
32728,0.3811405376074243,"(0.373, 0.407]",0.24550898203592814
32729,0.3538296760118103,"(0.338, 0.373]",0.28313253012048195
32730,0.3972302740692675,"(0.373, 0.407]",0.2832369942196532
32731,0.35313661653922085,"(0.338, 0.373]",0.31351351351351353
32732,0.38011595072328264,"(0.373, 0.407]",0.3050847457627119
32738,0.3840542221568062,"(0.373, 0.407]",0.28313253012048195
32739,0.2897832188849012,"(0.269, 0.303]",0.28651685393258425
32740,0.39777849002942867,"(0.373, 0.407]",0.2459016393442623
32741,0.36621615094288684,"(0.338, 0.373]",0.26881720430107525
32742,0.317739475104395,"(0.303, 0.338]",0.26455026455026454
32767,0.34491845876847754,"(0.338, 0.373]",0.6022727272727273
32768,0.3985855685266879,"(0.373, 0.407]",0.5555555555555556
32769,0.3920736849294785,"(0.373, 0.407]",0.5166666666666667
32770,0.41327361186317896,"(0.407, 0.442]",0.5159574468085106
32771,0.4150933873188707,"(0.407, 0.442]",0.44970414201183434
32772,0.30046478519222763,"(0.269, 0.303]",0.39759036144578314
32773,0.44543517822799505,"(0.442, 0.476]",0.3961038961038961
32774,0.4812933080020769,"(0.476, 0.511]",0.3522012578616352
32775,0.44614860435239073,"(0.442, 0.476]",0.2891566265060241
32776,0.373102041547362,"(0.373, 0.407]",0.2865853658536585
32777,0.39489822592277346,"(0.373, 0.407]",0.30319148936170215
32778,0.3786137111812572,"(0.373, 0.407]",0.3125
32779,0.3779140770789144,"(0.373, 0.407]",0.3247422680412371
32780,0.43404303431258795,"(0.407, 0.442]",0.2814070351758794
32781,0.33605558952757125,"(0.303, 0.338]",0.23204419889502761
32782,0.4435298783306534,"(0.442, 0.476]",0.2254335260115607
32783,0.34608016019966586,"(0.338, 0.373]",0.23391812865497075
32784,0.4101439152826995,"(0.407, 0.442]",0.2603550295857988
32785,0.4094294582250543,"(0.407, 0.442]",0.29213483146067415
32786,0.39777674019083803,"(0.373, 0.407]",0.30601092896174864
32787,0.3715126394808455,"(0.338, 0.373]",0.28823529411764703
32793,0.4257405998026305,"(0.407, 0.442]",0.27325581395348836
32794,0.3465426223379872,"(0.338, 0.373]",0.2994350282485876
32795,0.33376841277063507,"(0.303, 0.338]",0.26136363636363635
32796,0.2418986303172216,"(0.234, 0.269]",0.28402366863905326
32821,0.38529282755208333,"(0.373, 0.407]",0.5440414507772021
32822,0.38591988179535064,"(0.373, 0.407]",0.5699481865284974
32823,0.41422040150257533,"(0.407, 0.442]",0.5414364640883977
32824,0.39595362544701945,"(0.373, 0.407]",0.4972972972972973
32825,0.3747829250278661,"(0.373, 0.407]",0.4585635359116022
32826,0.4324604502779779,"(0.407, 0.442]",0.45977011494252873
32827,0.3485501552750461,"(0.338, 0.373]",0.4342857142857143
32828,0.42183541396843305,"(0.407, 0.442]",0.36363636363636365
32829,0.3786592073705111,"(0.373, 0.407]",0.3391812865497076
32830,0.42517879184583934,"(0.407, 0.442]",0.30994152046783624
32831,0.3822287716206816,"(0.373, 0.407]",0.2717391304347826
32832,0.39677131563650697,"(0.373, 0.407]",0.2967032967032967
32833,0.45377308085421686,"(0.442, 0.476]",0.30612244897959184
32834,0.3755681533766633,"(0.373, 0.407]",0.29081632653061223
32835,0.41027670037839703,"(0.407, 0.442]",0.28421052631578947
32836,0.3998234835606354,"(0.373, 0.407]",0.2205128205128205
32837,0.35001533107676575,"(0.338, 0.373]",0.1657754010695187
32838,0.3714063471233202,"(0.338, 0.373]",0.19021739130434784
32839,0.36599317702577827,"(0.338, 0.373]",0.19791666666666666
32840,0.3407467284410177,"(0.338, 0.373]",0.22282608695652173
32841,0.3734313646025057,"(0.373, 0.407]",0.27040816326530615
32842,0.4006078198608613,"(0.373, 0.407]",0.26153846153846155
32843,0.42737771323148194,"(0.407, 0.442]",0.26436781609195403
32849,0.3569984440269884,"(0.338, 0.373]",0.2752808988764045
32850,0.418849116667905,"(0.407, 0.442]",0.2918918918918919
32876,0.41285667206808746,"(0.407, 0.442]",0.518918918918919
32877,0.3339261458732683,"(0.303, 0.338]",0.5355191256830601
32878,0.44986666591664753,"(0.442, 0.476]",0.5027932960893855
32879,0.42036374285325634,"(0.407, 0.442]",0.4745762711864407
32880,0.41734149320388786,"(0.407, 0.442]",0.4482758620689655
32881,0.3696734859815654,"(0.338, 0.373]",0.3878787878787879
32882,0.44395451750437304,"(0.442, 0.476]",0.35428571428571426
32883,0.4953068807027864,"(0.476, 0.511]",0.3218390804597701
32884,0.4189827372423505,"(0.407, 0.442]",0.3089887640449438
32885,0.4182639756803853,"(0.407, 0.442]",0.30978260869565216
32886,0.2799327865733653,"(0.269, 0.303]",0.27319587628865977
32887,0.3892530271182078,"(0.373, 0.407]",0.2864321608040201
32888,0.41990203789103053,"(0.407, 0.442]",0.27638190954773867
32889,0.3340882374270267,"(0.303, 0.338]",0.23979591836734693
32890,0.37201503963171906,"(0.338, 0.373]",0.24064171122994651
32891,0.34814278680194677,"(0.338, 0.373]",0.19318181818181818
32892,0.3842739512462118,"(0.373, 0.407]",0.17613636363636365
32893,0.4012693286023155,"(0.373, 0.407]",0.21686746987951808
32894,0.340669054797497,"(0.338, 0.373]",0.2261904761904762
32895,0.3580488779746227,"(0.338, 0.373]",0.23255813953488372
32896,0.3654650089862083,"(0.338, 0.373]",0.23756906077348067
32897,0.3768571860581858,"(0.373, 0.407]",0.2192513368983957
32898,0.3785813982628716,"(0.373, 0.407]",0.23863636363636365
32904,0.33418580725330377,"(0.303, 0.338]",0.28402366863905326
32905,0.3621317604991293,"(0.338, 0.373]",0.2947976878612717
32929,0.3972237908168669,"(0.373, 0.407]",0.5
32930,0.38802455627375126,"(0.373, 0.407]",0.4816753926701571
32931,0.3453465762116932,"(0.338, 0.373]",0.4745762711864407
32932,0.44555050857326933,"(0.442, 0.476]",0.4411764705882353
32933,0.39395579630961985,"(0.373, 0.407]",0.43478260869565216
32934,0.409291082236238,"(0.407, 0.442]",0.4166666666666667
32935,0.4384222532230707,"(0.407, 0.442]",0.38961038961038963
32936,0.42670761438116994,"(0.407, 0.442]",0.37423312883435583
32937,0.3786283188709636,"(0.373, 0.407]",0.34285714285714286
32938,0.4005598389913632,"(0.373, 0.407]",0.3425414364640884
32939,0.3755090267763442,"(0.373, 0.407]",0.3197969543147208
32941,0.36304403859095286,"(0.338, 0.373]",0.2760416666666667
32943,0.40718755592271255,"(0.407, 0.442]",0.23783783783783785
32944,0.2893228864828062,"(0.269, 0.303]",0.19230769230769232
32945,0.36535136599421103,"(0.338, 0.373]",0.17486338797814208
32946,0.38468798869310555,"(0.373, 0.407]",0.1348314606741573
32948,0.35132145614304927,"(0.338, 0.373]",0.1864406779661017
32951,0.40331453472932305,"(0.373, 0.407]",0.25405405405405407
32982,0.3704249556174132,"(0.338, 0.373]",0.507177033492823
32983,0.4497913271997706,"(0.442, 0.476]",0.47342995169082125
32985,0.3674153428534305,"(0.338, 0.373]",0.47398843930635837
32987,0.3782969795278405,"(0.373, 0.407]",0.41509433962264153
32988,0.2773193129669298,"(0.269, 0.303]",0.3696969696969697
32989,0.38502412157448956,"(0.373, 0.407]",0.32926829268292684
32990,0.4132904249079488,"(0.407, 0.442]",0.3333333333333333
32991,0.3781803862209668,"(0.373, 0.407]",0.3010752688172043
32992,0.43103749946012815,"(0.407, 0.442]",0.3155080213903743
32993,0.37199900934370006,"(0.338, 0.373]",0.30392156862745096
32995,0.32517886288177433,"(0.303, 0.338]",0.2708333333333333
32997,0.3353993235380371,"(0.303, 0.338]",0.23195876288659795
33035,0.42477543582205146,"(0.407, 0.442]",0.4394904458598726
33036,0.43148622412929666,"(0.407, 0.442]",0.345679012345679
33037,0.4102990037764597,"(0.407, 0.442]",0.3105590062111801
33038,0.4373370974649774,"(0.407, 0.442]",0.3216374269005848
33039,0.32539734309194795,"(0.303, 0.338]",0.29411764705882354
33041,0.4419277850437932,"(0.442, 0.476]",0.31155778894472363
33076,0.39516257093590157,"(0.373, 0.407]",0.38181818181818183
33077,0.12682154677334675,"(0.0962, 0.131]",0.375
33078,0.3228612164155651,"(0.303, 0.338]",0.3090909090909091
33079,0.33809946221100234,"(0.338, 0.373]",0.26875
33080,0.40264549336312183,"(0.373, 0.407]",0.30057803468208094
33081,0.40931831492555704,"(0.407, 0.442]",0.32978723404255317
33082,0.4356009146378667,"(0.407, 0.442]",0.34946236559139787
33099,0.2616214703538754,"(0.234, 0.269]",0.6438356164383562
33100,0.3746466363239729,"(0.373, 0.407]",0.6354679802955665
33108,0.4048850849993797,"(0.373, 0.407]",0.36666666666666664
33109,0.41632814923943257,"(0.407, 0.442]",0.3567251461988304
33110,0.42825250203083054,"(0.407, 0.442]",0.30994152046783624
33111,0.4419943640070642,"(0.442, 0.476]",0.28
33112,0.4347101863628331,"(0.407, 0.442]",0.28735632183908044
33138,0.40469688042959817,"(0.373, 0.407]",0.38323353293413176
33139,0.3762659860518639,"(0.373, 0.407]",0.3651685393258427
33140,0.41906027462069234,"(0.407, 0.442]",0.35638297872340424
33141,0.3485016193719459,"(0.338, 0.373]",0.3448275862068966
33142,0.2992164790319402,"(0.269, 0.303]",0.28313253012048195
33143,0.40841837017466515,"(0.407, 0.442]",0.3068181818181818
33144,0.3571540331395082,"(0.338, 0.373]",0.27439024390243905
33155,0.32609532087936804,"(0.303, 0.338]",0.6476190476190476
33156,0.24980627021221205,"(0.234, 0.269]",0.6116504854368932
33161,0.3959010379261095,"(0.373, 0.407]",0.4876543209876543
33162,0.38809253193747556,"(0.373, 0.407]",0.39634146341463417
33163,0.42027268464531103,"(0.407, 0.442]",0.36904761904761907
33164,0.41674890975660467,"(0.407, 0.442]",0.34806629834254144
33165,0.3649388207889084,"(0.338, 0.373]",0.3385416666666667
33166,0.3905489604248468,"(0.373, 0.407]",0.3333333333333333
33167,0.3850349561665567,"(0.373, 0.407]",0.2824858757062147
33168,0.38471098340363713,"(0.373, 0.407]",0.2832369942196532
33169,0.4031448895984679,"(0.373, 0.407]",0.24183006535947713
33179,0.3686124420309908,"(0.338, 0.373]",0.5256410256410257
33180,0.3801617402279967,"(0.373, 0.407]",0.44871794871794873
33181,0.4055801907632552,"(0.373, 0.407]",0.378698224852071
33182,0.4074276635762236,"(0.407, 0.442]",0.3558282208588957
33183,0.3824236264159216,"(0.373, 0.407]",0.3352601156069364
33184,0.44750015287835,"(0.442, 0.476]",0.3468208092485549
33185,0.3984278957098151,"(0.373, 0.407]",0.3333333333333333
33186,0.39424318549943815,"(0.373, 0.407]",0.296551724137931
33240,0.3714326291939845,"(0.338, 0.373]",0.10377358490566038
33241,0.24312412221503782,"(0.234, 0.269]",0.10344827586206896
33242,0.33220800937208145,"(0.303, 0.338]",0.10294117647058823
33251,0.3331991487318328,"(0.303, 0.338]",0.0990990990990991
33252,0.2121034667203667,"(0.2, 0.234]",0.11904761904761904
33253,0.30195086301472124,"(0.269, 0.303]",0.12
33254,0.24538241890638268,"(0.234, 0.269]",0.1259259259259259
33264,0.26423773727814875,"(0.234, 0.269]",0.06481481481481481
33265,0.35148691046892033,"(0.338, 0.373]",0.056
33266,0.27364941838237533,"(0.269, 0.303]",0.08333333333333333
33267,0.2219640759469605,"(0.2, 0.234]",0.10655737704918032
33268,0.27565080247307705,"(0.269, 0.303]",0.11382113821138211
33269,0.2757028531976378,"(0.269, 0.303]",0.11194029850746269
33278,0.338320777461775,"(0.338, 0.373]",0.09615384615384616
33279,0.3741033243414643,"(0.373, 0.407]",0.08620689655172414
33280,0.3037573479033942,"(0.303, 0.338]",0.06611570247933884
33281,0.3050351661267526,"(0.303, 0.338]",0.096
33282,0.3256011843024339,"(0.303, 0.338]",0.12096774193548387
33283,0.1962173001581252,"(0.165, 0.2]",0.12396694214876033
33284,0.25975302118934807,"(0.234, 0.269]",0.11940298507462686
33285,0.2226566633289141,"(0.2, 0.234]",0.136
33286,0.28621253191146645,"(0.269, 0.303]",0.10833333333333334
33287,0.3456172157217818,"(0.338, 0.373]",0.13157894736842105
33294,0.3014219211348229,"(0.269, 0.303]",0.12149532710280374
33295,0.38498481831133113,"(0.373, 0.407]",0.11965811965811966
33296,0.3740977281113343,"(0.373, 0.407]",0.1092436974789916
33297,0.3447080213359739,"(0.338, 0.373]",0.1322314049586777
33298,0.31708030562406825,"(0.303, 0.338]",0.1623931623931624
33299,0.33374663469477167,"(0.303, 0.338]",0.14563106796116504
33300,0.31996389243896173,"(0.303, 0.338]",0.1391304347826087
33301,0.31634750837683395,"(0.303, 0.338]",0.13559322033898305
33302,0.2324485283984688,"(0.2, 0.234]",0.1092436974789916
33303,0.15903813485524324,"(0.131, 0.165]",0.1328125
33304,-0.01733174424915781,"(-0.042, -0.00742]",0.12396694214876033
33310,0.2778803584416753,"(0.269, 0.303]",0.19626168224299065
33311,0.3687926673202254,"(0.338, 0.373]",0.17592592592592593
33312,0.3927826336850972,"(0.373, 0.407]",0.1485148514851485
33313,0.3265213507097409,"(0.303, 0.338]",0.1415929203539823
33314,0.3364627107952313,"(0.303, 0.338]",0.16521739130434782
33315,0.32226769268289474,"(0.303, 0.338]",0.14018691588785046
33316,0.35379928830988416,"(0.338, 0.373]",0.13934426229508196
33317,0.2593846518679148,"(0.234, 0.269]",0.13008130081300814
33318,0.289664752612427,"(0.269, 0.303]",0.09523809523809523
33319,0.2726824833503018,"(0.269, 0.303]",0.1259259259259259
33320,0.35673616223860444,"(0.338, 0.373]",0.11023622047244094
33326,0.31052320150695256,"(0.303, 0.338]",0.1981981981981982
33328,0.41338028552125744,"(0.407, 0.442]",0.18867924528301888
33329,0.40064502838501254,"(0.373, 0.407]",0.17094017094017094
33330,0.274932611592567,"(0.269, 0.303]",0.16101694915254236
33331,0.3064665915070986,"(0.303, 0.338]",0.15384615384615385
33332,0.33696311365303266,"(0.303, 0.338]",0.152
33333,0.31502285813293535,"(0.303, 0.338]",0.14285714285714285
33334,0.2909342162783291,"(0.269, 0.303]",0.11363636363636363
33335,0.23155789162649612,"(0.2, 0.234]",0.12142857142857143
33336,0.30879617188647823,"(0.303, 0.338]",0.10144927536231885
33344,0.30231968257262615,"(0.269, 0.303]",0.2702702702702703
33346,0.3746053208266758,"(0.373, 0.407]",0.26956521739130435
33347,0.42126219742959486,"(0.407, 0.442]",0.22123893805309736
33348,0.3591369575811332,"(0.338, 0.373]",0.1885245901639344
33349,0.32506903057267195,"(0.303, 0.338]",0.15517241379310345
33350,0.24407253549079624,"(0.234, 0.269]",0.13793103448275862
33351,0.34648873624872994,"(0.338, 0.373]",0.15966386554621848
33352,0.3225798971809078,"(0.303, 0.338]",0.1623931623931624
33354,0.3477578339654208,"(0.338, 0.373]",0.15151515151515152
33355,0.24471202283413204,"(0.234, 0.269]",0.11194029850746269
33356,0.35972585927755857,"(0.338, 0.373]",0.1347517730496454
33357,0.3734404049250628,"(0.373, 0.407]",0.11038961038961038
33358,0.3688406580868614,"(0.338, 0.373]",0.12987012987012986
33359,0.3298276005268122,"(0.303, 0.338]",0.14388489208633093
33360,0.28831040477120584,"(0.269, 0.303]",0.1259259259259259
33363,0.3906695343038496,"(0.373, 0.407]",0.3228346456692913
33366,0.33058763039960753,"(0.303, 0.338]",0.2773109243697479
33367,0.3512304691200239,"(0.338, 0.373]",0.25210084033613445
33368,0.24708150620265748,"(0.234, 0.269]",0.1810344827586207
33369,0.29932527542674525,"(0.269, 0.303]",0.16153846153846155
33370,0.4204190069079812,"(0.407, 0.442]",0.15625
33374,0.3242972351472271,"(0.303, 0.338]",0.13533834586466165
33375,0.34782070588457453,"(0.338, 0.373]",0.13432835820895522
33376,0.3356713405803472,"(0.303, 0.338]",0.11333333333333333
33377,0.3676593710181749,"(0.338, 0.373]",0.12101910828025478
33378,0.3691892793644752,"(0.338, 0.373]",0.1357142857142857
33379,0.3338650230699954,"(0.303, 0.338]",0.12056737588652482
33383,0.318277320778835,"(0.303, 0.338]",0.39849624060150374
33386,0.1821448401685295,"(0.165, 0.2]",0.28448275862068967
33387,0.3437480798305149,"(0.338, 0.373]",0.225
33388,0.44333343467381686,"(0.442, 0.476]",0.1893939393939394
33389,0.26757842097686624,"(0.234, 0.269]",0.1968503937007874
33390,0.28345588142728684,"(0.269, 0.303]",0.1875
33391,0.04701437328360054,"(0.0271, 0.0617]",0.1796875
33392,0.4146881970450287,"(0.407, 0.442]",0.21138211382113822
33393,0.3234549085154921,"(0.303, 0.338]",0.15942028985507245
33394,0.38315949225703927,"(0.373, 0.407]",0.12781954887218044
33395,0.3947369269541057,"(0.373, 0.407]",0.11764705882352941
33396,0.36350745905556114,"(0.338, 0.373]",0.1095890410958904
33397,0.3578719270887832,"(0.338, 0.373]",0.13385826771653545
33398,0.26964734188968653,"(0.269, 0.303]",0.1328125
33399,0.2437697106663847,"(0.234, 0.269]",0.11811023622047244
33403,0.2903444440044695,"(0.269, 0.303]",0.5
33404,0.34458337688586094,"(0.338, 0.373]",0.43243243243243246
33405,0.06304529518637518,"(0.0617, 0.0962]",0.46099290780141844
33406,0.3208811264220521,"(0.303, 0.338]",0.24031007751937986
33407,0.28077700197166094,"(0.269, 0.303]",0.1984126984126984
33408,0.2231005292461195,"(0.2, 0.234]",0.17692307692307693
33409,0.3057729107072811,"(0.303, 0.338]",0.22727272727272727
33410,0.4622822258127902,"(0.442, 0.476]",0.21232876712328766
33411,0.3584990146271271,"(0.338, 0.373]",0.1780821917808219
33412,0.27563887138399984,"(0.269, 0.303]",0.1702127659574468
33413,0.2848538792068659,"(0.269, 0.303]",0.1292517006802721
33414,0.24783830203456744,"(0.234, 0.269]",0.11278195488721804
33415,0.1083433787573331,"(0.0962, 0.131]",0.11940298507462686
33416,0.2572408233084045,"(0.234, 0.269]",0.11940298507462686
33420,0.40655552400346984,"(0.373, 0.407]",0.2204724409448819
33421,0.3232543066254737,"(0.303, 0.338]",0.1897810218978102
33422,0.13420090313064034,"(0.131, 0.165]",0.22857142857142856
33423,0.22090453765411036,"(0.2, 0.234]",0.23809523809523808
33424,0.223240963709668,"(0.2, 0.234]",0.20270270270270271
33425,0.2845434884418448,"(0.269, 0.303]",0.19718309859154928
33426,0.21835386745147164,"(0.2, 0.234]",0.14788732394366197
33427,0.2323847180114996,"(0.2, 0.234]",0.12878787878787878
33428,0.35146036672310466,"(0.338, 0.373]",0.13740458015267176
33429,0.2811525586402371,"(0.269, 0.303]",0.14393939393939395
33433,0.4273173082832393,"(0.407, 0.442]",0.2558139534883721
33434,0.20734065783467462,"(0.2, 0.234]",0.2518518518518518
33436,0.2255555075085248,"(0.2, 0.234]",0.23943661971830985
33437,0.3248154241448434,"(0.303, 0.338]",0.2462686567164179
33438,0.32234363166656355,"(0.303, 0.338]",0.183206106870229
33439,0.253525133066825,"(0.234, 0.269]",0.16923076923076924
33440,0.3074153715255486,"(0.303, 0.338]",0.15671641791044777
33441,0.33531664875398726,"(0.303, 0.338]",0.16541353383458646
33446,0.2055243707536379,"(0.2, 0.234]",0.2708333333333333
33447,0.3299853023896628,"(0.303, 0.338]",0.30201342281879195
33448,0.2668848247846033,"(0.234, 0.269]",0.28378378378378377
33449,0.2529594742168144,"(0.234, 0.269]",0.2846153846153846
33450,0.15862651939332303,"(0.131, 0.165]",0.23134328358208955
33451,0.3214956768564779,"(0.303, 0.338]",0.20930232558139536
33452,0.3708163424114487,"(0.338, 0.373]",0.17647058823529413
33455,0.38542852047634824,"(0.373, 0.407]",0.16560509554140126
33458,0.3671378836868245,"(0.338, 0.373]",0.38405797101449274
33459,0.3045053717579494,"(0.303, 0.338]",0.3591549295774648
33460,0.3238464166112255,"(0.303, 0.338]",0.2867647058823529
33461,0.3754112668280523,"(0.373, 0.407]",0.24603174603174602
33462,0.3860738846612026,"(0.373, 0.407]",0.20437956204379562
33463,0.3295872008859428,"(0.303, 0.338]",0.2222222222222222
33464,0.1715698563213539,"(0.165, 0.2]",0.17829457364341086
33465,0.26163369437917633,"(0.234, 0.269]",0.16176470588235295
33466,0.3377945541415098,"(0.303, 0.338]",0.14285714285714285
33467,0.3599924358568258,"(0.338, 0.373]",0.10204081632653061
33469,0.34362433860098596,"(0.338, 0.373]",0.0958904109589041
33470,0.20867859512428552,"(0.2, 0.234]",0.10948905109489052
33471,0.19997695677316923,"(0.2, 0.234]",0.35714285714285715
33472,0.04219733978522188,"(0.0271, 0.0617]",0.2932330827067669
33473,0.3427893659649621,"(0.338, 0.373]",0.23140495867768596
33474,0.32556570835052495,"(0.303, 0.338]",0.203125
33475,0.27572768877026976,"(0.269, 0.303]",0.25217391304347825
33476,0.3072043339229376,"(0.303, 0.338]",0.19008264462809918
33477,0.4020673321716486,"(0.373, 0.407]",0.16793893129770993
33478,0.3267624410929897,"(0.303, 0.338]",0.1450381679389313
33479,0.32353720830243204,"(0.303, 0.338]",0.08333333333333333
33480,0.3547295736821876,"(0.338, 0.373]",0.08888888888888889
33481,0.1407006938854726,"(0.131, 0.165]",0.10884353741496598
33482,0.32832768422561964,"(0.303, 0.338]",0.11805555555555555
33483,0.3798385678713877,"(0.373, 0.407]",0.2542372881355932
33484,0.344042270684171,"(0.338, 0.373]",0.21138211382113822
33486,0.280562898563318,"(0.269, 0.303]",0.1452991452991453
33487,0.3160232935383827,"(0.303, 0.338]",0.125
33488,0.3869834804980759,"(0.373, 0.407]",0.11363636363636363
33489,0.22452406302103198,"(0.2, 0.234]",0.07352941176470588
33490,0.29757845304496733,"(0.269, 0.303]",0.08759124087591241
33491,0.2707488180179034,"(0.269, 0.303]",0.12162162162162163
33492,0.31404773051273294,"(0.303, 0.338]",0.12413793103448276
33493,0.1597587413439914,"(0.131, 0.165]",0.125
33494,0.2793763182963428,"(0.269, 0.303]",0.21495327102803738
33495,0.3456949190530923,"(0.338, 0.373]",0.13513513513513514
33496,0.3149008089407594,"(0.303, 0.338]",0.1111111111111111
33497,0.3302280588855256,"(0.303, 0.338]",0.08870967741935484
33498,0.27551710872586554,"(0.269, 0.303]",0.0390625
33499,0.2149070011338343,"(0.2, 0.234]",0.06349206349206349
33500,0.3780083874011871,"(0.373, 0.407]",0.10218978102189781
33501,0.2882800429279784,"(0.269, 0.303]",0.12056737588652482
33502,0.24830585068948274,"(0.234, 0.269]",0.13675213675213677
33503,0.37847903717117704,"(0.373, 0.407]",0.12844036697247707
33504,0.359769087283649,"(0.338, 0.373]",0.128
33505,0.3677128659659125,"(0.338, 0.373]",0.12781954887218044
33506,0.2784375729834683,"(0.269, 0.303]",0.09923664122137404
33507,0.10118939432076283,"(0.0962, 0.131]",0.11678832116788321
33508,0.2859153970212019,"(0.269, 0.303]",0.13138686131386862
33509,0.370112130706298,"(0.338, 0.373]",0.11194029850746269
33510,0.335623230096921,"(0.303, 0.338]",0.11818181818181818
33511,0.3817081778886111,"(0.373, 0.407]",0.16071428571428573
33512,0.33901380009543614,"(0.338, 0.373]",0.17692307692307693
33513,0.40682029616377124,"(0.373, 0.407]",0.14074074074074075
33514,0.32961978484480803,"(0.303, 0.338]",0.1386861313868613
33515,0.26556340351986574,"(0.234, 0.269]",0.15862068965517243
33516,0.28472049468581384,"(0.269, 0.303]",0.13636363636363635
33517,0.33680515224665386,"(0.303, 0.338]",0.12698412698412698
33518,0.40988321931431365,"(0.407, 0.442]",0.13131313131313133
33519,0.3893964500756184,"(0.373, 0.407]",0.23622047244094488
33520,0.28919426676930976,"(0.269, 0.303]",0.1678832116788321
33521,0.3212985247199883,"(0.303, 0.338]",0.1597222222222222
33522,0.31654240723961913,"(0.303, 0.338]",0.1780821917808219
33523,0.2671890565193423,"(0.234, 0.269]",0.14393939393939395
33524,0.22756923112814684,"(0.2, 0.234]",0.14285714285714285
33525,0.15773659060162373,"(0.131, 0.165]",0.13725490196078433
33526,0.45789687998989703,"(0.442, 0.476]",0.2857142857142857
33527,0.34313165594095696,"(0.338, 0.373]",0.20863309352517986
33528,0.4362179711742586,"(0.407, 0.442]",0.2116788321167883
33529,0.35509798812284693,"(0.338, 0.373]",0.21678321678321677
33530,0.3594784218223593,"(0.338, 0.373]",0.17886178861788618
33531,0.35023926682190126,"(0.338, 0.373]",0.1724137931034483
33532,0.22742412040852883,"(0.2, 0.234]",0.15841584158415842
33533,0.2921432205304033,"(0.269, 0.303]",0.25203252032520324
33534,0.2351279839219544,"(0.234, 0.269]",0.24193548387096775
33535,0.3429246987947284,"(0.338, 0.373]",0.25
33536,0.3774103238647083,"(0.373, 0.407]",0.16666666666666666
33537,0.32234399111641854,"(0.303, 0.338]",0.18032786885245902
33538,0.1864410242751429,"(0.165, 0.2]",0.16666666666666666
33539,0.3616807405276009,"(0.338, 0.373]",0.13829787234042554
33540,0.31673226277118455,"(0.303, 0.338]",0.24193548387096775
33541,0.4212130347746421,"(0.407, 0.442]",0.1721311475409836
33542,0.4082752513996772,"(0.407, 0.442]",0.1721311475409836
33543,0.36165102885504424,"(0.338, 0.373]",0.15873015873015872
33544,0.21642822678699758,"(0.2, 0.234]",0.12264150943396226
33545,0.38600535677480163,"(0.373, 0.407]",0.16806722689075632
33546,0.373236025679258,"(0.373, 0.407]",0.15873015873015872
33547,0.30237604348895947,"(0.269, 0.303]",0.16417910447761194
33548,0.09723909792738222,"(0.0962, 0.131]",0.12931034482758622
33549,0.14426133250211948,"(0.131, 0.165]",0.14545454545454545
33553,0.3706593410207094,"(0.338, 0.373]",0.15447154471544716
33554,0.2632980578468383,"(0.234, 0.269]",0.1590909090909091
33556,0.23276605550005883,"(0.2, 0.234]",0.15555555555555556
33557,0.3909830651606434,"(0.373, 0.407]",0.18382352941176472
33558,0.07164034430837031,"(0.0617, 0.0962]",0.1415929203539823
33564,0.11048003162161345,"(0.0962, 0.131]",0.2184873949579832
33565,0.3339167505254525,"(0.303, 0.338]",0.2
33577,0.14762516487239777,"(0.131, 0.165]",0.224
33578,0.27952559077070893,"(0.269, 0.303]",0.2076923076923077
33580,0.24366769933457647,"(0.234, 0.269]",0.21138211382113822
33592,0.31767892774419837,"(0.303, 0.338]",0.2556390977443609
33593,0.323300223122702,"(0.303, 0.338]",0.234375
33595,0.41061186997531945,"(0.407, 0.442]",0.22900763358778625
33598,0.33322348259848256,"(0.303, 0.338]",0.19736842105263158
33608,0.3381694565753619,"(0.338, 0.373]",0.265625
33609,0.17388265956347929,"(0.165, 0.2]",0.23076923076923078
33610,0.3439799565308849,"(0.338, 0.373]",0.2
33611,0.31149082289869,"(0.303, 0.338]",0.216
33612,0.3897282877161975,"(0.373, 0.407]",0.23076923076923078
33613,0.18250763906972142,"(0.165, 0.2]",0.21678321678321677
33614,-0.016675046743296458,"(-0.042, -0.00742]",0.19863013698630136
33615,-0.0125434999385086,"(-0.042, -0.00742]",0.15942028985507245
33616,0.2931428860524434,"(0.269, 0.303]",0.12307692307692308
33617,0.284829186941556,"(0.269, 0.303]",0.12408759124087591
33625,0.22384167992210308,"(0.2, 0.234]",0.2033898305084746
33626,0.20867285200448968,"(0.2, 0.234]",0.21367521367521367
33627,0.37724577484806326,"(0.373, 0.407]",0.23846153846153847
33628,0.14931140893767714,"(0.131, 0.165]",0.20279720279720279
33629,0.23760478326086307,"(0.234, 0.269]",0.1836734693877551
33630,0.43722167621913344,"(0.407, 0.442]",0.14788732394366197
33631,0.3152308760857193,"(0.303, 0.338]",0.1
33641,0.27488511313469816,"(0.269, 0.303]",0.20353982300884957
33642,0.3583753200667901,"(0.338, 0.373]",0.21951219512195122
33643,0.34957017710834715,"(0.338, 0.373]",0.18309859154929578
33644,0.34803370440172554,"(0.338, 0.373]",0.1891891891891892
33645,0.2443302533675658,"(0.234, 0.269]",0.14864864864864866
33657,0.3563121147488852,"(0.338, 0.373]",0.22807017543859648
33658,0.29695647665129116,"(0.269, 0.303]",0.18110236220472442
33672,0.24707929865108103,"(0.234, 0.269]",0.18181818181818182
33687,0.3188991690418781,"(0.303, 0.338]",0.1388888888888889
33689,0.34689113571580404,"(0.338, 0.373]",0.14465408805031446
33690,0.34387374137150967,"(0.338, 0.373]",0.15337423312883436
33700,0.37828733421292204,"(0.373, 0.407]",0.14166666666666666
33701,0.41688096860901996,"(0.407, 0.442]",0.13286713286713286
33702,0.3695412980374271,"(0.338, 0.373]",0.1402439024390244
33703,0.2477169220483628,"(0.234, 0.269]",0.17261904761904762
33704,0.1633743324216333,"(0.131, 0.165]",0.18354430379746836
33715,0.3664542001215996,"(0.338, 0.373]",0.12056737588652482
33716,0.3025584534812075,"(0.269, 0.303]",0.11392405063291139
33717,0.26705914394599334,"(0.234, 0.269]",0.11931818181818182
33718,0.30483410121944443,"(0.303, 0.338]",0.15476190476190477
33719,0.3155631352167805,"(0.303, 0.338]",0.1513157894736842
33720,0.07651386511119741,"(0.0617, 0.0962]",0.13286713286713286
33721,0.09055331954811552,"(0.0617, 0.0962]",0.13178294573643412
33731,0.2940693819367644,"(0.269, 0.303]",0.2198581560283688
33732,0.39408501836013443,"(0.373, 0.407]",0.16666666666666666
33733,0.3391532765275043,"(0.338, 0.373]",0.08982035928143713
33734,0.2894807528052722,"(0.269, 0.303]",0.09195402298850575
33735,0.3060223317501812,"(0.303, 0.338]",0.13609467455621302
33736,0.3308964807543833,"(0.303, 0.338]",0.12987012987012986
33737,0.2257418767727546,"(0.2, 0.234]",0.1366906474820144
33738,0.15965656986816804,"(0.131, 0.165]",0.1271186440677966
33749,0.3280680544031724,"(0.303, 0.338]",0.26143790849673204
33750,0.30818644672083834,"(0.303, 0.338]",0.2275449101796407
33751,0.3955229641404589,"(0.373, 0.407]",0.16463414634146342
33752,0.40133881969644725,"(0.373, 0.407]",0.1503267973856209
33753,0.3309270300767834,"(0.303, 0.338]",0.18064516129032257
33754,0.332506099056134,"(0.303, 0.338]",0.1702127659574468
33755,0.3798692575772917,"(0.373, 0.407]",0.15748031496062992
33756,0.37135087901253494,"(0.338, 0.373]",0.13274336283185842
33769,0.3999825081153544,"(0.373, 0.407]",0.31097560975609756
33770,0.3782882606190248,"(0.373, 0.407]",0.21794871794871795
33772,0.3534062770328629,"(0.338, 0.373]",0.16326530612244897
33773,0.35856852298393366,"(0.338, 0.373]",0.1347517730496454
33774,0.332099464007381,"(0.303, 0.338]",0.136
33775,0.35389814085893945,"(0.338, 0.373]",0.14814814814814814
33807,0.35332595539728057,"(0.338, 0.373]",0.25396825396825395
33826,0.3309447346529123,"(0.303, 0.338]",0.232
33846,0.2795003178792273,"(0.269, 0.303]",0.17647058823529413
33864,0.2942961672169937,"(0.269, 0.303]",0.2283464566929134
33865,0.3055337654827352,"(0.303, 0.338]",0.18548387096774194
33866,0.22115978415276136,"(0.2, 0.234]",0.16666666666666666
33867,0.31491849953597884,"(0.303, 0.338]",0.125
33868,0.36633024871278086,"(0.338, 0.373]",0.09375
33884,0.38170107891042404,"(0.373, 0.407]",0.24369747899159663
33885,0.22342004128773651,"(0.2, 0.234]",0.21052631578947367
33886,0.29478796421900433,"(0.269, 0.303]",0.14634146341463414
33887,0.2988984065402664,"(0.269, 0.303]",0.12195121951219512
33888,0.33927325245885553,"(0.338, 0.373]",0.1076923076923077
33889,0.2852708785468483,"(0.269, 0.303]",0.12686567164179105
33905,0.19115608600926273,"(0.165, 0.2]",0.22413793103448276
33906,0.3313556820863016,"(0.303, 0.338]",0.18333333333333332
33907,0.3807166443892187,"(0.373, 0.407]",0.1678832116788321
33908,0.2928789355910205,"(0.269, 0.303]",0.16901408450704225
33909,0.20534745138022864,"(0.2, 0.234]",0.18
33925,0.3571207756899425,"(0.338, 0.373]",0.19327731092436976
33926,0.21294931110370954,"(0.2, 0.234]",0.19148936170212766
33927,0.3442131732793914,"(0.338, 0.373]",0.21014492753623187
33928,0.3383009090569168,"(0.338, 0.373]",0.19718309859154928
33943,0.237731768347307,"(0.234, 0.269]",0.21929824561403508
33944,0.18574730462216607,"(0.165, 0.2]",0.2014388489208633
33945,0.24989113162912718,"(0.234, 0.269]",0.2074074074074074
33946,0.3577303169873972,"(0.338, 0.373]",0.18248175182481752
33961,0.2934455607039464,"(0.269, 0.303]",0.1956521739130435
33962,0.3475158252019711,"(0.338, 0.373]",0.2014388489208633
33978,0.415775902250173,"(0.407, 0.442]",0.21212121212121213
33979,0.30504233516480594,"(0.303, 0.338]",0.2222222222222222
33980,0.326860481038858,"(0.303, 0.338]",0.1875
33995,0.4017711663745179,"(0.373, 0.407]",0.2391304347826087
33996,0.3288020487208864,"(0.303, 0.338]",0.21897810218978103
34012,0.39644864339678515,"(0.373, 0.407]",0.25190839694656486
34013,0.3016267850848939,"(0.269, 0.303]",0.22857142857142856
34093,0.3121630501739741,"(0.303, 0.338]",0.2411764705882353
34105,0.26248223142192045,"(0.234, 0.269]",0.30120481927710846
34106,0.23621958171844737,"(0.234, 0.269]",0.29069767441860467
34108,0.3460723065819199,"(0.338, 0.373]",0.28289473684210525
34120,0.3098797742971108,"(0.303, 0.338]",0.37575757575757573
34121,0.4147307425364809,"(0.407, 0.442]",0.32919254658385094
34122,0.39780494790936494,"(0.373, 0.407]",0.304635761589404
34123,0.29303459499443774,"(0.269, 0.303]",0.3049645390070922
34137,0.16321152774398298,"(0.131, 0.165]",0.44886363636363635
34138,0.41594822379853624,"(0.407, 0.442]",0.41025641025641024
34153,0.3523974735455064,"(0.338, 0.373]",0.25190839694656486
34155,0.32650475636181453,"(0.303, 0.338]",0.22818791946308725
34171,0.2842512052538734,"(0.269, 0.303]",0.26666666666666666
34186,0.42689001964025497,"(0.407, 0.442]",0.3543307086614173
35750,0.2778289004700641,"(0.269, 0.303]",0.19883040935672514
35769,0.27640459434446,"(0.269, 0.303]",0.17045454545454544
35792,0.09039949511064665,"(0.0617, 0.0962]",0.2052980132450331
35809,0.18383913326674267,"(0.165, 0.2]",0.1927710843373494
35811,0.06421507661778492,"(0.0617, 0.0962]",0.18235294117647058
35814,0.3258196781331445,"(0.303, 0.338]",0.17105263157894737
35815,0.15528279209610996,"(0.131, 0.165]",0.15757575757575756
35816,0.2561962521458111,"(0.234, 0.269]",0.15384615384615385
35817,0.1656320171989261,"(0.165, 0.2]",0.16042780748663102
35818,0.23298529190588674,"(0.2, 0.234]",0.1717171717171717
35819,0.013628890234991638,"(-0.00742, 0.0271]",0.18357487922705315
35825,0.22780207125448512,"(0.2, 0.234]",0.18055555555555555
35826,0.21568426179646602,"(0.2, 0.234]",0.1793103448275862
35827,0.2185943952818964,"(0.2, 0.234]",0.17088607594936708
35828,0.2604318603763407,"(0.234, 0.269]",0.16091954022988506
35832,0.3216747633265146,"(0.303, 0.338]",0.22289156626506024
35833,0.22799000475316983,"(0.2, 0.234]",0.17567567567567569
35850,0.3138797738690286,"(0.303, 0.338]",0.1951219512195122
35851,0.19594783720735146,"(0.165, 0.2]",0.16666666666666666
35852,-0.028632453737499793,"(-0.042, -0.00742]",0.1951219512195122
35853,0.2868552293917597,"(0.269, 0.303]",0.14814814814814814
35854,0.10858924718148683,"(0.0962, 0.131]",0.16265060240963855
35855,0.20225254295692907,"(0.2, 0.234]",0.18064516129032257
35856,0.16399014194149916,"(0.131, 0.165]",0.16339869281045752
35857,0.32695197871203885,"(0.303, 0.338]",0.1870967741935484
35858,0.1026004307757042,"(0.0962, 0.131]",0.18235294117647058
35859,0.15180953753806187,"(0.131, 0.165]",0.18681318681318682
35860,0.13756183286308676,"(0.131, 0.165]",0.18181818181818182
35862,0.3050427008655293,"(0.303, 0.338]",0.13636363636363635
35863,0.2633041012847589,"(0.234, 0.269]",0.1340782122905028
35864,0.13582182840176005,"(0.131, 0.165]",0.15
35865,0.1887741197190483,"(0.165, 0.2]",0.17518248175182483
35866,0.34339552957948494,"(0.338, 0.373]",0.1488095238095238
35867,0.24182983132258318,"(0.234, 0.269]",0.20348837209302326
35868,0.19860825177656471,"(0.165, 0.2]",0.16
35869,0.3143031899970268,"(0.303, 0.338]",0.1807909604519774
35870,0.3491857417538089,"(0.338, 0.373]",0.2375
35886,0.39147603476586623,"(0.373, 0.407]",0.21084337349397592
35887,0.36288328181315416,"(0.338, 0.373]",0.19393939393939394
35888,0.2624950972299036,"(0.234, 0.269]",0.16049382716049382
35889,0.2781784882608224,"(0.269, 0.303]",0.18072289156626506
35890,0.30416743099029253,"(0.303, 0.338]",0.14743589743589744
35891,0.2859185174924764,"(0.269, 0.303]",0.1524390243902439
35892,0.01760639911312966,"(-0.00742, 0.0271]",0.1761006289308176
35893,0.10074827171405408,"(0.0962, 0.131]",0.2111111111111111
35894,0.2075330998977043,"(0.2, 0.234]",0.1837837837837838
35895,0.23247114910100303,"(0.2, 0.234]",0.14583333333333334
35896,0.2939434263734075,"(0.269, 0.303]",0.13714285714285715
35897,0.25189825944918326,"(0.234, 0.269]",0.125
35898,0.3452801052286821,"(0.338, 0.373]",0.13924050632911392
35899,0.23503495563615961,"(0.234, 0.269]",0.16666666666666666
35900,0.28144876492137233,"(0.269, 0.303]",0.16091954022988506
35901,0.2909523632447079,"(0.269, 0.303]",0.2057142857142857
35902,0.2847732738101501,"(0.269, 0.303]",0.15819209039548024
35903,0.3449425354188247,"(0.338, 0.373]",0.18128654970760233
35911,0.34525525718524186,"(0.338, 0.373]",0.20224719101123595
35918,0.2733823049762197,"(0.269, 0.303]",0.21019108280254778
35919,0.2854849252777118,"(0.269, 0.303]",0.19230769230769232
35920,0.29120124963674,"(0.269, 0.303]",0.17177914110429449
35921,0.37030956111169533,"(0.338, 0.373]",0.20348837209302326
35922,0.21340431704565735,"(0.2, 0.234]",0.18674698795180722
35923,0.27791418052896627,"(0.269, 0.303]",0.19642857142857142
35924,0.25980635527911383,"(0.234, 0.269]",0.14457831325301204
35925,0.32228955811083027,"(0.303, 0.338]",0.1206896551724138
35926,0.31933479887350696,"(0.303, 0.338]",0.14285714285714285
35927,0.2070247943317844,"(0.2, 0.234]",0.13253012048192772
35928,0.3249624344032365,"(0.303, 0.338]",0.1935483870967742
35933,0.3326932169344881,"(0.303, 0.338]",0.24705882352941178
35934,0.20855230256572607,"(0.2, 0.234]",0.23493975903614459
35935,0.23955340000938288,"(0.234, 0.269]",0.24375
35936,0.27129531609905627,"(0.269, 0.303]",0.24503311258278146
35937,0.24166321334799132,"(0.234, 0.269]",0.22580645161290322
35938,0.326293557229875,"(0.303, 0.338]",0.23636363636363636
35939,0.2522307302242944,"(0.234, 0.269]",0.2155688622754491
35940,0.26874323411152123,"(0.234, 0.269]",0.20930232558139536
35941,0.2529511817122161,"(0.234, 0.269]",0.19101123595505617
35942,0.35158966018655335,"(0.338, 0.373]",0.18421052631578946
35943,0.3223185144669307,"(0.303, 0.338]",0.21390374331550802
35944,0.37926138059043113,"(0.373, 0.407]",0.19428571428571428
35945,0.29081919870179923,"(0.269, 0.303]",0.1696969696969697
35946,0.2976724276626687,"(0.269, 0.303]",0.16292134831460675
35947,0.28036044778566116,"(0.269, 0.303]",0.23243243243243245
35948,0.3995491971089213,"(0.373, 0.407]",0.2545454545454545
35951,0.40548844528441064,"(0.373, 0.407]",0.25625
35952,0.33783617943101635,"(0.303, 0.338]",0.25308641975308643
35953,0.21381950434488933,"(0.2, 0.234]",0.24855491329479767
35954,0.3164522290105477,"(0.303, 0.338]",0.22424242424242424
35955,0.35166628205424544,"(0.338, 0.373]",0.22905027932960895
35956,0.3488313597258218,"(0.338, 0.373]",0.23333333333333334
35957,0.401333592303645,"(0.373, 0.407]",0.23636363636363636
35958,0.440945542789696,"(0.407, 0.442]",0.22699386503067484
35959,0.34693672899152544,"(0.338, 0.373]",0.19480519480519481
35960,0.3590709532922413,"(0.338, 0.373]",0.16560509554140126
35961,0.33448838151357296,"(0.303, 0.338]",0.1676300578034682
35962,0.3401733016248742,"(0.338, 0.373]",0.21176470588235294
35963,0.30601809918010714,"(0.303, 0.338]",0.267515923566879
35964,0.21493904430303643,"(0.2, 0.234]",0.24203821656050956
35965,0.2792231038851814,"(0.269, 0.303]",0.21875
35966,0.29278185179790617,"(0.269, 0.303]",0.22807017543859648
35967,0.19772411601714493,"(0.165, 0.2]",0.24539877300613497
35968,0.34517155798527777,"(0.338, 0.373]",0.225
35969,0.302027322070143,"(0.269, 0.303]",0.20245398773006135
35970,0.321114644683281,"(0.303, 0.338]",0.18235294117647058
36149,0.2386440529828127,"(0.234, 0.269]",0.38271604938271603
36169,0.2805211671309307,"(0.269, 0.303]",0.38323353293413176
36170,0.366568749404769,"(0.338, 0.373]",0.38926174496644295
36192,0.36120501885243766,"(0.338, 0.373]",0.2785714285714286
36193,0.17656339877055713,"(0.165, 0.2]",0.3032258064516129
36194,0.30390925975033684,"(0.303, 0.338]",0.3333333333333333
36217,0.2982354305420814,"(0.269, 0.303]",0.25333333333333335
36218,0.36113347196920476,"(0.338, 0.373]",0.26282051282051283
36242,0.3162630067032901,"(0.303, 0.338]",0.22142857142857142
36243,0.28114338421164153,"(0.269, 0.303]",0.2582781456953642
36244,0.25224617700058233,"(0.234, 0.269]",0.26865671641791045
36269,0.2532172462961836,"(0.234, 0.269]",0.21052631578947367
36270,0.21492108163723433,"(0.2, 0.234]",0.23076923076923078
36631,0.3745264092260063,"(0.373, 0.407]",0.3586206896551724
36632,0.4201599837177277,"(0.407, 0.442]",0.3581081081081081
36633,0.3435420584806744,"(0.338, 0.373]",0.3660130718954248
36634,0.3437025354238749,"(0.338, 0.373]",0.32903225806451614
36636,0.32996783174228383,"(0.303, 0.338]",0.3597122302158273
36637,0.4229089511433815,"(0.407, 0.442]",0.35668789808917195
36638,0.3055497726204894,"(0.303, 0.338]",0.33962264150943394
36639,0.3619611198207647,"(0.338, 0.373]",0.3312883435582822
36642,0.24170346091266984,"(0.234, 0.269]",0.3712574850299401
36643,0.42725719388861894,"(0.407, 0.442]",0.3413173652694611
36647,0.353052463430807,"(0.338, 0.373]",0.34810126582278483
36648,0.3775042567514434,"(0.373, 0.407]",0.3488372093023256
36649,0.30735229702049827,"(0.303, 0.338]",0.29012345679012347
36650,0.32921949823045343,"(0.303, 0.338]",0.2893081761006289
36651,0.350698412535304,"(0.338, 0.373]",0.2348993288590604
36652,0.37832612923833026,"(0.373, 0.407]",0.2
36653,0.3871323268767476,"(0.373, 0.407]",0.3382352941176471
36654,0.2912550085954636,"(0.269, 0.303]",0.3393939393939394
36655,0.3800878612575198,"(0.373, 0.407]",0.3431952662721893
36656,0.0379039799263481,"(0.0271, 0.0617]",0.32926829268292684
36657,0.37755282207065693,"(0.373, 0.407]",0.3
36661,0.38002889323235184,"(0.373, 0.407]",0.2695035460992908
36662,0.37506715597087764,"(0.373, 0.407]",0.2972972972972973
36663,0.36860185971593185,"(0.338, 0.373]",0.31333333333333335
36664,0.29748924026983004,"(0.269, 0.303]",0.25
36665,0.38277545033068494,"(0.373, 0.407]",0.271523178807947
36666,0.30833100977660227,"(0.303, 0.338]",0.2391304347826087
36668,0.3806743560188884,"(0.373, 0.407]",0.30405405405405406
36669,0.34622904105242885,"(0.338, 0.373]",0.28104575163398693
36670,0.39463156031626917,"(0.373, 0.407]",0.2608695652173913
36671,0.25492158288864625,"(0.234, 0.269]",0.24025974025974026
36672,0.21207467035915809,"(0.2, 0.234]",0.25
36674,-0.009348218447804257,"(-0.042, -0.00742]",0.24444444444444444
36676,0.2941880807632978,"(0.269, 0.303]",0.2482758620689655
36677,0.35332146103301226,"(0.338, 0.373]",0.24836601307189543
36678,0.36396344655198437,"(0.338, 0.373]",0.2670807453416149
36679,0.2560282768722682,"(0.234, 0.269]",0.2857142857142857
36680,0.38540671286371897,"(0.373, 0.407]",0.2692307692307692
36681,0.3595122867196299,"(0.338, 0.373]",0.2932330827067669
36682,0.2172420890823505,"(0.2, 0.234]",0.26605504587155965
36683,0.24437633935766012,"(0.234, 0.269]",0.34057971014492755
36684,0.3186622687283925,"(0.303, 0.338]",0.26
36685,0.3719936567637254,"(0.338, 0.373]",0.22448979591836735
36686,0.3198261701689286,"(0.303, 0.338]",0.20245398773006135
36687,0.15533935659637926,"(0.131, 0.165]",0.1907514450867052
36688,0.3402773796503299,"(0.338, 0.373]",0.2
36690,-0.012233768797384227,"(-0.042, -0.00742]",0.19858156028368795
36692,0.41840624538043775,"(0.407, 0.442]",0.20915032679738563
36693,0.32610738019480145,"(0.303, 0.338]",0.2111801242236025
36694,0.33670745535974617,"(0.303, 0.338]",0.2389937106918239
36695,0.3709946837152591,"(0.338, 0.373]",0.2482758620689655
36696,0.34868018107797005,"(0.338, 0.373]",0.23577235772357724
36698,0.3789933289559583,"(0.373, 0.407]",0.2972972972972973
36699,0.30466065070069415,"(0.303, 0.338]",0.271523178807947
36700,0.32753459755475883,"(0.303, 0.338]",0.1986754966887417
36701,0.3682558349969396,"(0.338, 0.373]",0.19310344827586207
36709,0.40379646663521584,"(0.373, 0.407]",0.19553072625698323
36710,0.36691379175743194,"(0.338, 0.373]",0.2085889570552147
36711,0.30739107927114767,"(0.303, 0.338]",0.23134328358208955
36712,0.3819429782644137,"(0.373, 0.407]",0.1984732824427481
36713,0.35643987712156605,"(0.338, 0.373]",0.20408163265306123
36714,0.37446473269749075,"(0.373, 0.407]",0.24203821656050956
36729,0.3419583169760876,"(0.338, 0.373]",0.18857142857142858
36730,0.36677488708809025,"(0.338, 0.373]",0.16463414634146342
36732,0.3802227356017013,"(0.373, 0.407]",0.18674698795180722
36745,0.26365266858958003,"(0.234, 0.269]",0.275
36749,0.33486799238825066,"(0.303, 0.338]",0.2079207920792079
36750,0.30542421239638734,"(0.303, 0.338]",0.17204301075268819
36765,0.31230601468121194,"(0.303, 0.338]",0.25157232704402516
36766,0.3653355872087633,"(0.338, 0.373]",0.2722222222222222
36767,0.3031442876203693,"(0.269, 0.303]",0.22994652406417113
36787,0.24777782259193745,"(0.234, 0.269]",0.2905405405405405
36788,0.34367058911552734,"(0.338, 0.373]",0.26136363636363635
36789,0.3575020121029699,"(0.338, 0.373]",0.24615384615384617
36810,0.3422638089098541,"(0.338, 0.373]",0.29770992366412213
36811,0.23137102116369962,"(0.2, 0.234]",0.2391304347826087
36812,0.2653691198076104,"(0.234, 0.269]",0.24050632911392406
36835,0.40871521669154515,"(0.407, 0.442]",0.2534246575342466
36862,0.4233407535350509,"(0.407, 0.442]",0.14285714285714285
36863,0.2962049122626478,"(0.269, 0.303]",0.15
36864,0.4236603356086909,"(0.407, 0.442]",0.15555555555555556
36865,0.35654428466700056,"(0.338, 0.373]",0.235
36891,0.3278010200778903,"(0.303, 0.338]",0.21138211382113822
36892,0.39039360270808227,"(0.373, 0.407]",0.1610738255033557
36918,0.26987882126641033,"(0.269, 0.303]",0.1652892561983471
36919,0.19182841509440618,"(0.165, 0.2]",0.14492753623188406
36920,0.28158512693762033,"(0.269, 0.303]",0.18
36921,0.3673273028513243,"(0.338, 0.373]",0.20382165605095542
36922,0.3025540835155071,"(0.269, 0.303]",0.20245398773006135
36923,0.24732624000460351,"(0.234, 0.269]",0.21084337349397592
36950,0.34199180962944187,"(0.338, 0.373]",0.20967741935483872
36951,0.33975308309269087,"(0.338, 0.373]",0.17647058823529413
36952,0.33408239297988257,"(0.303, 0.338]",0.1917808219178082
36953,0.2811543089767542,"(0.269, 0.303]",0.21264367816091953
36954,0.2625937155036298,"(0.234, 0.269]",0.16483516483516483
36955,0.21329988621673282,"(0.2, 0.234]",0.18617021276595744
36956,0.3209819635383617,"(0.303, 0.338]",0.19318181818181818
36957,0.3144235233963323,"(0.303, 0.338]",0.1907514450867052
36985,0.06998180207130536,"(0.0617, 0.0962]",0.16379310344827586
36986,0.2563986611378355,"(0.234, 0.269]",0.13013698630136986
36987,0.22917679717849615,"(0.2, 0.234]",0.12837837837837837
36988,0.17491429536082886,"(0.165, 0.2]",0.20238095238095238
36989,0.3104343616513891,"(0.303, 0.338]",0.1977401129943503
36990,0.27881717669604,"(0.269, 0.303]",0.2159090909090909
37022,0.1033165311579113,"(0.0962, 0.131]",0.1732283464566929
37023,0.13953960329784043,"(0.131, 0.165]",0.15555555555555556
37025,0.12369587617154684,"(0.0962, 0.131]",0.13953488372093023
37026,0.20737505525182204,"(0.2, 0.234]",0.1411042944785276
37027,0.3667275409352109,"(0.338, 0.373]",0.1907514450867052
37028,0.2898996553255692,"(0.269, 0.303]",0.17045454545454544
37061,0.26978623770247157,"(0.269, 0.303]",0.1456953642384106
37062,0.06827786443406023,"(0.0617, 0.0962]",0.16455696202531644
37783,0.2957130199009441,"(0.269, 0.303]",0.20666666666666667
37784,0.22745469935776866,"(0.2, 0.234]",0.18439716312056736
37791,0.2449718046638752,"(0.234, 0.269]",0.17266187050359713
37809,0.1919501875865613,"(0.165, 0.2]",0.1076923076923077
37818,0.19032599577545134,"(0.165, 0.2]",0.125
37819,0.24746711901165924,"(0.234, 0.269]",0.12408759124087591
37820,0.2742347715638253,"(0.269, 0.303]",0.09923664122137404
37821,0.2794688836656411,"(0.269, 0.303]",0.1111111111111111
37822,0.24148924401187497,"(0.234, 0.269]",0.14482758620689656
37823,0.231279024446174,"(0.2, 0.234]",0.20666666666666667
37824,0.2819915035007455,"(0.269, 0.303]",0.23225806451612904
37825,0.2023573649203456,"(0.2, 0.234]",0.25
37833,0.19669288868387122,"(0.165, 0.2]",0.12582781456953643
37834,0.2844327042400233,"(0.269, 0.303]",0.11409395973154363
37835,0.24765188141084782,"(0.234, 0.269]",0.07913669064748201
37836,0.20658563868367943,"(0.2, 0.234]",0.125
37837,0.21648358631720702,"(0.2, 0.234]",0.15714285714285714
37838,0.19650631877286623,"(0.165, 0.2]",0.20437956204379562
37839,0.26963858404846053,"(0.269, 0.303]",0.24285714285714285
37840,0.27162855816856246,"(0.269, 0.303]",0.25
37848,0.22288098139508725,"(0.2, 0.234]",0.12418300653594772
37849,0.22182369656867307,"(0.2, 0.234]",0.11842105263157894
37850,0.20767197877574547,"(0.2, 0.234]",0.13245033112582782
37851,0.19422420029142154,"(0.165, 0.2]",0.1592356687898089
37852,0.21443829479403065,"(0.2, 0.234]",0.17687074829931973
37853,0.14903984295550957,"(0.131, 0.165]",0.2328767123287671
37854,0.27284477083891656,"(0.269, 0.303]",0.2647058823529412
37859,0.25329859783828346,"(0.234, 0.269]",0.13157894736842105
37860,0.22730347055597094,"(0.2, 0.234]",0.1317365269461078
37861,0.25635597034475993,"(0.234, 0.269]",0.15337423312883436
37862,0.20526563248487664,"(0.2, 0.234]",0.17901234567901234
37863,0.24269889779295045,"(0.234, 0.269]",0.189873417721519
37864,0.2285866788253484,"(0.2, 0.234]",0.22297297297297297
37865,0.26700353666322074,"(0.234, 0.269]",0.24285714285714285
37866,0.21917147771700735,"(0.2, 0.234]",0.14393939393939395
37867,0.18130375125379,"(0.165, 0.2]",0.18181818181818182
37868,0.23703479371516178,"(0.234, 0.269]",0.21641791044776118
37869,0.2673511889741145,"(0.234, 0.269]",0.21951219512195122
37870,0.3707098179125823,"(0.338, 0.373]",0.12337662337662338
37871,0.4210198687943669,"(0.407, 0.442]",0.15527950310559005
37875,0.3742880948421365,"(0.373, 0.407]",0.11728395061728394
37876,0.24429777261915964,"(0.234, 0.269]",0.11949685534591195
37877,0.33558068261557367,"(0.303, 0.338]",0.1206896551724138
37878,0.3826723557545601,"(0.373, 0.407]",0.14534883720930233
37889,0.22748699985023313,"(0.2, 0.234]",0.08383233532934131
37890,0.26931734325369366,"(0.269, 0.303]",0.09523809523809523
37891,0.36613183381730896,"(0.338, 0.373]",0.14130434782608695
37892,0.3325091895102351,"(0.303, 0.338]",0.19553072625698323
37906,0.3627163230939421,"(0.338, 0.373]",0.09696969696969697
37907,0.3981693817390105,"(0.373, 0.407]",0.11176470588235295
37908,0.2631252250754584,"(0.234, 0.269]",0.16042780748663102
37909,0.43773629402430625,"(0.407, 0.442]",0.2303370786516854
37925,0.3985771574252627,"(0.373, 0.407]",0.05917159763313609
37926,0.38475352278134456,"(0.373, 0.407]",0.08187134502923976
37927,0.4193330697224638,"(0.407, 0.442]",0.11290322580645161
37928,0.26953016792638806,"(0.269, 0.303]",0.16756756756756758
37929,0.1616064353472071,"(0.131, 0.165]",0.2616279069767442
37930,0.23936732758597257,"(0.234, 0.269]",0.4176470588235294
37937,0.38066764997112523,"(0.373, 0.407]",0.6141732283464567
37953,0.416512978117129,"(0.407, 0.442]",0.07926829268292683
37954,0.3654212368778035,"(0.338, 0.373]",0.10588235294117647
37955,0.37528032238899683,"(0.373, 0.407]",0.1497326203208556
37956,0.3403901811831555,"(0.338, 0.373]",0.24293785310734464
37957,-0.02711481471472886,"(-0.042, -0.00742]",0.3433734939759036
37962,0.34954393656141486,"(0.338, 0.373]",0.6640926640926641
37963,0.3692792337229126,"(0.338, 0.373]",0.497737556561086
37964,0.30323844110952053,"(0.269, 0.303]",0.29493087557603687
37965,0.42521898381827705,"(0.407, 0.442]",0.18018018018018017
37987,0.306483705016309,"(0.303, 0.338]",0.08383233532934131
37988,0.3791624132545996,"(0.373, 0.407]",0.07954545454545454
37989,0.3775266033626556,"(0.373, 0.407]",0.11363636363636363
37990,0.39762490663923283,"(0.373, 0.407]",0.15819209039548024
37993,0.19215931354545351,"(0.165, 0.2]",0.7888446215139442
37994,0.3063844206091153,"(0.303, 0.338]",0.70995670995671
37995,0.3664491659674128,"(0.338, 0.373]",0.5493562231759657
37996,0.3451219907246184,"(0.338, 0.373]",0.38190954773869346
37997,0.43637370588961927,"(0.407, 0.442]",0.24537037037037038
38020,0.3064295096633028,"(0.303, 0.338]",0.0759493670886076
38021,0.2603374273647513,"(0.234, 0.269]",0.06395348837209303
38022,0.2553673987673361,"(0.234, 0.269]",0.09770114942528736
38023,0.35812061537917866,"(0.338, 0.373]",0.15083798882681565
38024,0.39771464209890167,"(0.373, 0.407]",0.24848484848484848
38025,0.3892972851862561,"(0.373, 0.407]",0.3581081081081081
38026,0.3391781468825577,"(0.338, 0.373]",0.40594059405940597
38027,0.44113363417199325,"(0.407, 0.442]",0.263681592039801
38028,0.37615505768171414,"(0.373, 0.407]",0.19369369369369369
38029,0.3498156129585668,"(0.338, 0.373]",0.14782608695652175
38059,0.3005181156073325,"(0.269, 0.303]",0.0975609756097561
38060,0.2478557315266247,"(0.234, 0.269]",0.0975609756097561
38061,0.21554311066236456,"(0.2, 0.234]",0.1317365269461078
38062,0.38184875810271235,"(0.373, 0.407]",0.19760479041916168
38063,0.38744476002743383,"(0.373, 0.407]",0.2857142857142857
38065,0.3849041544862584,"(0.373, 0.407]",0.22790697674418606
38066,0.3402185873989289,"(0.338, 0.373]",0.188
38067,0.42397321376847585,"(0.407, 0.442]",0.15354330708661418
38097,0.3132661522290219,"(0.303, 0.338]",0.11931818181818182
38098,0.2761724834755872,"(0.269, 0.303]",0.10303030303030303
38099,0.29726957212591126,"(0.269, 0.303]",0.1402439024390244
38100,0.39089500502649505,"(0.373, 0.407]",0.1761006289308176
38103,0.40089157810590853,"(0.373, 0.407]",0.1958762886597938
38104,0.3317683888759391,"(0.303, 0.338]",0.17937219730941703
38136,0.2531603981454661,"(0.234, 0.269]",0.15
38137,0.35955671992816396,"(0.338, 0.373]",0.12987012987012986
38139,0.45833074874169494,"(0.442, 0.476]",0.19230769230769232
38143,0.30873724885692966,"(0.303, 0.338]",0.18041237113402062
38144,0.3178806716604295,"(0.303, 0.338]",0.1574074074074074
38177,0.41679502470429175,"(0.407, 0.442]",0.13333333333333333
38178,0.38232602726351894,"(0.373, 0.407]",0.1323529411764706
38186,0.4161490669932912,"(0.407, 0.442]",0.17964071856287425
38216,0.39270468354682775,"(0.373, 0.407]",0.1437908496732026
38217,0.45211067714270436,"(0.442, 0.476]",0.12878787878787878
38224,0.360371220075733,"(0.338, 0.373]",0.2138728323699422
38225,0.39601211510222756,"(0.373, 0.407]",0.16574585635359115
38226,0.42252713619271953,"(0.407, 0.442]",0.1488095238095238
38256,0.2999045462417933,"(0.269, 0.303]",0.1360544217687075
38257,0.24718243881831248,"(0.234, 0.269]",0.128
38264,0.45481214092117356,"(0.442, 0.476]",0.29608938547486036
38265,0.4285163133716541,"(0.407, 0.442]",0.17708333333333334
38266,0.41625651385735424,"(0.407, 0.442]",0.13793103448275862
38300,0.41600509063047647,"(0.407, 0.442]",0.09420289855072464
38301,0.4173127471989733,"(0.407, 0.442]",0.11805555555555555
38302,0.32965898664613996,"(0.303, 0.338]",0.16417910447761194
38309,0.39744928800932106,"(0.373, 0.407]",0.3850267379679144
38310,0.44448611332499666,"(0.442, 0.476]",0.24324324324324326
38311,0.3955924915802296,"(0.373, 0.407]",0.171875
38346,0.2732856366774738,"(0.269, 0.303]",0.10071942446043165
38348,0.4037951295264959,"(0.373, 0.407]",0.13286713286713286
38355,0.3640045531461786,"(0.338, 0.373]",0.32941176470588235
38356,0.38260389269274375,"(0.373, 0.407]",0.20833333333333334
38395,0.34203329823122947,"(0.338, 0.373]",0.08571428571428572
38396,0.3815689626415565,"(0.373, 0.407]",0.0703125
38397,0.3360167569009153,"(0.303, 0.338]",0.08088235294117647
38403,0.24392994170863505,"(0.234, 0.269]",0.7198275862068966
38404,0.46091809442744225,"(0.442, 0.476]",0.4508670520231214
38405,0.32186696020441324,"(0.303, 0.338]",0.2710843373493976
38447,0.3174420574924124,"(0.303, 0.338]",0.06622516556291391
38448,0.34828224047495177,"(0.338, 0.373]",0.06802721088435375
38449,0.43985792574758087,"(0.407, 0.442]",0.06428571428571428
38450,0.42606021609032585,"(0.407, 0.442]",0.0896551724137931
38456,0.3337730253330186,"(0.303, 0.338]",0.6747572815533981
38457,0.4472145803147364,"(0.442, 0.476]",0.5248618784530387
38458,0.4119062788434899,"(0.407, 0.442]",0.3373493975903614
38459,0.31038498896740685,"(0.303, 0.338]",0.23255813953488372
38504,0.28605665985830436,"(0.269, 0.303]",0.03424657534246575
38505,0.22099282017427274,"(0.2, 0.234]",0.044444444444444446
38506,0.42018905536182166,"(0.407, 0.442]",0.06349206349206349
38512,0.3680738243184927,"(0.338, 0.373]",0.5970149253731343
38513,0.21308842014909601,"(0.2, 0.234]",0.43575418994413406
38514,0.4265444800625155,"(0.407, 0.442]",0.25949367088607594
38515,0.3354508110818461,"(0.303, 0.338]",0.20238095238095238
38559,0.3880653124652628,"(0.373, 0.407]",0.043478260869565216
38560,0.35314227381540664,"(0.338, 0.373]",0.0425531914893617
38567,0.4385287508374839,"(0.407, 0.442]",0.38764044943820225
38568,0.36615304953262473,"(0.338, 0.373]",0.2125
38569,0.34658519267610133,"(0.338, 0.373]",0.18235294117647058
38618,0.25286335110352887,"(0.234, 0.269]",0.0364963503649635
38619,0.35759782229625575,"(0.338, 0.373]",0.045454545454545456
38626,0.4303655250865896,"(0.407, 0.442]",0.4941860465116279
38627,0.3217498285378607,"(0.303, 0.338]",0.30538922155688625
38628,0.3578034844422808,"(0.338, 0.373]",0.14450867052023122
38677,0.22359863695508433,"(0.2, 0.234]",0.06521739130434782
38678,0.2769390718940843,"(0.269, 0.303]",0.07518796992481203
38679,0.3515018087972647,"(0.338, 0.373]",0.6080402010050251
38685,0.44400339122565663,"(0.442, 0.476]",0.27218934911242604
38686,0.281238158269189,"(0.269, 0.303]",0.14857142857142858
38737,0.4232193442936239,"(0.407, 0.442]",0.08391608391608392
38738,0.4156218696180209,"(0.407, 0.442]",0.11029411764705882
38744,0.3803103737274348,"(0.373, 0.407]",0.3548387096774194
38745,0.355212748140444,"(0.338, 0.373]",0.23076923076923078
38798,0.26769761089685407,"(0.234, 0.269]",0.11029411764705882
38799,0.4059932578962105,"(0.373, 0.407]",0.13333333333333333
38804,0.423786719286781,"(0.407, 0.442]",0.17857142857142858
38852,0.4538711299806792,"(0.442, 0.476]",0.1527777777777778
38857,0.30012574621320354,"(0.269, 0.303]",0.18666666666666668
38902,0.3523324273989763,"(0.338, 0.373]",0.06756756756756757
38904,0.42321538011978643,"(0.407, 0.442]",0.1223021582733813
38905,0.4210862205961701,"(0.407, 0.442]",0.18181818181818182
38906,0.445633990469223,"(0.442, 0.476]",0.23703703703703705
38907,0.18733040990840405,"(0.165, 0.2]",0.7028301886792453
38911,0.3291274389038638,"(0.303, 0.338]",0.22784810126582278
38912,0.19023104084861253,"(0.165, 0.2]",0.17261904761904762
38953,0.3036797672134486,"(0.303, 0.338]",0.12429378531073447
38954,0.3725185223440974,"(0.338, 0.373]",0.11728395061728394
38955,0.2983896406115709,"(0.269, 0.303]",0.09615384615384616
38956,0.2922727856288111,"(0.269, 0.303]",0.0851063829787234
38957,0.38245053528527945,"(0.373, 0.407]",0.13432835820895522
38958,0.40179091718625154,"(0.373, 0.407]",0.2116788321167883
38959,0.4360598796546335,"(0.407, 0.442]",0.3246753246753247
39003,0.19486530209368005,"(0.165, 0.2]",0.13978494623655913
39004,0.18101328369283845,"(0.165, 0.2]",0.13095238095238096
39005,0.36276348215024595,"(0.338, 0.373]",0.1144578313253012
39006,0.30192172892161623,"(0.269, 0.303]",0.08450704225352113
39007,0.37111883908253884,"(0.338, 0.373]",0.125
39008,0.4332820502843962,"(0.407, 0.442]",0.2
39009,0.3966609941357867,"(0.373, 0.407]",0.30434782608695654
39012,0.4088322907110939,"(0.407, 0.442]",0.4482758620689655
39013,0.3813122824943793,"(0.373, 0.407]",0.3231707317073171
39054,0.3508024241516656,"(0.338, 0.373]",0.1534090909090909
39055,0.34251201936209336,"(0.338, 0.373]",0.15846994535519127
39056,0.36936694636708073,"(0.338, 0.373]",0.16
39057,0.14204531254661007,"(0.131, 0.165]",0.14634146341463414
39058,0.2977663346551949,"(0.269, 0.303]",0.12883435582822086
39059,0.3690243291420277,"(0.338, 0.373]",0.09210526315789473
39060,0.4039671121688343,"(0.373, 0.407]",0.1282051282051282
39061,0.4232933981053965,"(0.407, 0.442]",0.20754716981132076
39062,0.41844561727825497,"(0.407, 0.442]",0.3057324840764331
39067,0.3561906789822374,"(0.338, 0.373]",0.38764044943820225
39068,0.3203595645080425,"(0.303, 0.338]",0.28488372093023256
39111,0.2528621102922172,"(0.234, 0.269]",0.18181818181818182
39112,0.3529519904469481,"(0.338, 0.373]",0.18497109826589594
39113,0.22513947880180563,"(0.2, 0.234]",0.15568862275449102
39114,0.3322798463613986,"(0.303, 0.338]",0.12941176470588237
39115,0.34704212304948767,"(0.338, 0.373]",0.08284023668639054
39116,0.37049878885890397,"(0.338, 0.373]",0.12209302325581395
39117,0.37912508942697654,"(0.373, 0.407]",0.20238095238095238
39118,0.3867488448138473,"(0.373, 0.407]",0.32727272727272727
39122,0.2684448785495867,"(0.234, 0.269]",0.7238805970149254
39123,0.3059228310461336,"(0.303, 0.338]",0.6569037656903766
39124,0.40833894667760684,"(0.407, 0.442]",0.4486486486486487
39125,0.3391509308413034,"(0.338, 0.373]",0.3072289156626506
39126,0.3962707086211072,"(0.373, 0.407]",0.2392638036809816
39127,0.3646912830457664,"(0.338, 0.373]",0.19883040935672514
39174,0.4157963362880873,"(0.407, 0.442]",0.1702127659574468
39175,0.24967277681638128,"(0.234, 0.269]",0.17159763313609466
39176,0.24107848860920897,"(0.234, 0.269]",0.12727272727272726
39177,0.3506779434380157,"(0.338, 0.373]",0.09146341463414634
39178,0.2993146403046765,"(0.269, 0.303]",0.05747126436781609
39179,0.33494207757355926,"(0.303, 0.338]",0.11731843575418995
39180,0.4167285249159193,"(0.407, 0.442]",0.22777777777777777
39181,0.37217732188245595,"(0.338, 0.373]",0.3463687150837989
39182,0.3875756550392475,"(0.373, 0.407]",0.5491329479768786
39183,0.2357618606640391,"(0.234, 0.269]",0.6855670103092784
39184,0.28233702143670114,"(0.269, 0.303]",0.7211538461538461
39188,0.3407026292128057,"(0.338, 0.373]",0.7170542635658915
39189,0.38149471147126457,"(0.373, 0.407]",0.6320346320346321
39190,0.380020874185302,"(0.373, 0.407]",0.4198895027624309
39191,0.30776656753281917,"(0.303, 0.338]",0.2865853658536585
39192,0.3654871213440807,"(0.338, 0.373]",0.2422360248447205
39193,0.322897668267377,"(0.303, 0.338]",0.21875
39242,0.28344300274823786,"(0.269, 0.303]",0.18023255813953487
39243,0.22011038800468738,"(0.2, 0.234]",0.18902439024390244
39244,0.2866675397647454,"(0.269, 0.303]",0.12727272727272726
39245,0.2731669682881591,"(0.269, 0.303]",0.09433962264150944
39246,0.3268410070466711,"(0.303, 0.338]",0.08284023668639054
39247,0.3292789395436112,"(0.303, 0.338]",0.1657142857142857
39248,0.4348390060991415,"(0.407, 0.442]",0.2891566265060241
39249,0.36434300912276885,"(0.338, 0.373]",0.4127906976744186
39251,0.32887093849155274,"(0.303, 0.338]",0.75
39252,0.21353527589997176,"(0.2, 0.234]",0.7266187050359713
39253,0.34290450233661834,"(0.338, 0.373]",0.724907063197026
39254,0.3242379722143887,"(0.303, 0.338]",0.6904761904761905
39255,0.3346400109212284,"(0.303, 0.338]",0.6139534883720931
39256,0.4500944072164576,"(0.442, 0.476]",0.36470588235294116
39257,0.33902055259890496,"(0.338, 0.373]",0.2356687898089172
39258,0.34418449360367254,"(0.338, 0.373]",0.21875
39259,0.2330351502643503,"(0.2, 0.234]",0.1952662721893491
39311,0.2574513190190795,"(0.234, 0.269]",0.1952662721893491
39312,0.21076699999442716,"(0.2, 0.234]",0.13580246913580246
39313,0.27663626722636925,"(0.269, 0.303]",0.09285714285714286
39314,0.39087785582949514,"(0.373, 0.407]",0.09333333333333334
39315,0.22789049563079275,"(0.2, 0.234]",0.17532467532467533
39316,0.39318870151995067,"(0.373, 0.407]",0.4161849710982659
39321,0.2732482014911482,"(0.269, 0.303]",0.7132075471698113
39322,0.3137325661266482,"(0.303, 0.338]",0.6964980544747081
39323,0.39004176550598996,"(0.373, 0.407]",0.672645739910314
39324,0.40943773538526146,"(0.407, 0.442]",0.32894736842105265
39325,0.33574134857944243,"(0.303, 0.338]",0.20422535211267606
39326,0.2777474456613417,"(0.269, 0.303]",0.19463087248322147
39327,0.21404213198690036,"(0.2, 0.234]",0.1794871794871795
39328,0.2627673024080647,"(0.234, 0.269]",0.14201183431952663
39378,0.3182074052855674,"(0.303, 0.338]",0.1893491124260355
39379,0.35586138843918835,"(0.338, 0.373]",0.1346153846153846
39380,0.3149160377544889,"(0.303, 0.338]",0.10144927536231885
39381,0.3026962797009192,"(0.269, 0.303]",0.12318840579710146
39382,0.40930457562764205,"(0.407, 0.442]",0.5714285714285714
39383,0.3497597221629719,"(0.338, 0.373]",0.6285714285714286
39384,0.37408021247033274,"(0.373, 0.407]",0.7051282051282052
39386,0.3502257942945165,"(0.338, 0.373]",0.7439024390243902
39388,0.3617991211522797,"(0.338, 0.373]",0.7272727272727273
39389,0.40765442271522717,"(0.407, 0.442]",0.47530864197530864
39390,0.44336693561523166,"(0.442, 0.476]",0.32653061224489793
39391,0.2701416845882561,"(0.269, 0.303]",0.20567375886524822
39392,0.2518506070954442,"(0.234, 0.269]",0.1888111888111888
39443,0.40915129934494343,"(0.407, 0.442]",0.20382165605095542
39444,0.25828019112082373,"(0.234, 0.269]",0.16778523489932887
39445,0.3241709872144506,"(0.303, 0.338]",0.15714285714285714
39446,0.26858143738949447,"(0.234, 0.269]",0.1865671641791045
39447,0.38526012999756676,"(0.373, 0.407]",0.5373134328358209
39448,0.29230750110350945,"(0.269, 0.303]",0.6135265700483091
39453,0.34404792860298145,"(0.338, 0.373]",0.5677083333333334
39454,0.42284313852372135,"(0.407, 0.442]",0.42011834319526625
39455,0.39660928934886236,"(0.373, 0.407]",0.2662337662337662
39456,0.36182536376832175,"(0.338, 0.373]",0.17197452229299362
39457,0.2659464663388682,"(0.234, 0.269]",0.1656441717791411
39504,0.4111304596821356,"(0.407, 0.442]",0.1694915254237288
39505,0.2931035131049632,"(0.269, 0.303]",0.18633540372670807
39506,0.43672273036817083,"(0.407, 0.442]",0.18823529411764706
39507,0.3347375794146837,"(0.303, 0.338]",0.1962025316455696
39508,0.35297791865521216,"(0.338, 0.373]",0.18
39509,0.35751516176056675,"(0.338, 0.373]",0.2214765100671141
39510,0.3370071040517488,"(0.303, 0.338]",0.5533980582524272
39511,0.33732341470505445,"(0.303, 0.338]",0.6113744075829384
39516,0.3839372132964106,"(0.373, 0.407]",0.6345177664974619
39517,0.31288604070596254,"(0.303, 0.338]",0.48404255319148937
39518,0.3806662070619244,"(0.373, 0.407]",0.34831460674157305
39519,0.35405460136709904,"(0.338, 0.373]",0.2468354430379747
39520,0.3942659733529541,"(0.373, 0.407]",0.16875
39521,0.3519697164106216,"(0.338, 0.373]",0.14814814814814814
39565,0.3771517959187455,"(0.373, 0.407]",0.13333333333333333
39566,0.4133620649296929,"(0.407, 0.442]",0.18023255813953487
39567,0.40921648119765547,"(0.407, 0.442]",0.19631901840490798
39568,0.28423612646032936,"(0.269, 0.303]",0.18292682926829268
39569,0.38095691229243783,"(0.373, 0.407]",0.20245398773006135
39570,0.32570660315204186,"(0.303, 0.338]",0.2073170731707317
39571,0.39207792826619964,"(0.373, 0.407]",0.2848101265822785
39572,0.2812055789422694,"(0.269, 0.303]",0.38311688311688313
39573,0.34201926930254467,"(0.338, 0.373]",0.4695121951219512
39574,0.3285803618997865,"(0.303, 0.338]",0.6813725490196079
39575,0.31642489152972697,"(0.303, 0.338]",0.6262135922330098
39576,0.4167455653516264,"(0.407, 0.442]",0.5538461538461539
39577,0.3364980318693247,"(0.303, 0.338]",0.3932038834951456
39578,0.4027736010208081,"(0.373, 0.407]",0.3112244897959184
39579,0.3657878533040181,"(0.338, 0.373]",0.2033898305084746
39580,0.40273163715251764,"(0.373, 0.407]",0.16574585635359115
39581,0.2876281895153502,"(0.269, 0.303]",0.16091954022988506
39623,0.37496118122287153,"(0.373, 0.407]",0.1746031746031746
39624,0.36425505181598844,"(0.338, 0.373]",0.2019704433497537
39625,0.3142744124463174,"(0.303, 0.338]",0.19148936170212766
39626,0.3724206073078286,"(0.338, 0.373]",0.18857142857142858
39627,0.2603427836979666,"(0.234, 0.269]",0.2247191011235955
39628,0.4090899625105339,"(0.407, 0.442]",0.24096385542168675
39629,0.38806788639903156,"(0.373, 0.407]",0.33125
39630,0.3895864179855022,"(0.373, 0.407]",0.42207792207792205
39631,0.35480280148309784,"(0.338, 0.373]",0.6256410256410256
39632,0.3451700955051277,"(0.338, 0.373]",0.5103092783505154
39633,0.339955155897657,"(0.338, 0.373]",0.41798941798941797
39634,0.39280194447877437,"(0.373, 0.407]",0.30049261083743845
39635,0.36309158840199357,"(0.338, 0.373]",0.225
39636,0.3060325179384617,"(0.303, 0.338]",0.17391304347826086
39637,0.3354650705707867,"(0.303, 0.338]",0.1711229946524064
39638,0.3592412261409745,"(0.338, 0.373]",0.1564245810055866
39678,0.42075389017862097,"(0.407, 0.442]",0.2048780487804878
39679,0.30771624346452897,"(0.303, 0.338]",0.2119815668202765
39680,0.2892626052149468,"(0.269, 0.303]",0.18274111675126903
39681,0.27416748353157055,"(0.269, 0.303]",0.1813186813186813
39682,0.34029445413552856,"(0.338, 0.373]",0.23655913978494625
39683,0.4312695422905669,"(0.407, 0.442]",0.2694610778443114
39685,0.4341570945342644,"(0.407, 0.442]",0.47305389221556887
39686,0.2526775110840961,"(0.234, 0.269]",0.4644808743169399
39687,0.2839412507005007,"(0.269, 0.303]",0.35638297872340424
39688,0.3414550010965628,"(0.338, 0.373]",0.27450980392156865
39689,0.2922837926221603,"(0.269, 0.303]",0.21951219512195122
39690,0.37796737378587747,"(0.373, 0.407]",0.1891891891891892
39691,0.2591680894825728,"(0.234, 0.269]",0.17613636363636365
39733,0.41125602425289703,"(0.407, 0.442]",0.23963133640552994
39734,0.4014415800151472,"(0.373, 0.407]",0.26146788990825687
39735,0.24467422246167686,"(0.234, 0.269]",0.21025641025641026
39736,0.3778552430371022,"(0.373, 0.407]",0.2
39737,0.36351087409062677,"(0.338, 0.373]",0.2542372881355932
39738,0.3664600986981625,"(0.338, 0.373]",0.29878048780487804
39739,0.41810317809433856,"(0.407, 0.442]",0.4166666666666667
39740,0.4165551028880609,"(0.407, 0.442]",0.49696969696969695
39741,0.3596727171150458,"(0.338, 0.373]",0.44
39742,0.35582724015704353,"(0.338, 0.373]",0.31351351351351353
39743,0.35119441507916405,"(0.338, 0.373]",0.22660098522167488
39744,0.292442874016467,"(0.269, 0.303]",0.18048780487804877
39745,0.31119379082366366,"(0.303, 0.338]",0.16230366492146597
39787,0.42528952540778814,"(0.407, 0.442]",0.2619047619047619
39788,0.40738004426954944,"(0.407, 0.442]",0.23157894736842105
39789,0.3163303898431973,"(0.303, 0.338]",0.21764705882352942
39790,0.32513752911737415,"(0.303, 0.338]",0.27380952380952384
39791,0.39630345708661896,"(0.373, 0.407]",0.3057324840764331
39792,0.4207961586125219,"(0.407, 0.442]",0.4012345679012346
39793,0.37267445834760493,"(0.373, 0.407]",0.6021505376344086
39794,0.308926325306135,"(0.303, 0.338]",0.4692737430167598
39795,0.36397640830876105,"(0.338, 0.373]",0.3622448979591837
39796,0.3865929899322928,"(0.373, 0.407]",0.25125628140703515
39797,0.263943138139887,"(0.234, 0.269]",0.19289340101522842
39841,0.396495055083042,"(0.373, 0.407]",0.25
39842,0.39953753901260136,"(0.373, 0.407]",0.23870967741935484
39843,0.40810102914655494,"(0.407, 0.442]",0.2980132450331126
39844,0.3229940935425595,"(0.303, 0.338]",0.35947712418300654
39845,0.42254857122462,"(0.407, 0.442]",0.4339622641509434
39846,0.30125825488089797,"(0.269, 0.303]",0.5
39847,0.3205542259869796,"(0.303, 0.338]",0.40641711229946526
39848,0.24479989220980936,"(0.234, 0.269]",0.28272251308900526
39895,0.37478952405110816,"(0.373, 0.407]",0.3115942028985507
39896,0.3030536396712075,"(0.269, 0.303]",0.5064935064935064
39897,0.3159474761923813,"(0.303, 0.338]",0.425414364640884
39898,0.3668095828561123,"(0.338, 0.373]",0.2857142857142857
39946,0.4114796733209218,"(0.407, 0.442]",0.2773722627737226
39947,0.3778233298804708,"(0.373, 0.407]",0.5099337748344371
39948,0.30278966585094125,"(0.269, 0.303]",0.436046511627907
39949,0.3560712457078554,"(0.338, 0.373]",0.3058823529411765
39996,0.35143499874110884,"(0.338, 0.373]",0.275
39997,0.3136473791849694,"(0.303, 0.338]",0.27848101265822783
39998,0.35975066409479917,"(0.338, 0.373]",0.2896551724137931
39999,0.4397890059999882,"(0.407, 0.442]",0.34057971014492755
40000,0.3991848099687134,"(0.373, 0.407]",0.54
40001,0.23798219360682252,"(0.234, 0.269]",0.46710526315789475
40002,0.2873265055281478,"(0.269, 0.303]",0.40372670807453415
40003,0.3363290632486382,"(0.303, 0.338]",0.29878048780487804
40049,0.374039575907494,"(0.373, 0.407]",0.29239766081871343
40050,0.38541911519549366,"(0.373, 0.407]",0.2608695652173913
40051,0.35974266095862917,"(0.338, 0.373]",0.29012345679012347
40052,0.41969462297087307,"(0.407, 0.442]",0.2916666666666667
40053,0.40507902549592556,"(0.373, 0.407]",0.30656934306569344
40054,0.31849823551620593,"(0.303, 0.338]",0.5271739130434783
40055,0.429679842126554,"(0.407, 0.442]",0.5542857142857143
40056,0.3914212949432952,"(0.373, 0.407]",0.49122807017543857
40057,0.42062817266654345,"(0.407, 0.442]",0.45251396648044695
40058,0.39103560034974366,"(0.373, 0.407]",0.39156626506024095
40059,0.3884314825246727,"(0.373, 0.407]",0.28735632183908044
40060,0.40520619981853917,"(0.373, 0.407]",0.21354166666666666
40062,0.22931471981683846,"(0.2, 0.234]",0.10824742268041238
40104,0.34766810701345163,"(0.338, 0.373]",0.2389937106918239
40105,0.3945731728088503,"(0.373, 0.407]",0.25609756097560976
40106,0.30897249039816094,"(0.303, 0.338]",0.21935483870967742
40107,0.36306136273964645,"(0.338, 0.373]",0.24675324675324675
40108,0.4127401415844166,"(0.407, 0.442]",0.2733333333333333
40109,0.4624071199303646,"(0.442, 0.476]",0.2907801418439716
40110,0.339834748547089,"(0.338, 0.373]",0.45918367346938777
40111,0.46230118415040106,"(0.442, 0.476]",0.47540983606557374
40112,0.42873813375125974,"(0.407, 0.442]",0.4603174603174603
40113,0.312718870350522,"(0.303, 0.338]",0.47513812154696133
40114,0.3730485758171479,"(0.373, 0.407]",0.4371584699453552
40116,0.33649171277749995,"(0.303, 0.338]",0.3275862068965517
40117,0.2904277842311261,"(0.269, 0.303]",0.24867724867724866
40118,0.3118227513822212,"(0.303, 0.338]",0.185
40119,0.2803028178898484,"(0.269, 0.303]",0.15979381443298968
40120,0.35001079989095196,"(0.338, 0.373]",0.14646464646464646
40165,0.4057419712392461,"(0.373, 0.407]",0.23699421965317918
40166,0.3636916635867296,"(0.338, 0.373]",0.23841059602649006
40167,0.2412918720050499,"(0.234, 0.269]",0.2620689655172414
40168,0.3647305315144765,"(0.338, 0.373]",0.2905405405405405
40169,0.3794528865596708,"(0.373, 0.407]",0.43005181347150256
40170,0.3963320629206333,"(0.373, 0.407]",0.4486486486486487
40171,0.3789495231226532,"(0.373, 0.407]",0.4486486486486487
40172,0.3866738114532255,"(0.373, 0.407]",0.44148936170212766
40175,0.22004463160912363,"(0.2, 0.234]",0.2737430167597765
40176,0.33657729884843673,"(0.303, 0.338]",0.20967741935483872
40177,0.2852931872574578,"(0.269, 0.303]",0.1736842105263158
40178,0.19835536540086068,"(0.165, 0.2]",0.14285714285714285
40179,0.299008466085836,"(0.269, 0.303]",0.1407035175879397
40223,0.41101566416558466,"(0.407, 0.442]",0.21505376344086022
40224,0.32859873673747914,"(0.303, 0.338]",0.19021739130434784
40225,0.3735974278019419,"(0.373, 0.407]",0.20224719101123595
40226,0.4383685145506347,"(0.407, 0.442]",0.20496894409937888
40227,0.46395820426320805,"(0.442, 0.476]",0.2348993288590604
40228,0.3850821214831372,"(0.373, 0.407]",0.2866666666666667
40229,0.4038858250855462,"(0.373, 0.407]",0.3475177304964539
40230,0.3689410130484973,"(0.338, 0.373]",0.38513513513513514
40231,0.39542112374825084,"(0.373, 0.407]",0.3821656050955414
40232,0.4110673446054487,"(0.407, 0.442]",0.391304347826087
40233,0.4003364790599216,"(0.373, 0.407]",0.3854748603351955
40234,0.41673357537835387,"(0.407, 0.442]",0.40425531914893614
40235,0.3962088889531409,"(0.373, 0.407]",0.415
40236,0.46579659838300813,"(0.442, 0.476]",0.37850467289719625
40237,0.37329035161918994,"(0.373, 0.407]",0.3380952380952381
40238,0.30554329972617833,"(0.303, 0.338]",0.3015075376884422
40239,0.3330147172473392,"(0.303, 0.338]",0.23497267759562843
40240,0.28111401893845117,"(0.269, 0.303]",0.20105820105820105
40241,0.3298145162330068,"(0.303, 0.338]",0.17801047120418848
40242,0.13363266509240757,"(0.131, 0.165]",0.14720812182741116
40288,0.40128178246033464,"(0.373, 0.407]",0.17058823529411765
40289,0.37256949597844985,"(0.373, 0.407]",0.1746987951807229
40290,0.30208863759317284,"(0.269, 0.303]",0.17721518987341772
40291,0.2645889819001929,"(0.234, 0.269]",0.18243243243243243
40292,0.34258429223625164,"(0.338, 0.373]",0.2611464968152866
40293,0.3713863066833653,"(0.338, 0.373]",0.3055555555555556
40294,0.42703100819297335,"(0.407, 0.442]",0.3475177304964539
40295,0.37930222380900297,"(0.373, 0.407]",0.3466666666666667
40296,0.39576530170159246,"(0.373, 0.407]",0.3202614379084967
40297,0.3733358641277578,"(0.373, 0.407]",0.3419354838709677
40298,0.4204679381948907,"(0.407, 0.442]",0.35119047619047616
40299,0.359194646944895,"(0.338, 0.373]",0.384180790960452
40300,0.4133277018376839,"(0.407, 0.442]",0.4114285714285714
40301,0.3988878032704649,"(0.373, 0.407]",0.3626943005181347
40302,0.3844122516445226,"(0.373, 0.407]",0.31666666666666665
40303,0.35301595463917096,"(0.338, 0.373]",0.26704545454545453
40304,0.3053205893783727,"(0.303, 0.338]",0.21714285714285714
40305,0.36624627428854434,"(0.338, 0.373]",0.192090395480226
40306,0.34040786978503945,"(0.338, 0.373]",0.2087912087912088
40354,0.35723138702432644,"(0.338, 0.373]",0.15976331360946747
40355,0.36417011362533713,"(0.338, 0.373]",0.1534090909090909
40356,0.33506066783040456,"(0.303, 0.338]",0.16149068322981366
40357,0.37631930966057775,"(0.373, 0.407]",0.17197452229299362
40358,0.39744969240246736,"(0.373, 0.407]",0.22560975609756098
40359,0.2938873520828865,"(0.269, 0.303]",0.26582278481012656
40360,0.37114457505711973,"(0.338, 0.373]",0.2830188679245283
40361,0.40646373873293334,"(0.373, 0.407]",0.2804878048780488
40362,0.39934791613124826,"(0.373, 0.407]",0.25
40363,0.38378255683152646,"(0.373, 0.407]",0.2903225806451613
40364,0.4092357506519365,"(0.407, 0.442]",0.3312883435582822
40365,0.4091687612209478,"(0.407, 0.442]",0.36
40366,0.4093419230817342,"(0.407, 0.442]",0.39325842696629215
40367,0.34812764378031597,"(0.338, 0.373]",0.32989690721649484
40368,0.3839104178450214,"(0.373, 0.407]",0.2905027932960894
40369,0.34475495694470826,"(0.338, 0.373]",0.26436781609195403
40370,0.4008017498227799,"(0.373, 0.407]",0.22285714285714286
40371,0.24784950265822503,"(0.234, 0.269]",0.2111111111111111
40421,0.38666217964716587,"(0.373, 0.407]",0.15757575757575756
40422,0.3151933133869449,"(0.303, 0.338]",0.17415730337078653
40423,0.29237606249358333,"(0.269, 0.303]",0.1566265060240964
40424,0.38485022226366583,"(0.373, 0.407]",0.18238993710691823
40425,0.4276075002805426,"(0.407, 0.442]",0.2236024844720497
40426,0.3658109851639122,"(0.338, 0.373]",0.23076923076923078
40427,0.3519457272588824,"(0.338, 0.373]",0.23870967741935484
40428,0.2857086226167693,"(0.269, 0.303]",0.22941176470588234
40429,0.3970644904672249,"(0.373, 0.407]",0.19767441860465115
40430,0.3937286398146792,"(0.373, 0.407]",0.22151898734177214
40431,0.3843618506864011,"(0.373, 0.407]",0.27607361963190186
40432,0.40383602038728883,"(0.373, 0.407]",0.2994011976047904
40433,0.3093824053628383,"(0.303, 0.338]",0.3352272727272727
40434,0.3854960079875922,"(0.373, 0.407]",0.28217821782178215
40435,0.41303838468520493,"(0.407, 0.442]",0.24867724867724866
40436,0.33437436087657785,"(0.303, 0.338]",0.23809523809523808
40437,0.34234535697628415,"(0.338, 0.373]",0.21081081081081082
40438,0.3218037206369162,"(0.303, 0.338]",0.20967741935483872
40490,0.19097353372486509,"(0.165, 0.2]",0.14906832298136646
40491,0.3621655641544488,"(0.338, 0.373]",0.1625
40492,0.3608909715039556,"(0.338, 0.373]",0.1781609195402299
40493,0.44193433997842174,"(0.442, 0.476]",0.1834319526627219
40494,0.4451042246344527,"(0.442, 0.476]",0.18562874251497005
40495,0.3841998542039924,"(0.373, 0.407]",0.1797752808988764
40496,0.3120327780316941,"(0.303, 0.338]",0.16666666666666666
40497,0.40399794924561316,"(0.373, 0.407]",0.19428571428571428
40498,0.33145879175580845,"(0.303, 0.338]",0.22099447513812154
40499,0.3071132370264892,"(0.303, 0.338]",0.2768361581920904
40500,0.44988774081863553,"(0.442, 0.476]",0.3058823529411765
40501,0.40475704360210296,"(0.373, 0.407]",0.2653061224489796
40502,0.295121215877943,"(0.269, 0.303]",0.24867724867724866
40503,0.3754129547694834,"(0.373, 0.407]",0.20634920634920634
40504,0.34120079709232654,"(0.338, 0.373]",0.2
40505,0.39629837907255705,"(0.373, 0.407]",0.21354166666666666
40557,0.3715828714639658,"(0.338, 0.373]",0.17714285714285713
40558,0.31150504119951467,"(0.303, 0.338]",0.1781609195402299
40559,0.42392038629803974,"(0.407, 0.442]",0.1657754010695187
40560,0.42567877155552825,"(0.407, 0.442]",0.1907514450867052
40561,0.45155786091736594,"(0.442, 0.476]",0.16279069767441862
40562,0.3829155023922805,"(0.373, 0.407]",0.16847826086956522
40563,0.376140382727066,"(0.373, 0.407]",0.17045454545454544
40564,0.3618266317631387,"(0.338, 0.373]",0.17415730337078653
40565,0.34345375575126735,"(0.338, 0.373]",0.21022727272727273
40567,0.3473855686942029,"(0.338, 0.373]",0.27932960893854747
40568,0.3414422720782446,"(0.338, 0.373]",0.22966507177033493
40569,0.3130465197541837,"(0.303, 0.338]",0.21153846153846154
40570,0.3506728451733935,"(0.338, 0.373]",0.17560975609756097
40571,0.33667229771185553,"(0.303, 0.338]",0.1568627450980392
40572,0.018860468073535367,"(-0.00742, 0.0271]",0.18461538461538463
40625,0.3899766690339417,"(0.373, 0.407]",0.18181818181818182
40626,0.31149509600932884,"(0.303, 0.338]",0.17346938775510204
40627,0.39849688090063984,"(0.373, 0.407]",0.17582417582417584
40628,0.3347142708255915,"(0.303, 0.338]",0.15384615384615385
40629,0.36572695842556546,"(0.338, 0.373]",0.17647058823529413
40630,0.3619493623077181,"(0.338, 0.373]",0.17318435754189945
40631,0.3322346549493579,"(0.303, 0.338]",0.15263157894736842
40634,0.3905826974626431,"(0.373, 0.407]",0.22994652406417113
40635,0.3623992062299831,"(0.338, 0.373]",0.2132701421800948
40636,0.305889360603616,"(0.303, 0.338]",0.19718309859154928
40637,0.31893802602140214,"(0.303, 0.338]",0.15566037735849056
40638,0.2873585954359178,"(0.269, 0.303]",0.13302752293577982
40689,0.3718572789606218,"(0.338, 0.373]",0.18848167539267016
40690,0.24664799410031127,"(0.234, 0.269]",0.16831683168316833
40691,0.2905982346856926,"(0.269, 0.303]",0.16037735849056603
40692,0.08059736928246594,"(0.0617, 0.0962]",0.15577889447236182
40693,0.34510945229858,"(0.338, 0.373]",0.14136125654450263
40694,0.3407940153864905,"(0.338, 0.373]",0.1702127659574468
40695,0.3401508802471901,"(0.338, 0.373]",0.1712707182320442
40696,0.36364705228509137,"(0.338, 0.373]",0.15544041450777202
40697,0.3673659298250931,"(0.338, 0.373]",0.15625
40698,0.37327456957270355,"(0.373, 0.407]",0.1717171717171717
40699,0.3710508319894819,"(0.338, 0.373]",0.19
40700,0.34122728538417685,"(0.338, 0.373]",0.19444444444444445
40701,0.3624445924702593,"(0.338, 0.373]",0.19617224880382775
40702,0.04023615186907407,"(0.0271, 0.0617]",0.16908212560386474
40754,0.4037043246192782,"(0.373, 0.407]",0.1956521739130435
40755,0.2701953417552487,"(0.269, 0.303]",0.19289340101522842
40756,0.31415236945071523,"(0.303, 0.338]",0.18779342723004694
40757,0.20543556191200588,"(0.2, 0.234]",0.16585365853658537
40758,0.2975344314728417,"(0.269, 0.303]",0.15270935960591134
40759,0.3883356172716067,"(0.373, 0.407]",0.17733990147783252
40760,0.3632976761754863,"(0.338, 0.373]",0.15760869565217392
40761,0.3017811633365819,"(0.269, 0.303]",0.15343915343915343
40763,0.2894395232302086,"(0.269, 0.303]",0.16483516483516483
40766,0.11321000169899588,"(0.0962, 0.131]",0.16751269035532995
40814,0.3704045357759736,"(0.338, 0.373]",0.20786516853932585
40815,0.3506533732574169,"(0.338, 0.373]",0.1813186813186813
40817,0.21607327736237594,"(0.2, 0.234]",0.1568627450980392
40818,0.2629660489671497,"(0.234, 0.269]",0.16
40820,0.33710479453102177,"(0.303, 0.338]",0.13846153846153847
40821,0.38260929695051304,"(0.373, 0.407]",0.140625
40822,0.30756531075138266,"(0.303, 0.338]",0.140625
40823,0.31024598391082914,"(0.303, 0.338]",0.13736263736263737
40871,0.2496006964473214,"(0.234, 0.269]",0.18181818181818182
40872,0.23340517855220017,"(0.2, 0.234]",0.1694915254237288
40873,0.20551078940667047,"(0.2, 0.234]",0.20207253886010362
40874,0.29802086301788827,"(0.269, 0.303]",0.15270935960591134
40878,0.3698021559528319,"(0.338, 0.373]",0.14136125654450263
40879,0.3673907664241529,"(0.338, 0.373]",0.13541666666666666
40880,0.30721515334005756,"(0.303, 0.338]",0.16374269005847952
40881,0.3366863336547174,"(0.303, 0.338]",0.1590909090909091
40936,0.31824772053513856,"(0.303, 0.338]",0.15789473684210525
40937,0.31590442123699175,"(0.303, 0.338]",0.14857142857142858
41786,0.40052957925188654,"(0.373, 0.407]",0.23741007194244604
41815,0.17160025993721015,"(0.165, 0.2]",0.16923076923076924
41825,0.2995841897669413,"(0.269, 0.303]",0.12
41826,0.2536659466531263,"(0.234, 0.269]",0.15503875968992248
41827,0.2686842971450913,"(0.234, 0.269]",0.16666666666666666
41828,0.2826770806685615,"(0.269, 0.303]",0.19736842105263158
41839,0.25778584577483826,"(0.234, 0.269]",0.15254237288135594
41840,0.2887364691542512,"(0.269, 0.303]",0.17518248175182483
41841,0.39467526796374847,"(0.373, 0.407]",0.2
41842,0.32907578971379176,"(0.303, 0.338]",0.19480519480519481
41843,0.3044575271456575,"(0.303, 0.338]",0.21019108280254778
41854,0.19785930936254453,"(0.165, 0.2]",0.17355371900826447
41855,0.2871633281098565,"(0.269, 0.303]",0.16666666666666666
41856,0.28982050633924905,"(0.269, 0.303]",0.15441176470588236
41857,0.3410715748837968,"(0.338, 0.373]",0.16326530612244897
41858,0.32596929737991986,"(0.303, 0.338]",0.1761006289308176
41870,0.255001650699333,"(0.234, 0.269]",0.248
41871,0.19744607431010044,"(0.165, 0.2]",0.21481481481481482
41872,0.3272271797140824,"(0.303, 0.338]",0.2246376811594203
41873,0.32651289195422506,"(0.303, 0.338]",0.21568627450980393
41874,0.3677182565619258,"(0.338, 0.373]",0.2251655629139073
41888,0.2760971475450166,"(0.269, 0.303]",0.25
41889,0.3915929657159661,"(0.373, 0.407]",0.25165562913907286
41890,0.36332906763347217,"(0.338, 0.373]",0.2517482517482518
41891,0.34597516381249677,"(0.338, 0.373]",0.22818791946308725
41892,0.27738682458827624,"(0.269, 0.303]",0.22377622377622378
41906,0.34286573917901775,"(0.338, 0.373]",0.2517482517482518
41907,0.36453964210556433,"(0.338, 0.373]",0.2695035460992908
41908,0.34164186853799056,"(0.338, 0.373]",0.25
41909,0.3064526705067933,"(0.303, 0.338]",0.24025974025974026
41910,0.30022456578616785,"(0.269, 0.303]",0.2484472049689441
41923,0.3438773417338638,"(0.338, 0.373]",0.25190839694656486
41924,0.36332123839384534,"(0.338, 0.373]",0.2608695652173913
41925,0.3546862000427189,"(0.338, 0.373]",0.2676056338028169
41926,0.35508698321384824,"(0.338, 0.373]",0.2710843373493976
41927,0.22740763250006316,"(0.2, 0.234]",0.28205128205128205
41928,0.2084679639747164,"(0.2, 0.234]",0.2962962962962963
41941,0.285628078466385,"(0.269, 0.303]",0.2578125
41942,0.311843244652376,"(0.303, 0.338]",0.25547445255474455
41943,0.258320241737065,"(0.234, 0.269]",0.23943661971830985
41944,0.3458218540055701,"(0.338, 0.373]",0.2422360248447205
41945,0.3919840026384789,"(0.373, 0.407]",0.23417721518987342
41946,0.16792211272004967,"(0.165, 0.2]",0.2608695652173913
41947,0.32912501572016656,"(0.303, 0.338]",0.2981366459627329
41959,0.2692524054974717,"(0.269, 0.303]",0.2569444444444444
41960,0.25620944705900894,"(0.234, 0.269]",0.2804878048780488
41961,0.2955493698613385,"(0.269, 0.303]",0.25748502994011974
41962,0.20362173478195572,"(0.2, 0.234]",0.30303030303030304
41963,0.273234022292023,"(0.269, 0.303]",0.2865853658536585
41975,0.2984525704489917,"(0.269, 0.303]",0.23622047244094488
41976,0.3250946260470743,"(0.303, 0.338]",0.2246376811594203
41977,0.3126646892490653,"(0.303, 0.338]",0.24516129032258063
41995,0.2780078132266247,"(0.269, 0.303]",0.2275449101796407
41996,0.2619745552008949,"(0.234, 0.269]",0.26380368098159507
41997,0.21008673298051345,"(0.2, 0.234]",0.2485207100591716
41998,-0.040021236851404615,"(-0.042, -0.00742]",0.2392638036809816
41999,0.23270539514950336,"(0.2, 0.234]",0.2751677852348993
42009,0.1972346963818024,"(0.165, 0.2]",0.25547445255474455
42012,0.32382255731696014,"(0.303, 0.338]",0.2529411764705882
42013,0.33576975503619744,"(0.303, 0.338]",0.27564102564102566
42014,0.27236394136750575,"(0.269, 0.303]",0.2413793103448276
42015,0.2500731239219832,"(0.234, 0.269]",0.24475524475524477
42026,0.28736716535639456,"(0.269, 0.303]",0.32142857142857145
42027,0.36206418171828697,"(0.338, 0.373]",0.3202614379084967
42028,0.3451455642052221,"(0.338, 0.373]",0.33112582781456956
42029,0.40594480212387174,"(0.373, 0.407]",0.32
42030,0.36281608177641766,"(0.338, 0.373]",0.2611464968152866
42031,0.34588282564914885,"(0.338, 0.373]",0.23776223776223776
42032,0.3616791429971625,"(0.338, 0.373]",0.2246376811594203
42033,0.13421658573400888,"(0.131, 0.165]",0.24427480916030533
42045,0.42321884993156167,"(0.407, 0.442]",0.3617021276595745
42046,0.47568892179242095,"(0.442, 0.476]",0.35185185185185186
42047,0.30678833285521095,"(0.303, 0.338]",0.391025641025641
42048,0.3431862639062053,"(0.338, 0.373]",0.3741935483870968
42049,0.30855559709258673,"(0.303, 0.338]",0.310126582278481
42050,0.2658589794002993,"(0.234, 0.269]",0.2751677852348993
42051,0.28225711834972866,"(0.269, 0.303]",0.2302158273381295
42052,0.25559370327351816,"(0.234, 0.269]",0.22556390977443608
42065,0.34779843116264,"(0.338, 0.373]",0.3037974683544304
42066,0.4438901244527497,"(0.442, 0.476]",0.3466666666666667
42067,0.36119665676981905,"(0.338, 0.373]",0.31788079470198677
42068,0.24695612155524863,"(0.234, 0.269]",0.2689655172413793
42069,0.29118224140240845,"(0.269, 0.303]",0.2366412213740458
42083,0.41897811748304287,"(0.407, 0.442]",0.31875
42084,0.297582338031819,"(0.269, 0.303]",0.34265734265734266
42085,0.3233820372556259,"(0.303, 0.338]",0.30985915492957744
42086,0.29590324979154853,"(0.269, 0.303]",0.26865671641791045
42101,0.377954982441375,"(0.373, 0.407]",0.2702702702702703
42102,0.33673336146880245,"(0.303, 0.338]",0.2746478873239437
42103,0.34316070758486183,"(0.338, 0.373]",0.2653061224489796
42104,0.39499219723375767,"(0.373, 0.407]",0.26618705035971224
42118,0.3717942704643683,"(0.338, 0.373]",0.24647887323943662
42119,0.3455022180691414,"(0.338, 0.373]",0.22377622377622378
42120,0.404299376664613,"(0.373, 0.407]",0.22602739726027396
42121,0.397931640748057,"(0.373, 0.407]",0.20155038759689922
42123,0.30133863613807466,"(0.269, 0.303]",0.26956521739130435
42136,0.27808899666306414,"(0.269, 0.303]",0.3125
42138,0.37232374692052456,"(0.338, 0.373]",0.2967741935483871
42139,0.29680483746541014,"(0.269, 0.303]",0.2517482517482518
42140,0.34003626043737545,"(0.338, 0.373]",0.2824427480916031
42141,0.38784214690739016,"(0.373, 0.407]",0.3111111111111111
42154,0.3528174813318755,"(0.338, 0.373]",0.34810126582278483
42155,0.33397647066853337,"(0.303, 0.338]",0.3223684210526316
42156,0.2680905470142253,"(0.234, 0.269]",0.30246913580246915
42157,0.3360865974736882,"(0.303, 0.338]",0.25
42158,0.3276053542808733,"(0.303, 0.338]",0.26356589147286824
42159,0.33196641810872646,"(0.303, 0.338]",0.30303030303030304
42173,0.30787610849622504,"(0.303, 0.338]",0.3137254901960784
42174,0.29638474963065714,"(0.269, 0.303]",0.29375
42175,0.3555772890864013,"(0.338, 0.373]",0.2711864406779661
42176,0.2893066618781947,"(0.269, 0.303]",0.32
42206,0.3618014186973922,"(0.338, 0.373]",0.34285714285714286
42207,0.33114630754639457,"(0.303, 0.338]",0.3373493975903614
42208,0.35266477340929014,"(0.338, 0.373]",0.2857142857142857
42209,0.30224821649745814,"(0.269, 0.303]",0.2550335570469799
42210,0.05629274052833521,"(0.0271, 0.0617]",0.26811594202898553
42211,0.2013343141319536,"(0.2, 0.234]",0.22962962962962963
42227,0.38703552128928836,"(0.373, 0.407]",0.3006993006993007
42228,0.3553502576680292,"(0.338, 0.373]",0.23741007194244604
42229,0.24087215293700792,"(0.234, 0.269]",0.22627737226277372
42230,0.2473783448813337,"(0.234, 0.269]",0.2535211267605634
42231,0.033793899391784815,"(0.0271, 0.0617]",0.2413793103448276
42248,0.33660882697136885,"(0.303, 0.338]",0.2827586206896552
42250,0.4066838077283213,"(0.373, 0.407]",0.26380368098159507
42266,0.3454431266550315,"(0.338, 0.373]",0.2713178294573643
42267,0.33792662989455385,"(0.303, 0.338]",0.29927007299270075
42268,0.3241079493307449,"(0.303, 0.338]",0.27702702702702703
42269,0.3740548042630051,"(0.373, 0.407]",0.29411764705882354
42284,0.37281639135159667,"(0.373, 0.407]",0.3014705882352941
42285,0.3304484955857519,"(0.303, 0.338]",0.32432432432432434
42286,0.24655720203635614,"(0.234, 0.269]",0.29375
42287,0.26806360571037746,"(0.234, 0.269]",0.2948717948717949
42302,0.38175908427885175,"(0.373, 0.407]",0.3673469387755102
42303,0.4091767171599486,"(0.407, 0.442]",0.3333333333333333
42304,0.45383653927110607,"(0.442, 0.476]",0.3096774193548387
42305,0.28890726509017456,"(0.269, 0.303]",0.30177514792899407
42306,0.2467172373171616,"(0.234, 0.269]",0.2711864406779661
42307,0.25893031331708977,"(0.234, 0.269]",0.25609756097560976
42308,0.21364681561420582,"(0.2, 0.234]",0.26282051282051283
42322,0.3492724882184934,"(0.338, 0.373]",0.38513513513513514
42323,0.372766188919902,"(0.373, 0.407]",0.34532374100719426
42324,0.33905512357857076,"(0.338, 0.373]",0.3092105263157895
42325,0.3598168129666628,"(0.338, 0.373]",0.26282051282051283
42326,-0.04246698024616394,"(-0.0765, -0.042]",0.23636363636363636
42327,0.2706261753782354,"(0.269, 0.303]",0.2138364779874214
42328,0.1404864003134847,"(0.131, 0.165]",0.18493150684931506
42342,0.37033550382836516,"(0.338, 0.373]",0.3475177304964539
42343,0.27373274708621226,"(0.269, 0.303]",0.29411764705882354
42344,0.18647272116004382,"(0.165, 0.2]",0.23170731707317074
42345,0.22461137866392628,"(0.2, 0.234]",0.2033898305084746
42346,0.12971144746247418,"(0.0962, 0.131]",0.21714285714285714
42347,0.2692514609979356,"(0.269, 0.303]",0.1962025316455696
42362,0.37720808517062737,"(0.373, 0.407]",0.34
42363,0.34421369058734774,"(0.338, 0.373]",0.28846153846153844
42364,0.3792315728289792,"(0.373, 0.407]",0.21428571428571427
42365,0.25601045786066784,"(0.234, 0.269]",0.20253164556962025
42366,0.29333897575571166,"(0.269, 0.303]",0.24375
42367,0.2700974904990007,"(0.269, 0.303]",0.2191780821917808
42383,0.1777403672318546,"(0.165, 0.2]",0.27710843373493976
42384,0.3213410873364703,"(0.303, 0.338]",0.19607843137254902
42385,0.2469825428611814,"(0.234, 0.269]",0.1986754966887417
42386,0.31246610379832523,"(0.303, 0.338]",0.25477707006369427
42402,0.3621338109044148,"(0.338, 0.373]",0.327683615819209
42403,0.3784474057285094,"(0.373, 0.407]",0.25287356321839083
42404,0.26675273851398645,"(0.234, 0.269]",0.19767441860465115
42405,0.27600030673444437,"(0.269, 0.303]",0.18238993710691823
42406,0.3499967514742644,"(0.338, 0.373]",0.24183006535947713
42422,0.31645163275231186,"(0.303, 0.338]",0.31176470588235294
42423,0.23231096471467058,"(0.2, 0.234]",0.25925925925925924
42424,0.338732429580768,"(0.338, 0.373]",0.19078947368421054
42425,0.2727553184697442,"(0.269, 0.303]",0.18796992481203006
42426,0.40442659325317415,"(0.373, 0.407]",0.22627737226277372
42442,0.26214777950108503,"(0.234, 0.269]",0.29213483146067415
42443,0.33661770115572237,"(0.303, 0.338]",0.2603550295857988
42444,0.23735008459087784,"(0.234, 0.269]",0.20382165605095542
42445,0.3466686115243619,"(0.338, 0.373]",0.19718309859154928
42460,0.27372487706813575,"(0.269, 0.303]",0.34146341463414637
42461,0.3158856262352808,"(0.303, 0.338]",0.3006134969325153
42462,0.3172132384483525,"(0.303, 0.338]",0.27439024390243905
42463,0.36255092647326687,"(0.338, 0.373]",0.2839506172839506
42464,0.24400232082278253,"(0.234, 0.269]",0.2597402597402597
42479,0.2686610629289215,"(0.234, 0.269]",0.3464052287581699
42480,0.3364493534478583,"(0.303, 0.338]",0.2953020134228188
42481,0.2613539642037335,"(0.234, 0.269]",0.2564102564102564
42497,0.38804797750651104,"(0.373, 0.407]",0.3374233128834356
42516,0.1988903920805721,"(0.165, 0.2]",0.2919254658385093
42532,0.42286097341585926,"(0.407, 0.442]",0.30864197530864196
42533,0.3545110576832825,"(0.338, 0.373]",0.30625
42548,0.33227662784467465,"(0.303, 0.338]",0.2874251497005988
42549,0.32879769048960006,"(0.303, 0.338]",0.2919254658385093
42550,0.3810204557117452,"(0.373, 0.407]",0.28823529411764703
42564,0.2981191488804877,"(0.269, 0.303]",0.27450980392156865
42565,0.3412830624713322,"(0.338, 0.373]",0.2602739726027397
42566,0.36366040082557133,"(0.338, 0.373]",0.2751677852348993
42567,0.2351391187473096,"(0.234, 0.269]",0.2635135135135135
42568,0.05581548595865559,"(0.0271, 0.0617]",0.2875816993464052
42580,0.1935902835931937,"(0.165, 0.2]",0.22857142857142856
42581,0.27822583114212285,"(0.269, 0.303]",0.23809523809523808
42582,0.28922716388914665,"(0.269, 0.303]",0.23776223776223776
42583,-0.11989502538703242,"(-0.146, -0.111]",0.24324324324324326
42594,0.29575037124323605,"(0.269, 0.303]",0.21052631578947367
42595,0.17696697841765446,"(0.165, 0.2]",0.1875
42596,0.15983863885835115,"(0.131, 0.165]",0.19594594594594594
42597,0.06668078995801831,"(0.0617, 0.0962]",0.1956521739130435
42598,0.20660748606204582,"(0.2, 0.234]",0.21428571428571427
42610,0.2164034646235356,"(0.2, 0.234]",0.20863309352517986
42611,0.23389483210081102,"(0.2, 0.234]",0.22297297297297297
42612,0.24432584868713023,"(0.234, 0.269]",0.19858156028368795
42625,0.3172919306126109,"(0.303, 0.338]",0.2485207100591716
42637,0.27140395783058535,"(0.269, 0.303]",0.2631578947368421
42663,0.277343625212104,"(0.269, 0.303]",0.3076923076923077
42664,0.37243015742220276,"(0.338, 0.373]",0.1925925925925926
42665,0.2288810179437222,"(0.2, 0.234]",0.14049586776859505
42666,0.24418374860147077,"(0.234, 0.269]",0.13793103448275862
42672,0.4198921931266415,"(0.407, 0.442]",0.42995169082125606
42673,0.37973870809159765,"(0.373, 0.407]",0.34782608695652173
42674,0.31854757077240675,"(0.303, 0.338]",0.25170068027210885
42675,0.3148884845891798,"(0.303, 0.338]",0.17391304347826086
42676,0.32671920053706266,"(0.303, 0.338]",0.13178294573643412
42677,0.3081884937926135,"(0.303, 0.338]",0.140625
42681,0.37916375101235605,"(0.373, 0.407]",0.40425531914893614
42682,0.3827601793322379,"(0.373, 0.407]",0.37423312883435583
42683,0.3471442998495137,"(0.338, 0.373]",0.24836601307189543
42684,0.32142415368524974,"(0.303, 0.338]",0.19607843137254902
42685,0.3164485059649404,"(0.303, 0.338]",0.18181818181818182
42686,0.30233664556690554,"(0.269, 0.303]",0.16447368421052633
42687,0.36957648783438746,"(0.338, 0.373]",0.24817518248175183
42688,0.3429169749394972,"(0.338, 0.373]",0.20945945945945946
42689,0.27657869419546277,"(0.269, 0.303]",0.19424460431654678
42690,0.24118359745078444,"(0.234, 0.269]",0.16546762589928057
42691,0.1704724022379376,"(0.165, 0.2]",0.2119205298013245
43028,0.1573206486702932,"(0.131, 0.165]",0.1527777777777778
43029,0.1489503982523569,"(0.131, 0.165]",0.1774193548387097
43030,0.3610024599748687,"(0.338, 0.373]",0.13274336283185842
43047,0.17312097590784317,"(0.165, 0.2]",0.16470588235294117
43048,0.2655374895984485,"(0.234, 0.269]",0.17419354838709677
43049,0.3276282100766061,"(0.303, 0.338]",0.19310344827586207
43050,0.35602726422737185,"(0.338, 0.373]",0.2032520325203252
43071,0.2381203117739195,"(0.234, 0.269]",0.18012422360248448
43072,0.28868967234123805,"(0.269, 0.303]",0.1724137931034483
43073,0.2809489550387895,"(0.269, 0.303]",0.17073170731707318
43095,-0.097881616311109,"(-0.111, -0.0765]",0.13333333333333333
43096,0.16661747814047484,"(0.165, 0.2]",0.15204678362573099
43097,-0.05385837362374378,"(-0.0765, -0.042]",0.18181818181818182
43098,0.3483797409406506,"(0.338, 0.373]",0.16783216783216784
43123,0.216662951176915,"(0.2, 0.234]",0.14375
43124,-0.01384143581375235,"(-0.042, -0.00742]",0.18125
43125,0.10799897118423525,"(0.0962, 0.131]",0.19863013698630136
43150,0.199142485852335,"(0.165, 0.2]",0.18493150684931506
43151,0.18672626753461377,"(0.165, 0.2]",0.19708029197080293
43152,0.08652359041046469,"(0.0617, 0.0962]",0.20689655172413793
43178,0.18937371411910417,"(0.165, 0.2]",0.19718309859154928
43179,0.026564767149784202,"(-0.00742, 0.0271]",0.1891891891891892
43205,0.16743710040690607,"(0.165, 0.2]",0.256198347107438
43256,0.24484554790074242,"(0.234, 0.269]",0.24161073825503357
43257,0.299161089671474,"(0.269, 0.303]",0.2222222222222222
43279,0.27500327232338523,"(0.269, 0.303]",0.28
43280,0.3054696724358286,"(0.303, 0.338]",0.2727272727272727
43281,0.35225497400915934,"(0.338, 0.373]",0.23270440251572327
43282,0.23957908992557614,"(0.234, 0.269]",0.2
43283,0.20993746851388023,"(0.2, 0.234]",0.19047619047619047
43305,0.25867844579289523,"(0.234, 0.269]",0.2976190476190476
43306,0.21540362191080772,"(0.2, 0.234]",0.29069767441860467
43307,0.2796461188471831,"(0.269, 0.303]",0.27011494252873564
43308,0.23783913344281216,"(0.234, 0.269]",0.2236024844720497
43309,0.303794670581734,"(0.303, 0.338]",0.2152777777777778
43332,0.11077605158559156,"(0.0962, 0.131]",0.2857142857142857
43333,0.3268463545573582,"(0.303, 0.338]",0.27071823204419887
43334,0.2699027553444646,"(0.269, 0.303]",0.26627218934911245
43335,0.383962704592305,"(0.373, 0.407]",0.23129251700680273
43357,-0.0004165952499741199,"(-0.00742, 0.0271]",0.2807017543859649
43358,0.2584112443288781,"(0.234, 0.269]",0.2596685082872928
43359,0.2913193747940788,"(0.269, 0.303]",0.24855491329479767
43360,0.3442946767676982,"(0.338, 0.373]",0.2532467532467532
43383,-0.01844211019743028,"(-0.042, -0.00742]",0.31176470588235294
43384,0.10011786213728863,"(0.0962, 0.131]",0.3045977011494253
43385,0.2809172161227979,"(0.269, 0.303]",0.2980132450331126
43408,0.09892275147522826,"(0.0962, 0.131]",0.27906976744186046
43409,0.28568071276311574,"(0.269, 0.303]",0.2883435582822086
43410,0.274028853612399,"(0.269, 0.303]",0.3089430894308943
43431,0.34440628029962417,"(0.338, 0.373]",0.21764705882352942
43432,0.401270201607135,"(0.373, 0.407]",0.2573099415204678
43433,0.28986587970567074,"(0.269, 0.303]",0.27044025157232704
43434,0.19675853276437416,"(0.165, 0.2]",0.31343283582089554
43454,0.335951862048241,"(0.303, 0.338]",0.17791411042944785
43455,0.3502569316125105,"(0.338, 0.373]",0.2111111111111111
43456,0.2407368631283406,"(0.234, 0.269]",0.24444444444444444
43457,0.3975067614610315,"(0.373, 0.407]",0.24666666666666667
43476,0.2256540285402901,"(0.2, 0.234]",0.20218579234972678
43477,0.29884460478232333,"(0.269, 0.303]",0.21243523316062177
43478,0.3529268060726964,"(0.338, 0.373]",0.2222222222222222
43497,0.3087888894819264,"(0.303, 0.338]",0.20540540540540542
43498,0.278029427349181,"(0.269, 0.303]",0.2
43499,0.23988996412860464,"(0.234, 0.269]",0.20833333333333334
43500,0.2219578951368587,"(0.2, 0.234]",0.21323529411764705
43519,0.27469988638950077,"(0.269, 0.303]",0.22674418604651161
43520,0.19341227563273078,"(0.165, 0.2]",0.2152777777777778
43536,0.26860600451238653,"(0.234, 0.269]",0.19895287958115182
43537,0.4160914605894548,"(0.407, 0.442]",0.2159090909090909
43538,0.3053954752116608,"(0.303, 0.338]",0.2215568862275449
43539,0.3541560443733929,"(0.338, 0.373]",0.2413793103448276
43555,0.2594701588907873,"(0.234, 0.269]",0.1837837837837838
43556,0.3894040152810785,"(0.373, 0.407]",0.18232044198895028
43557,0.3389752455033023,"(0.338, 0.373]",0.22077922077922077
43558,0.2948036157702373,"(0.269, 0.303]",0.2074074074074074
43573,0.3022579646449617,"(0.269, 0.303]",0.15492957746478872
43574,0.225004899255394,"(0.2, 0.234]",0.1782178217821782
43575,0.21064717080127943,"(0.2, 0.234]",0.19786096256684493
43576,0.30147768978260364,"(0.269, 0.303]",0.2
43577,0.4438980171687191,"(0.442, 0.476]",0.2608695652173913
43593,0.4125112146375229,"(0.407, 0.442]",0.19196428571428573
43594,0.3124097925829422,"(0.303, 0.338]",0.2
43595,0.3064381387728137,"(0.303, 0.338]",0.2254335260115607
43596,0.2937209382493917,"(0.269, 0.303]",0.2054794520547945
43610,0.3479807405423162,"(0.338, 0.373]",0.16666666666666666
43611,0.30282046144248753,"(0.269, 0.303]",0.2107843137254902
43612,0.274580298889139,"(0.269, 0.303]",0.22325581395348837
43613,0.4352087042384079,"(0.407, 0.442]",0.2346368715083799
43614,0.3199338285672969,"(0.303, 0.338]",0.25
43627,0.3286477808899538,"(0.303, 0.338]",0.19186046511627908
43628,0.4115576114118379,"(0.407, 0.442]",0.2185792349726776
43629,0.43857723697286527,"(0.407, 0.442]",0.22033898305084745
43630,0.3727626461338735,"(0.373, 0.407]",0.25136612021857924
43631,0.2717638294345266,"(0.269, 0.303]",0.2733333333333333
43644,0.3749668096746959,"(0.373, 0.407]",0.2215568862275449
43645,0.27830959615712014,"(0.269, 0.303]",0.24096385542168675
43646,0.4097273956820977,"(0.407, 0.442]",0.25157232704402516
43647,0.38658672158053553,"(0.373, 0.407]",0.25
43661,0.41142880353178424,"(0.407, 0.442]",0.25308641975308643
43662,0.37182902234881265,"(0.338, 0.373]",0.25308641975308643
43663,0.3427536028020548,"(0.338, 0.373]",0.2597402597402597
43664,0.2428081303530012,"(0.234, 0.269]",0.2653061224489796
43677,0.2715181636584871,"(0.269, 0.303]",0.34269662921348315
43678,0.3621994071286258,"(0.338, 0.373]",0.36585365853658536
43691,0.3693656725211362,"(0.338, 0.373]",0.33004926108374383
43692,0.2674412510360651,"(0.234, 0.269]",0.3157894736842105
43693,0.4330720517687817,"(0.407, 0.442]",0.3575418994413408
43694,0.33305846193018074,"(0.303, 0.338]",0.41935483870967744
43706,0.39688381607895057,"(0.373, 0.407]",0.3520408163265306
43707,0.34205600114607754,"(0.338, 0.373]",0.3277777777777778
43708,0.33255702297087064,"(0.303, 0.338]",0.3630573248407643
43709,0.3737669341300859,"(0.373, 0.407]",0.13768115942028986
43720,0.3268589484531519,"(0.303, 0.338]",0.3815028901734104
43721,0.3504543181610219,"(0.338, 0.373]",0.3708609271523179
43723,0.3668835763438427,"(0.338, 0.373]",0.17829457364341086
43724,0.2907708775124895,"(0.269, 0.303]",0.21011673151750973
43733,0.27233766384851915,"(0.269, 0.303]",0.20652173913043478
43734,0.3781047195089328,"(0.373, 0.407]",0.200836820083682
43735,0.3349037455733523,"(0.303, 0.338]",0.22633744855967078
43743,0.22653368885315717,"(0.2, 0.234]",0.22794117647058823
43744,0.42843906485567246,"(0.407, 0.442]",0.22099447513812154
43745,0.38848992647832503,"(0.373, 0.407]",0.2186046511627907
43746,0.4078199739010971,"(0.407, 0.442]",0.23423423423423423
43748,0.33974080121601885,"(0.338, 0.373]",0.34536082474226804
43752,0.3565045322661603,"(0.338, 0.373]",0.2549019607843137
43754,0.44261084670600925,"(0.442, 0.476]",0.2459016393442623
43755,0.4114426071037329,"(0.407, 0.442]",0.27071823204419887
43756,0.428365746570663,"(0.407, 0.442]",0.3279569892473118
43757,0.37334083413713176,"(0.373, 0.407]",0.37341772151898733
43760,0.3687711350001045,"(0.338, 0.373]",0.3219178082191781
43761,0.38558594018651476,"(0.373, 0.407]",0.29012345679012347
43762,0.3836340869969405,"(0.373, 0.407]",0.30857142857142855
43763,0.45276245238806756,"(0.442, 0.476]",0.3313253012048193
43764,0.4036145613438356,"(0.373, 0.407]",0.38235294117647056
43765,0.43707618403018794,"(0.407, 0.442]",0.4161849710982659
43766,0.3889916902353953,"(0.373, 0.407]",0.46496815286624205
43769,0.318700437261303,"(0.303, 0.338]",0.3392857142857143
43770,0.3953421058809521,"(0.373, 0.407]",0.34972677595628415
43771,0.3307707930104276,"(0.303, 0.338]",0.3386243386243386
43772,0.37124633488547415,"(0.338, 0.373]",0.34972677595628415
43773,0.2789304887337602,"(0.269, 0.303]",0.3878787878787879
43774,0.4263540641669885,"(0.407, 0.442]",0.44171779141104295
43775,0.32434936283718363,"(0.303, 0.338]",0.45222929936305734
43776,0.38409522149772,"(0.373, 0.407]",0.5095541401273885
43777,0.3379092479539918,"(0.303, 0.338]",0.3939393939393939
43778,0.3529431008288072,"(0.338, 0.373]",0.3988439306358382
43779,0.4070898696872357,"(0.407, 0.442]",0.4022346368715084
43780,0.3984842512520116,"(0.373, 0.407]",0.37222222222222223
43781,0.331228618009973,"(0.303, 0.338]",0.3699421965317919
43782,0.262017966061923,"(0.234, 0.269]",0.4036144578313253
43783,0.40183495889420345,"(0.373, 0.407]",0.4691358024691358
43784,0.388082646589507,"(0.373, 0.407]",0.5
43785,0.3438237754330479,"(0.338, 0.373]",0.4127906976744186
43786,0.37321819490836405,"(0.373, 0.407]",0.4606741573033708
43787,0.3708345186382273,"(0.338, 0.373]",0.48
43788,0.30217086906974144,"(0.269, 0.303]",0.46153846153846156
43789,0.30497850694280654,"(0.303, 0.338]",0.46632124352331605
43793,0.3605478763490691,"(0.338, 0.373]",0.40555555555555556
43794,0.2628015668384112,"(0.234, 0.269]",0.41530054644808745
43795,0.3217882889568646,"(0.303, 0.338]",0.5027027027027027
43821,0.3249197276673568,"(0.303, 0.338]",0.5888324873096447
43825,0.37634497683035484,"(0.373, 0.407]",0.3825136612021858
43831,0.3841387937460473,"(0.373, 0.407]",0.31521739130434784
43832,0.40335578566992275,"(0.373, 0.407]",0.36619718309859156
43833,0.3160241014337095,"(0.303, 0.338]",0.4057971014492754
43834,0.17231341082139734,"(0.165, 0.2]",0.47692307692307695
43837,0.37141015288366125,"(0.338, 0.373]",0.28804347826086957
43838,0.33362034935340534,"(0.303, 0.338]",0.3163265306122449
43839,0.41956928538090743,"(0.407, 0.442]",0.375
43840,0.364308228747843,"(0.338, 0.373]",0.41346153846153844
43841,0.1935988240751148,"(0.165, 0.2]",0.4951923076923077
43843,0.2902574970380408,"(0.269, 0.303]",0.27011494252873564
43844,0.3823735462602052,"(0.373, 0.407]",0.27941176470588236
43845,0.37703461844348213,"(0.373, 0.407]",0.3065326633165829
43846,0.4074140571749572,"(0.407, 0.442]",0.3564356435643564
43847,0.3532474729368096,"(0.338, 0.373]",0.417910447761194
43849,0.3775824654898621,"(0.373, 0.407]",0.27388535031847133
43850,0.2861038410206891,"(0.269, 0.303]",0.28717948717948716
43851,0.30431157654910257,"(0.303, 0.338]",0.3037383177570093
43852,0.27318327945175014,"(0.269, 0.303]",0.36180904522613067
43853,0.3550631148511815,"(0.338, 0.373]",0.3826530612244898
43854,0.3523758841213931,"(0.338, 0.373]",0.4540540540540541
43855,0.30157118930695404,"(0.269, 0.303]",0.26881720430107525
43856,0.16942458623863987,"(0.165, 0.2]",0.27149321266968324
43857,0.34845542687607844,"(0.338, 0.373]",0.2972972972972973
43858,0.36451655532373173,"(0.338, 0.373]",0.34134615384615385
43859,0.3691402876731864,"(0.338, 0.373]",0.36649214659685864
43860,0.3550604374398587,"(0.338, 0.373]",0.25280898876404495
43861,0.4178375996538087,"(0.407, 0.442]",0.2648401826484018
43862,0.3871230809847158,"(0.373, 0.407]",0.2987012987012987
43863,0.39854685136915674,"(0.373, 0.407]",0.35135135135135137
43864,0.35557781649774395,"(0.338, 0.373]",0.26262626262626265
43869,0.24371777534507505,"(0.234, 0.269]",0.2760416666666667
43870,0.33549835840152614,"(0.303, 0.338]",0.24186046511627907
43871,0.303503352282742,"(0.303, 0.338]",0.2222222222222222
43872,0.37054891306572035,"(0.338, 0.373]",0.1506849315068493
43875,0.3410440268829806,"(0.338, 0.373]",0.25870646766169153
43876,0.31915832066023864,"(0.303, 0.338]",0.2222222222222222
43877,0.3117998772241153,"(0.303, 0.338]",0.2157676348547718
43878,0.2802391569980417,"(0.269, 0.303]",0.16929133858267717
43882,0.2806449638926902,"(0.269, 0.303]",0.22535211267605634
43883,0.32082149251970554,"(0.303, 0.338]",0.2330508474576271
43884,0.2897151554115461,"(0.269, 0.303]",0.196
43890,0.4250272175093868,"(0.407, 0.442]",0.2028301886792453
43891,0.35382063885534226,"(0.338, 0.373]",0.2024793388429752
43892,0.2908774509038792,"(0.269, 0.303]",0.18702290076335878
43893,0.3490410751223647,"(0.338, 0.373]",0.18613138686131386
43900,0.32608825166394667,"(0.303, 0.338]",0.2613065326633166
43901,0.42235917994718203,"(0.407, 0.442]",0.22065727699530516
43902,0.33790777729630633,"(0.303, 0.338]",0.2056451612903226
43903,0.2689399622405298,"(0.269, 0.303]",0.1801470588235294
43904,0.2505830757920392,"(0.234, 0.269]",0.18478260869565216
43912,0.3897095740122215,"(0.373, 0.407]",0.24757281553398058
43913,0.40811571493870685,"(0.407, 0.442]",0.21338912133891214
43914,0.34977764679281886,"(0.338, 0.373]",0.16666666666666666
43915,0.22771675591065313,"(0.2, 0.234]",0.17328519855595667
43925,0.39482671096941,"(0.373, 0.407]",0.3495575221238938
43926,0.35871537050979446,"(0.338, 0.373]",0.26126126126126126
43927,0.25039937829560427,"(0.234, 0.269]",0.2
43928,0.3609017687949226,"(0.338, 0.373]",0.14339622641509434
43929,0.11083459561225036,"(0.0962, 0.131]",0.14482758620689656
43938,0.262320475526742,"(0.234, 0.269]",0.35874439461883406
43939,0.29586095507730925,"(0.269, 0.303]",0.26851851851851855
43940,0.38765241895132013,"(0.373, 0.407]",0.21428571428571427
43941,0.2502387714803066,"(0.234, 0.269]",0.15625
43942,0.2595180745515921,"(0.234, 0.269]",0.14634146341463414
43953,0.3727875805220467,"(0.373, 0.407]",0.30434782608695654
43954,0.3398025088572653,"(0.338, 0.373]",0.22624434389140272
43955,0.26764243987250963,"(0.234, 0.269]",0.16597510373443983
43956,0.24768404285212486,"(0.234, 0.269]",0.14909090909090908
43969,0.4160756125675035,"(0.407, 0.442]",0.24651162790697675
43970,0.36619713659409436,"(0.338, 0.373]",0.18410041841004185
43971,0.26923076421845726,"(0.269, 0.303]",0.17164179104477612
43986,0.3958011223757096,"(0.373, 0.407]",0.28
43987,0.35761751920867746,"(0.338, 0.373]",0.2149122807017544
43988,0.3230784383687102,"(0.303, 0.338]",0.17898832684824903
43989,0.2619017462194542,"(0.234, 0.269]",0.15053763440860216
43990,0.2699602814771251,"(0.269, 0.303]",0.15467625899280577
44004,0.3308049355542251,"(0.303, 0.338]",0.20398009950248755
44005,0.23018419399063758,"(0.2, 0.234]",0.18340611353711792
44006,0.2526822001102681,"(0.234, 0.269]",0.1450980392156863
44007,0.16347629342151657,"(0.131, 0.165]",0.16538461538461538
44023,0.37493906533643484,"(0.373, 0.407]",0.2303370786516854
44024,0.27309378719306754,"(0.269, 0.303]",0.1932367149758454
44025,0.23595839161245075,"(0.234, 0.269]",0.14601769911504425
44026,0.24477097104168333,"(0.234, 0.269]",0.14655172413793102
44043,0.38071148227541435,"(0.373, 0.407]",0.21893491124260356
44044,0.27407371741128495,"(0.269, 0.303]",0.1836734693877551
44045,0.2991361692605543,"(0.269, 0.303]",0.13551401869158877
44084,0.3851813130906349,"(0.373, 0.407]",0.23333333333333334
44085,0.27960990925833895,"(0.269, 0.303]",0.2155688622754491
44106,0.4018739224035885,"(0.373, 0.407]",0.23333333333333334
44293,0.17488275576564785,"(0.165, 0.2]",0.18994413407821228
44381,0.29508583390799314,"(0.269, 0.303]",0.23404255319148937
44396,0.25140517360558157,"(0.234, 0.269]",0.23529411764705882
44397,0.16377948909053358,"(0.131, 0.165]",0.2648648648648649
44411,0.3365540783897657,"(0.303, 0.338]",0.30409356725146197
44465,0.38460046454443875,"(0.373, 0.407]",0.2549019607843137
44481,0.3684342863084039,"(0.338, 0.373]",0.28
44494,0.39796002318554324,"(0.373, 0.407]",0.22289156626506024
44495,0.31796483404772896,"(0.303, 0.338]",0.19767441860465115
44510,0.3214373538252683,"(0.303, 0.338]",0.21656050955414013
44511,0.29967407365312687,"(0.269, 0.303]",0.19553072625698323
44512,-0.001455693545193913,"(-0.00742, 0.0271]",0.16455696202531644
44526,0.31801110952844686,"(0.303, 0.338]",0.14925373134328357
44527,0.24530974189813673,"(0.234, 0.269]",0.14201183431952663
44528,0.2920276840953191,"(0.269, 0.303]",0.13291139240506328
44529,0.03000136035694354,"(0.0271, 0.0617]",0.15894039735099338
44545,0.3656724690214706,"(0.338, 0.373]",0.09655172413793103
44546,0.39892646672472365,"(0.373, 0.407]",0.0945945945945946
44547,0.1769113479012337,"(0.165, 0.2]",0.12837837837837837
44564,0.23854850184515758,"(0.234, 0.269]",0.12318840579710146
44565,0.31211780915116805,"(0.303, 0.338]",0.12658227848101267
44566,-0.03426003105636102,"(-0.042, -0.00742]",0.16770186335403728
44583,0.292238043642327,"(0.269, 0.303]",0.1103448275862069
44584,0.31281264871708647,"(0.303, 0.338]",0.16265060240963855
44597,0.2962479150792145,"(0.269, 0.303]",0.22285714285714286
44877,0.34762974560006016,"(0.338, 0.373]",0.1870967741935484
44878,0.3371281862166437,"(0.303, 0.338]",0.26993865030674846
44879,0.3000833656863163,"(0.269, 0.303]",0.19879518072289157
44880,0.3450779744112848,"(0.338, 0.373]",0.22413793103448276
44881,0.1611621668993711,"(0.131, 0.165]",0.25
44882,0.10122038204184632,"(0.0962, 0.131]",0.2077922077922078
44883,0.2835139977283108,"(0.269, 0.303]",0.22826086956521738
44884,0.23711677270633988,"(0.234, 0.269]",0.21142857142857144
44885,0.2162527826126485,"(0.2, 0.234]",0.23497267759562843
44886,0.23985560479997284,"(0.234, 0.269]",0.2545454545454545
44887,0.2648969121653395,"(0.234, 0.269]",0.1793103448275862
44888,0.30067994725458397,"(0.269, 0.303]",0.19310344827586207
44889,0.2860151600424473,"(0.269, 0.303]",0.18181818181818182
44890,0.25479833207443553,"(0.234, 0.269]",0.19753086419753085
44891,0.23215156120229322,"(0.2, 0.234]",0.18518518518518517
44892,0.351490372207522,"(0.338, 0.373]",0.21428571428571427
44893,0.20390414436986792,"(0.2, 0.234]",0.2046783625730994
44894,0.2529248454090554,"(0.234, 0.269]",0.22285714285714286
44895,0.23520671776530466,"(0.234, 0.269]",0.23636363636363636
44896,0.1835072913991577,"(0.165, 0.2]",0.23008849557522124
44897,0.38118437690076845,"(0.373, 0.407]",0.21138211382113822
44898,0.30305869915241085,"(0.269, 0.303]",0.22900763358778625
44899,0.27878463451727586,"(0.269, 0.303]",0.21875
44900,0.28224243143258176,"(0.269, 0.303]",0.208955223880597
44901,0.2733961184193475,"(0.269, 0.303]",0.15037593984962405
44902,0.33117345896042016,"(0.303, 0.338]",0.19607843137254902
44903,0.27271144562816885,"(0.269, 0.303]",0.23391812865497075
44904,0.20660803232433408,"(0.2, 0.234]",0.22941176470588234
44905,0.26377206415716675,"(0.234, 0.269]",0.27647058823529413
44906,0.24188104431360283,"(0.234, 0.269]",0.23333333333333334
44907,0.35159401261143763,"(0.338, 0.373]",0.17857142857142858
44908,0.3795233234808197,"(0.373, 0.407]",0.15555555555555556
44909,0.2749664491007959,"(0.269, 0.303]",0.18055555555555555
44910,0.31084090982175244,"(0.303, 0.338]",0.1761006289308176
44911,0.3089327621783709,"(0.303, 0.338]",0.19375
44912,0.24345110556536617,"(0.234, 0.269]",0.18543046357615894
44913,0.3463095251345744,"(0.338, 0.373]",0.14666666666666667
44914,0.3538174962428843,"(0.338, 0.373]",0.14482758620689656
44916,0.24921389866859053,"(0.234, 0.269]",0.13872832369942195
44917,0.30287000921722274,"(0.269, 0.303]",0.16304347826086957
44918,0.19652548323002794,"(0.165, 0.2]",0.17679558011049723
44919,0.3204820297087863,"(0.303, 0.338]",0.2074468085106383
44920,0.3384933926683172,"(0.338, 0.373]",0.21910112359550563
44921,0.38506509562506686,"(0.373, 0.407]",0.24431818181818182
44922,0.2137654874652465,"(0.2, 0.234]",0.22033898305084745
44924,0.09630603059775142,"(0.0962, 0.131]",0.18461538461538463
44925,0.27813371264552267,"(0.269, 0.303]",0.15217391304347827
44926,0.2510481103540406,"(0.234, 0.269]",0.15172413793103448
44927,0.29694339452518503,"(0.269, 0.303]",0.1830065359477124
44928,0.26479967327152837,"(0.234, 0.269]",0.1780821917808219
44929,0.20561923998316403,"(0.2, 0.234]",0.19014084507042253
44930,0.19662044832943817,"(0.165, 0.2]",0.15714285714285714
44931,0.2887533743562439,"(0.269, 0.303]",0.15333333333333332
44932,0.31583409914782934,"(0.303, 0.338]",0.20238095238095238
44933,0.3286086175166024,"(0.303, 0.338]",0.21264367816091953
44934,0.30023659223078475,"(0.269, 0.303]",0.26704545454545453
44935,0.15367223103511682,"(0.131, 0.165]",0.25149700598802394
44936,0.21788407448561067,"(0.2, 0.234]",0.22151898734177214
44937,0.3357549870161658,"(0.303, 0.338]",0.19607843137254902
44938,0.26250323450502766,"(0.234, 0.269]",0.17123287671232876
44939,0.3482331535926412,"(0.338, 0.373]",0.2
44940,0.2737379173053201,"(0.269, 0.303]",0.19642857142857142
44941,0.13161325865148768,"(0.131, 0.165]",0.20114942528735633
44942,0.18910595336410638,"(0.165, 0.2]",0.1927710843373494
44943,0.30695587743328007,"(0.303, 0.338]",0.14465408805031446
44948,0.30162755806687624,"(0.269, 0.303]",0.1693121693121693
44949,0.18731335759183415,"(0.165, 0.2]",0.16939890710382513
44950,0.28200037622801627,"(0.269, 0.303]",0.2057142857142857
44951,0.31960341065480585,"(0.303, 0.338]",0.19886363636363635
44952,0.30648591870396746,"(0.303, 0.338]",0.1711229946524064
44954,0.1870802961836146,"(0.165, 0.2]",0.16541353383458646
44955,0.2813878566542117,"(0.269, 0.303]",0.17777777777777778
44956,0.22428801322421402,"(0.2, 0.234]",0.17266187050359713
44957,0.21888535641271636,"(0.2, 0.234]",0.1323529411764706
44958,0.3087149390140202,"(0.303, 0.338]",0.13793103448275862
44959,0.31161578972705506,"(0.303, 0.338]",0.16556291390728478
44960,0.22563855032847893,"(0.2, 0.234]",0.1702127659574468
44961,0.0362230944534211,"(0.0271, 0.0617]",0.18543046357615894
44962,0.1956741299463187,"(0.165, 0.2]",0.16541353383458646
44963,0.10710916968085771,"(0.0962, 0.131]",0.13286713286713286
44964,0.2509324865389451,"(0.234, 0.269]",0.18452380952380953
44965,0.24282620271513397,"(0.234, 0.269]",0.21052631578947367
44966,0.2759638690624527,"(0.269, 0.303]",0.2471264367816092
44967,0.35355291380597864,"(0.338, 0.373]",0.2235294117647059
44968,0.372320348146384,"(0.338, 0.373]",0.2125
44969,0.31340772596465005,"(0.303, 0.338]",0.17532467532467533
44971,0.26092969295869883,"(0.234, 0.269]",0.21518987341772153
44972,0.26524284567840767,"(0.234, 0.269]",0.17159763313609466
44973,0.27219184497945964,"(0.269, 0.303]",0.17318435754189945
44974,0.058231538432088774,"(0.0271, 0.0617]",0.16265060240963855
44975,0.1797827289635337,"(0.165, 0.2]",0.11688311688311688
44980,0.11998514042278084,"(0.0962, 0.131]",0.19487179487179487
44981,0.2571482853616998,"(0.234, 0.269]",0.2153846153846154
44985,0.34569824089688717,"(0.338, 0.373]",0.2564102564102564
44986,0.38377566099354443,"(0.373, 0.407]",0.2926829268292683
44987,0.35709436284121626,"(0.338, 0.373]",0.25
44988,0.37539695241665927,"(0.373, 0.407]",0.2222222222222222
44989,0.24903450807329933,"(0.234, 0.269]",0.1510791366906475
44990,0.3493781950128067,"(0.338, 0.373]",0.18840579710144928
44991,0.29639699510572715,"(0.269, 0.303]",0.19014084507042253
44992,0.2505189728078823,"(0.234, 0.269]",0.1513157894736842
44993,0.23592033613606914,"(0.234, 0.269]",0.16770186335403728
44994,0.22967538837319196,"(0.2, 0.234]",0.1724137931034483
44995,0.2752677619045863,"(0.269, 0.303]",0.17391304347826086
44996,0.17487244510469802,"(0.165, 0.2]",0.18238993710691823
44997,0.1452992741820435,"(0.131, 0.165]",0.16666666666666666
44998,0.273728640430797,"(0.269, 0.303]",0.11842105263157894
44999,0.15082865422422975,"(0.131, 0.165]",0.14619883040935672
45000,0.11496935287460115,"(0.0962, 0.131]",0.1744186046511628
45001,0.3692951670037441,"(0.338, 0.373]",0.2
45009,0.12702644623344156,"(0.0962, 0.131]",0.21604938271604937
45018,0.2095707512232696,"(0.2, 0.234]",0.20175438596491227
45019,0.26792927393712934,"(0.234, 0.269]",0.20454545454545456
45020,0.38499418491351617,"(0.373, 0.407]",0.23255813953488372
45021,0.41326868299603153,"(0.407, 0.442]",0.27419354838709675
45022,0.30291982393448647,"(0.269, 0.303]",0.2619047619047619
45023,0.34509477921541654,"(0.338, 0.373]",0.2230769230769231
45024,0.31896685541021413,"(0.303, 0.338]",0.16783216783216784
45025,0.27782684300547716,"(0.269, 0.303]",0.17391304347826086
45026,0.30946250202158965,"(0.303, 0.338]",0.18243243243243243
45027,0.13319278974578622,"(0.131, 0.165]",0.18238993710691823
45028,0.24355498039894488,"(0.234, 0.269]",0.2023121387283237
45029,0.13699833116661153,"(0.131, 0.165]",0.2074468085106383
45031,0.02075222112884273,"(-0.00742, 0.0271]",0.1781609195402299
45054,0.2866277355661621,"(0.269, 0.303]",0.21008403361344538
45055,0.2485533442857785,"(0.234, 0.269]",0.1865671641791045
45056,0.33680623764096773,"(0.303, 0.338]",0.2
45057,0.351856003642268,"(0.338, 0.373]",0.23846153846153847
45058,0.36452641354131515,"(0.338, 0.373]",0.22535211267605634
45059,0.2551778116478606,"(0.234, 0.269]",0.21830985915492956
45060,0.29352664861609495,"(0.269, 0.303]",0.176056338028169
45061,0.1705910187728322,"(0.165, 0.2]",0.18120805369127516
45062,0.2882895580727234,"(0.269, 0.303]",0.19745222929936307
45063,0.10200868406267037,"(0.0962, 0.131]",0.18674698795180722
45091,0.28023288739059804,"(0.269, 0.303]",0.24817518248175183
45092,0.3204484758025513,"(0.303, 0.338]",0.2553191489361702
45093,0.18784108003488265,"(0.165, 0.2]",0.1891891891891892
45094,0.27896021713698094,"(0.269, 0.303]",0.20689655172413793
45095,0.3172110146173404,"(0.303, 0.338]",0.2302158273381295
45098,0.2975733510609145,"(0.269, 0.303]",0.16901408450704225
45131,0.2630789427355187,"(0.234, 0.269]",0.23448275862068965
45132,0.29457119064373916,"(0.269, 0.303]",0.22666666666666666
45133,0.2563875214608265,"(0.234, 0.269]",0.15527950310559005
45134,0.1849830150791395,"(0.165, 0.2]",0.16265060240963855
45135,0.2245971527096266,"(0.2, 0.234]",0.18633540372670807
46374,0.11431020355445383,"(0.0962, 0.131]",0.2849162011173184
46375,0.11179902170828286,"(0.0962, 0.131]",0.2625
46376,0.11392944788330284,"(0.0962, 0.131]",0.38764044943820225
46381,0.19564640566146158,"(0.165, 0.2]",0.34355828220858897
46382,0.28256117640041484,"(0.269, 0.303]",0.25203252032520324
46383,0.309045529633935,"(0.303, 0.338]",0.21374045801526717
46384,0.2752606577197633,"(0.269, 0.303]",0.21705426356589147
46385,0.3560991619269084,"(0.338, 0.373]",0.17117117117117117
46393,0.25871646548544414,"(0.234, 0.269]",0.32335329341317365
46394,0.22060657058462949,"(0.2, 0.234]",0.3235294117647059
46400,0.44519200028449757,"(0.442, 0.476]",0.46938775510204084
46401,0.37027127486028627,"(0.338, 0.373]",0.4409937888198758
46402,0.3621105126522765,"(0.338, 0.373]",0.4230769230769231
46403,0.39722176051002134,"(0.373, 0.407]",0.41304347826086957
46404,0.3538654422652294,"(0.338, 0.373]",0.4394904458598726
46405,0.3545291204883691,"(0.338, 0.373]",0.42483660130718953
46406,0.30635799188843094,"(0.303, 0.338]",0.37267080745341613
46407,0.4020522989317889,"(0.373, 0.407]",0.32558139534883723
46408,0.3164135928318446,"(0.303, 0.338]",0.2733333333333333
46409,0.3115674487256351,"(0.303, 0.338]",0.26174496644295303
46410,0.4426756402077891,"(0.442, 0.476]",0.24060150375939848
46411,0.3352972009490795,"(0.303, 0.338]",0.20930232558139536
46412,0.3605650426383035,"(0.338, 0.373]",0.2536231884057971
46413,0.27602279126558066,"(0.269, 0.303]",0.2553191489361702
46414,0.2991979672371616,"(0.269, 0.303]",0.22839506172839505
46415,0.38333161747830097,"(0.373, 0.407]",0.23493975903614459
46416,0.31589669879022736,"(0.303, 0.338]",0.18243243243243243
46417,0.3746076665181812,"(0.373, 0.407]",0.1554054054054054
46431,0.3756394688659526,"(0.373, 0.407]",0.375
46432,0.44396723225707074,"(0.442, 0.476]",0.3916083916083916
46442,0.3837850196719209,"(0.373, 0.407]",0.4507042253521127
46443,0.39904784361630247,"(0.373, 0.407]",0.38
46444,0.409165009170553,"(0.407, 0.442]",0.34177215189873417
46445,0.4169858515607906,"(0.407, 0.442]",0.3270440251572327
46446,0.3766436402861995,"(0.373, 0.407]",0.3231707317073171
46447,0.3743189080129001,"(0.373, 0.407]",0.358974358974359
46448,0.3558054694406191,"(0.338, 0.373]",0.38125
46449,0.31693729414091576,"(0.303, 0.338]",0.35542168674698793
46450,0.33985260957046165,"(0.338, 0.373]",0.34705882352941175
46451,0.4337546637681889,"(0.407, 0.442]",0.3021978021978022
46452,0.38747825745206593,"(0.373, 0.407]",0.2914285714285714
46453,0.39839857781618426,"(0.373, 0.407]",0.27218934911242604
46454,0.3907910113413329,"(0.373, 0.407]",0.25161290322580643
46455,0.3878718465602937,"(0.373, 0.407]",0.2608695652173913
46456,0.40408657364093264,"(0.373, 0.407]",0.22962962962962963
46460,0.2366721465873736,"(0.234, 0.269]",0.23121387283236994
46461,0.29203979216681364,"(0.269, 0.303]",0.2088607594936709
46462,0.30029620109219796,"(0.269, 0.303]",0.1656441717791411
46480,0.41350754123849853,"(0.407, 0.442]",0.3082191780821918
46483,0.37957934524059134,"(0.373, 0.407]",0.5398773006134969
46484,0.42113248176775575,"(0.407, 0.442]",0.5194805194805194
46485,0.34810167199965764,"(0.338, 0.373]",0.503030303030303
46487,0.40875047845270523,"(0.407, 0.442]",0.4873417721518987
46488,0.4059246661959977,"(0.373, 0.407]",0.5212121212121212
46489,0.41403665346936247,"(0.407, 0.442]",0.49162011173184356
46490,0.40464485383856824,"(0.373, 0.407]",0.5290697674418605
46491,0.3908170661719211,"(0.373, 0.407]",0.48554913294797686
46493,0.3661288480047716,"(0.338, 0.373]",0.47368421052631576
46494,0.44742966994704736,"(0.442, 0.476]",0.46060606060606063
46495,0.43659560444256906,"(0.407, 0.442]",0.47368421052631576
46500,0.356518890616951,"(0.338, 0.373]",0.4066666666666667
46501,0.3132123212241866,"(0.303, 0.338]",0.3374233128834356
46502,0.42895459511587825,"(0.407, 0.442]",0.3142857142857143
46503,0.44759501942401736,"(0.442, 0.476]",0.2857142857142857
46504,0.35858157853892014,"(0.338, 0.373]",0.2655367231638418
46505,0.3443857408727157,"(0.338, 0.373]",0.30409356725146197
46506,0.3431534543761197,"(0.338, 0.373]",0.32558139534883723
46507,0.323400635987512,"(0.303, 0.338]",0.31547619047619047
46508,0.3808025635444756,"(0.373, 0.407]",0.3465909090909091
46509,0.4056847780285968,"(0.373, 0.407]",0.33519553072625696
46510,0.3890098344347312,"(0.373, 0.407]",0.3333333333333333
46546,0.47544768107902413,"(0.442, 0.476]",0.4840764331210191
46547,0.31603313364292585,"(0.303, 0.338]",0.44666666666666666
46548,0.4180607510730595,"(0.407, 0.442]",0.42592592592592593
46549,0.4023427561250315,"(0.373, 0.407]",0.3953488372093023
46552,0.4058175035425958,"(0.373, 0.407]",0.4180790960451977
46553,0.3888096093661321,"(0.373, 0.407]",0.44654088050314467
46554,0.42540042268195005,"(0.407, 0.442]",0.42
46555,0.28038794719932597,"(0.269, 0.303]",0.41007194244604317
46556,0.4136602885862996,"(0.407, 0.442]",0.43283582089552236
46557,0.4071717674584876,"(0.407, 0.442]",0.39285714285714285
46558,0.38836489720946266,"(0.373, 0.407]",0.3586206896551724
46559,0.39065390554381246,"(0.373, 0.407]",0.41216216216216217
46560,0.3890629433413543,"(0.373, 0.407]",0.4125
46561,0.4079630482673055,"(0.407, 0.442]",0.4090909090909091
46563,0.40721739073045565,"(0.407, 0.442]",0.3076923076923077
46565,0.35553859086962164,"(0.338, 0.373]",0.32432432432432434
46566,0.3392952969325876,"(0.338, 0.373]",0.32857142857142857
46567,0.42393441120171227,"(0.407, 0.442]",0.3141025641025641
46568,0.3803394869823059,"(0.373, 0.407]",0.2988505747126437
46569,0.4555385352490316,"(0.442, 0.476]",0.26737967914438504
46570,0.36958039321654096,"(0.338, 0.373]",0.2388888888888889
46571,0.4093714483817084,"(0.407, 0.442]",0.26285714285714284
46572,0.32757930741177926,"(0.303, 0.338]",0.2994011976047904
46573,0.3054658249075992,"(0.303, 0.338]",0.3026315789473684
46574,0.4189063274888889,"(0.407, 0.442]",0.3764705882352941
46620,0.3798158519039677,"(0.373, 0.407]",0.41935483870967744
46621,0.38692830043486015,"(0.373, 0.407]",0.3716216216216216
46622,0.34265768081537107,"(0.338, 0.373]",0.36024844720496896
46623,0.35118491713050004,"(0.338, 0.373]",0.3592814371257485
46630,0.3745328724466644,"(0.373, 0.407]",0.3819444444444444
46631,0.35742024889896357,"(0.338, 0.373]",0.30935251798561153
46632,0.35636318298197256,"(0.338, 0.373]",0.31297709923664124
46633,0.4613072717523641,"(0.442, 0.476]",0.29927007299270075
46634,0.31214307117126333,"(0.303, 0.338]",0.2972972972972973
46635,0.4324415139046122,"(0.407, 0.442]",0.33766233766233766
46636,0.3660428817733883,"(0.338, 0.373]",0.3597560975609756
46637,0.41545916389034576,"(0.407, 0.442]",0.36942675159235666
46641,0.3650140120792863,"(0.338, 0.373]",0.2916666666666667
46642,0.32392426792184514,"(0.303, 0.338]",0.302158273381295
46643,0.4216898323065882,"(0.407, 0.442]",0.26993865030674846
46644,0.2863491775639598,"(0.269, 0.303]",0.2777777777777778
46647,0.3261125127411682,"(0.303, 0.338]",0.24858757062146894
46648,0.36278752331378367,"(0.338, 0.373]",0.2754491017964072
46649,0.4184365149297748,"(0.407, 0.442]",0.2822085889570552
46650,0.2949423680220085,"(0.269, 0.303]",0.37640449438202245
46651,0.3592474812556974,"(0.338, 0.373]",0.38372093023255816
46652,0.32149140044013913,"(0.303, 0.338]",0.367816091954023
46694,0.30316306230968926,"(0.269, 0.303]",0.31446540880503143
46699,0.4087330180246485,"(0.407, 0.442]",0.4260355029585799
46700,0.3760064602621107,"(0.373, 0.407]",0.38125
46701,0.3722074103378392,"(0.338, 0.373]",0.3795180722891566
46702,0.4350438309970577,"(0.407, 0.442]",0.3772455089820359
46704,0.3649196503007449,"(0.338, 0.373]",0.33707865168539325
46705,0.36876021964732025,"(0.338, 0.373]",0.3231707317073171
46706,0.4305920261210801,"(0.407, 0.442]",0.35119047619047616
46707,0.39311788290782085,"(0.373, 0.407]",0.33540372670807456
46708,0.45907559334801795,"(0.442, 0.476]",0.3576158940397351
46709,0.41057689718456175,"(0.407, 0.442]",0.3464052287581699
46710,0.31516362305798373,"(0.303, 0.338]",0.3
46711,0.3926127249441106,"(0.373, 0.407]",0.29931972789115646
46712,0.36573955580787065,"(0.338, 0.373]",0.30128205128205127
46713,0.3989487844116537,"(0.373, 0.407]",0.3148148148148148
46714,0.36773075645782655,"(0.338, 0.373]",0.3212121212121212
46715,0.4445108903845567,"(0.442, 0.476]",0.34705882352941175
46716,0.41156226900856135,"(0.407, 0.442]",0.3496932515337423
46717,0.44261671973699374,"(0.442, 0.476]",0.30538922155688625
46720,0.4097778703359738,"(0.407, 0.442]",0.2808219178082192
46721,0.34288221177388234,"(0.338, 0.373]",0.2827586206896552
46722,0.42634610065211903,"(0.407, 0.442]",0.25316455696202533
46723,0.3592535624448836,"(0.338, 0.373]",0.27647058823529413
46724,0.34050344442695435,"(0.338, 0.373]",0.26881720430107525
46726,0.35604762311146926,"(0.338, 0.373]",0.2712765957446808
46727,0.26167703869639525,"(0.234, 0.269]",0.27472527472527475
46728,0.4104213675530425,"(0.407, 0.442]",0.27439024390243905
46729,0.3801962506276144,"(0.373, 0.407]",0.3218390804597701
46730,0.3483675974369106,"(0.338, 0.373]",0.33540372670807456
46778,0.24400908710633976,"(0.234, 0.269]",0.2857142857142857
46783,0.35280848885791355,"(0.338, 0.373]",0.3548387096774194
46784,0.3337687097945266,"(0.303, 0.338]",0.33116883116883117
46785,0.3891813390157249,"(0.373, 0.407]",0.3558282208588957
46786,0.40004989986451717,"(0.373, 0.407]",0.3630952380952381
46791,0.36350297553449007,"(0.338, 0.373]",0.2929936305732484
46794,0.3837281217706578,"(0.373, 0.407]",0.2846715328467153
46795,0.4068056924101727,"(0.373, 0.407]",0.2781954887218045
46796,0.38428988621757154,"(0.373, 0.407]",0.28776978417266186
46804,0.3426852743138133,"(0.338, 0.373]",0.20567375886524822
46805,0.35856676917338803,"(0.338, 0.373]",0.22627737226277372
46806,0.3684758644545774,"(0.338, 0.373]",0.20408163265306123
46807,0.3820372583284671,"(0.373, 0.407]",0.20987654320987653
46808,0.2977880743597071,"(0.269, 0.303]",0.21893491124260356
46809,0.38943931099866985,"(0.373, 0.407]",0.2159090909090909
46810,0.4316135993956071,"(0.407, 0.442]",0.24444444444444444
46811,0.2976349782472055,"(0.269, 0.303]",0.26436781609195403
46812,0.30443828468958756,"(0.303, 0.338]",0.2647058823529412
46813,0.37874694776878937,"(0.373, 0.407]",0.3050847457627119
46870,0.3417820005827343,"(0.338, 0.373]",0.24503311258278146
46871,0.3454099209287008,"(0.338, 0.373]",0.24822695035460993
46872,0.4025066028310387,"(0.373, 0.407]",0.2808219178082192
46873,0.3585360798405902,"(0.338, 0.373]",0.3448275862068966
46881,0.4061320316456112,"(0.373, 0.407]",0.23129251700680273
46882,0.3704215438810936,"(0.338, 0.373]",0.22377622377622378
46885,0.3478006115608429,"(0.338, 0.373]",0.25
46886,0.35053933073889554,"(0.338, 0.373]",0.25161290322580643
46887,0.3709887390880019,"(0.338, 0.373]",0.2913907284768212
46888,0.33410400831017195,"(0.303, 0.338]",0.2838709677419355
46890,0.19357430898302108,"(0.165, 0.2]",0.29931972789115646
46891,0.2995259642832297,"(0.269, 0.303]",0.2620689655172414
46892,0.35449292927770537,"(0.338, 0.373]",0.25547445255474455
46893,0.39417112870060034,"(0.373, 0.407]",0.20408163265306123
46894,0.37642060744999206,"(0.373, 0.407]",0.20606060606060606
46895,0.3441505511251886,"(0.338, 0.373]",0.20481927710843373
46896,0.3941323624729479,"(0.373, 0.407]",0.1839080459770115
46897,0.40168958568916785,"(0.373, 0.407]",0.22598870056497175
46898,0.3240348737555148,"(0.303, 0.338]",0.20809248554913296
46957,0.3731856842056709,"(0.373, 0.407]",0.2357142857142857
46958,0.29018112186368505,"(0.269, 0.303]",0.27044025157232704
46959,0.18948249156395766,"(0.165, 0.2]",0.2802547770700637
46964,0.2834378551765558,"(0.269, 0.303]",0.20394736842105263
46965,0.29118702096916976,"(0.269, 0.303]",0.22818791946308725
46966,0.3133800758716364,"(0.303, 0.338]",0.2733333333333333
46967,0.36567566440534843,"(0.338, 0.373]",0.33557046979865773
46976,0.3557037519655626,"(0.338, 0.373]",0.22727272727272727
46977,0.3293394981972161,"(0.303, 0.338]",0.2360248447204969
46979,0.31199190409973904,"(0.303, 0.338]",0.24848484848484848
46980,0.29759699451910565,"(0.269, 0.303]",0.2389937106918239
46981,0.28938528414764264,"(0.269, 0.303]",0.2733333333333333
47063,0.30007438603026265,"(0.269, 0.303]",0.1038961038961039
47064,0.35890530424421746,"(0.338, 0.373]",0.12987012987012986
47065,0.35877362131992835,"(0.338, 0.373]",0.19230769230769232
47066,0.34649794512019433,"(0.338, 0.373]",0.2679738562091503
47078,0.41841299195015197,"(0.407, 0.442]",0.22077922077922077
47164,0.2652356737592715,"(0.234, 0.269]",0.14285714285714285
47165,0.17373638825283846,"(0.165, 0.2]",0.18452380952380953
47178,0.3610268724098683,"(0.338, 0.373]",0.20408163265306123
47179,0.2895983359464136,"(0.269, 0.303]",0.1987179487179487
47180,0.3114461290023984,"(0.303, 0.338]",0.22972972972972974
47181,0.3287332069001059,"(0.303, 0.338]",0.2653061224489796
49187,0.23927745038242582,"(0.234, 0.269]",0.08035714285714286
49188,0.16534329404016068,"(0.165, 0.2]",0.11016949152542373
49189,0.23558243263276746,"(0.234, 0.269]",0.12056737588652482
49197,0.31846570977583294,"(0.303, 0.338]",0.112
49198,0.2019246061837877,"(0.2, 0.234]",0.09322033898305085
49199,0.19068876867842013,"(0.165, 0.2]",0.10185185185185185
49200,0.23565150987910422,"(0.234, 0.269]",0.13138686131386862
49208,0.08323118854592551,"(0.0617, 0.0962]",0.1523809523809524
49209,0.16950754519953512,"(0.165, 0.2]",0.1694915254237288
49210,0.23040564532017774,"(0.2, 0.234]",0.17054263565891473
49211,0.18540693168664846,"(0.165, 0.2]",0.15714285714285714
49218,0.1845767263116063,"(0.165, 0.2]",0.18803418803418803
49219,0.22880534246801693,"(0.2, 0.234]",0.17886178861788618
49220,0.1946704672264923,"(0.165, 0.2]",0.1328125
49221,0.25503021435538686,"(0.234, 0.269]",0.1297709923664122
49222,0.2748011148426134,"(0.269, 0.303]",0.16666666666666666
49223,0.19315544423080597,"(0.165, 0.2]",0.16
49225,0.2591538748150198,"(0.234, 0.269]",0.25862068965517243
49226,0.19472204045299557,"(0.165, 0.2]",0.19444444444444445
49227,0.23325763575267475,"(0.2, 0.234]",0.18803418803418803
49228,0.241764185408724,"(0.234, 0.269]",0.1746031746031746
49229,0.2865789719790587,"(0.269, 0.303]",0.20869565217391303
49231,0.2203526047484461,"(0.2, 0.234]",0.1623931623931624
49685,0.26110159813892725,"(0.234, 0.269]",0.13194444444444445
49705,0.1215572868662031,"(0.0962, 0.131]",0.125
49706,0.25836701519169664,"(0.234, 0.269]",0.13986013986013987
49707,0.2623246514183971,"(0.234, 0.269]",0.15602836879432624
49728,0.25367889256701587,"(0.234, 0.269]",0.16296296296296298
49729,0.24562816425081713,"(0.234, 0.269]",0.13636363636363635
49730,0.24880705207259637,"(0.234, 0.269]",0.14492753623188406
49731,0.36161064366878565,"(0.338, 0.373]",0.15172413793103448
49732,0.3198557750514581,"(0.303, 0.338]",0.14685314685314685
49752,0.22669752994354284,"(0.2, 0.234]",0.1292517006802721
49753,0.3115245935247462,"(0.303, 0.338]",0.15441176470588236
49754,0.24041555463417336,"(0.234, 0.269]",0.15625
49755,0.15840439542176485,"(0.131, 0.165]",0.13740458015267176
49756,0.243833780872707,"(0.234, 0.269]",0.1388888888888889
49757,0.3114202835740809,"(0.303, 0.338]",0.1518987341772152
49758,0.221731293078683,"(0.2, 0.234]",0.13924050632911392
49759,0.1905985853768919,"(0.165, 0.2]",0.16778523489932887
49780,0.2725100237381157,"(0.269, 0.303]",0.15714285714285714
49781,0.27801592184494284,"(0.269, 0.303]",0.1732283464566929
49782,0.3294611797689936,"(0.303, 0.338]",0.17293233082706766
49783,0.33179398307077757,"(0.303, 0.338]",0.15862068965517243
49784,0.21580150712270152,"(0.2, 0.234]",0.16774193548387098
49785,0.2764571950472602,"(0.269, 0.303]",0.16556291390728478
49786,0.3190790101835166,"(0.303, 0.338]",0.176056338028169
49806,0.26735612254980823,"(0.234, 0.269]",0.1242603550295858
49807,0.07330029507860328,"(0.0617, 0.0962]",0.1377245508982036
49808,0.2766221584015851,"(0.269, 0.303]",0.1610738255033557
49809,0.36081001153053,"(0.338, 0.373]",0.15441176470588236
49810,0.3224262139537521,"(0.303, 0.338]",0.16428571428571428
49811,0.1603129780610571,"(0.131, 0.165]",0.15384615384615385
49812,0.38949203734681415,"(0.373, 0.407]",0.16560509554140126
49813,0.43263941436652353,"(0.407, 0.442]",0.19594594594594594
49832,-0.1015127270420068,"(-0.111, -0.0765]",0.10596026490066225
49833,0.28643741424469193,"(0.269, 0.303]",0.10126582278481013
49834,0.30595363571973594,"(0.303, 0.338]",0.12025316455696203
49835,0.26725340170760314,"(0.234, 0.269]",0.1232876712328767
49836,0.3269788985022247,"(0.303, 0.338]",0.1388888888888889
49837,0.2763787220731289,"(0.269, 0.303]",0.15333333333333332
49838,0.3483956215432103,"(0.338, 0.373]",0.1610738255033557
49839,0.38359660335038104,"(0.373, 0.407]",0.16455696202531644
49840,0.3568036837449958,"(0.338, 0.373]",0.17687074829931973
49861,0.21237923359914246,"(0.2, 0.234]",0.10828025477707007
49862,0.3415845915321848,"(0.338, 0.373]",0.09523809523809523
49864,0.30461374973164795,"(0.303, 0.338]",0.14685314685314685
49865,0.17209525143987411,"(0.165, 0.2]",0.18840579710144928
49866,0.2767702103478148,"(0.269, 0.303]",0.20689655172413793
49867,0.36152291408989595,"(0.338, 0.373]",0.24285714285714285
49890,0.23643890723425087,"(0.234, 0.269]",0.08391608391608392
49891,0.234405345114795,"(0.234, 0.269]",0.11627906976744186
49892,0.2923507771162953,"(0.269, 0.303]",0.12056737588652482
49893,0.2679721020940043,"(0.234, 0.269]",0.18248175182481752
49894,0.41464442839326815,"(0.407, 0.442]",0.20261437908496732
49895,0.3732765934697148,"(0.373, 0.407]",0.23529411764705882
49914,0.3001132176469389,"(0.269, 0.303]",0.09848484848484848
49919,0.3046128588895928,"(0.303, 0.338]",0.16541353383458646
49920,0.325582617498029,"(0.303, 0.338]",0.15172413793103448
49921,0.3933122354616314,"(0.373, 0.407]",0.2013888888888889
49922,0.3872323407541441,"(0.373, 0.407]",0.2129032258064516
49923,0.33407869647945626,"(0.303, 0.338]",0.20945945945945946
49941,0.3475354552315062,"(0.338, 0.373]",0.1640625
49942,0.38888953221917305,"(0.373, 0.407]",0.1386861313868613
49943,0.35742660796273523,"(0.338, 0.373]",0.18382352941176472
49944,0.27987426786747355,"(0.269, 0.303]",0.2
49956,0.13453251886973025,"(0.131, 0.165]",0.13076923076923078
49957,0.3480363166149327,"(0.338, 0.373]",0.12318840579710146
49959,0.3343139853531732,"(0.303, 0.338]",0.15789473684210525
49960,0.26007476870154067,"(0.234, 0.269]",0.1643835616438356
49961,0.24013883566191307,"(0.234, 0.269]",0.19310344827586207
49962,0.43974153957856815,"(0.407, 0.442]",0.21568627450980393
49973,0.19318339794238462,"(0.165, 0.2]",0.1267605633802817
49974,0.30681854665435226,"(0.303, 0.338]",0.11188811188811189
49975,0.3012791573888192,"(0.269, 0.303]",0.1323529411764706
49976,0.3712739821331776,"(0.338, 0.373]",0.15714285714285714
49977,0.38334395526541076,"(0.373, 0.407]",0.17857142857142858
49978,0.48066304602664567,"(0.476, 0.511]",0.20588235294117646
49988,0.2538591048810699,"(0.234, 0.269]",0.06944444444444445
49989,0.34297341295529604,"(0.338, 0.373]",0.08333333333333333
49991,0.3690186402605139,"(0.338, 0.373]",0.14583333333333334
49992,0.3599886482514496,"(0.338, 0.373]",0.17777777777777778
50002,0.11454539042317168,"(0.0962, 0.131]",0.07913669064748201
50003,0.28874783439256496,"(0.269, 0.303]",0.08571428571428572
50005,0.23705598554044816,"(0.234, 0.269]",0.14193548387096774
50006,0.34634607051402244,"(0.338, 0.373]",0.15862068965517243
50018,0.2543055560728825,"(0.234, 0.269]",0.10071942446043165
50020,0.36400349645207586,"(0.338, 0.373]",0.13043478260869565
50032,0.3916629363585946,"(0.373, 0.407]",0.11678832116788321
50048,0.27210634796604527,"(0.269, 0.303]",0.10526315789473684
50061,0.01061220530695351,"(-0.00742, 0.0271]",0.1206896551724138
50062,0.3202836637104421,"(0.303, 0.338]",0.12987012987012986
50063,0.1606521466745925,"(0.131, 0.165]",0.11188811188811189
50076,0.22867958231380775,"(0.2, 0.234]",0.1411764705882353
50106,0.26721703397657043,"(0.234, 0.269]",0.11428571428571428
50107,0.2677758816278223,"(0.234, 0.269]",0.13043478260869565
50108,0.2622477303899769,"(0.234, 0.269]",0.16556291390728478
50117,0.12124232866888768,"(0.0962, 0.131]",0.12408759124087591
50118,0.04416377107794634,"(0.0271, 0.0617]",0.10714285714285714
50119,0.013126365519625474,"(-0.00742, 0.0271]",0.09655172413793103
50120,0.37186008332300935,"(0.338, 0.373]",0.12258064516129032
50121,0.20762567030698562,"(0.2, 0.234]",0.14965986394557823
50134,-0.014290584443461162,"(-0.042, -0.00742]",0.15714285714285714
50135,0.1404294549531357,"(0.131, 0.165]",0.1328125
50136,0.05320909168323169,"(0.0271, 0.0617]",0.11678832116788321
50137,0.20342304969240588,"(0.2, 0.234]",0.1276595744680851
50138,0.26861758000974606,"(0.234, 0.269]",0.1267605633802817
50203,0.20243302841372576,"(0.2, 0.234]",0.07246376811594203
50204,0.008100913621677985,"(-0.00742, 0.0271]",0.10606060606060606
50205,0.17074780962805583,"(0.165, 0.2]",0.1171875
50212,0.23970175591144877,"(0.234, 0.269]",0.04132231404958678
50213,0.0617566917220701,"(0.0617, 0.0962]",0.07936507936507936
50214,0.2704360575961816,"(0.269, 0.303]",0.1
50220,0.25302364366469454,"(0.234, 0.269]",0.03787878787878788
50221,0.15237261640575642,"(0.131, 0.165]",0.05303030303030303
50222,0.304575116259502,"(0.303, 0.338]",0.07352941176470588
50233,0.3533935836219378,"(0.338, 0.373]",0.6572769953051644
50239,0.22709662372453812,"(0.2, 0.234]",0.7523809523809524
50240,0.20027217120114374,"(0.2, 0.234]",0.7162790697674418
50242,0.3743429012196171,"(0.373, 0.407]",0.4539877300613497
50247,0.23402203306482605,"(0.2, 0.234]",0.7081339712918661
50248,0.3043204459100371,"(0.303, 0.338]",0.7040816326530612
50249,0.3076396489561062,"(0.303, 0.338]",0.4144736842105263
50250,0.45155435075014894,"(0.442, 0.476]",0.36809815950920244
50256,0.30671562377036315,"(0.303, 0.338]",0.6884422110552764
50257,0.31824984812402934,"(0.303, 0.338]",0.6906077348066298
50258,0.2951188828269767,"(0.269, 0.303]",0.3916083916083916
50259,0.4589636793230067,"(0.442, 0.476]",0.36809815950920244
50260,0.4062553209334894,"(0.373, 0.407]",0.36231884057971014
50266,0.3404751594979372,"(0.338, 0.373]",0.37404580152671757
50267,0.38085760239694066,"(0.373, 0.407]",0.3208955223880597
50268,0.42056429313680604,"(0.407, 0.442]",0.33116883116883117
50269,0.3982926581623427,"(0.373, 0.407]",0.3262411347517731
50270,0.39744268969919666,"(0.373, 0.407]",0.302158273381295
50274,0.19696319386796066,"(0.165, 0.2]",0.6881188118811881
50275,0.30261116857577947,"(0.269, 0.303]",0.6584158415841584
50276,0.20316056554958095,"(0.2, 0.234]",0.6229508196721312
50277,0.26992093622048113,"(0.269, 0.303]",0.6036585365853658
50278,0.39408518963391065,"(0.373, 0.407]",0.3488372093023256
50282,0.34021680278971694,"(0.338, 0.373]",0.27044025157232704
50283,0.2596041334972299,"(0.234, 0.269]",0.28
50286,0.31751720720062454,"(0.303, 0.338]",0.7626262626262627
50287,0.3941671523022999,"(0.373, 0.407]",0.7055837563451777
50288,0.19238148488176937,"(0.165, 0.2]",0.6831683168316832
50289,0.24057643296556763,"(0.234, 0.269]",0.6505376344086021
50290,0.37842695984331864,"(0.373, 0.407]",0.44680851063829785
50291,0.30492354157380924,"(0.303, 0.338]",0.39552238805970147
50292,0.3505445248870634,"(0.338, 0.373]",0.3146853146853147
50293,0.33307313645712183,"(0.303, 0.338]",0.3057324840764331
50294,0.35360804284798236,"(0.338, 0.373]",0.3092105263157895
50295,0.38036383063096124,"(0.373, 0.407]",0.25
50296,0.3483224418226633,"(0.338, 0.373]",0.2765957446808511
50299,0.33486462247574034,"(0.303, 0.338]",0.7239583333333334
50300,0.3442678453814504,"(0.338, 0.373]",0.6633165829145728
50301,0.3848997422760264,"(0.373, 0.407]",0.4180327868852459
50302,0.3422475432952827,"(0.338, 0.373]",0.373134328358209
50303,0.327844054176743,"(0.303, 0.338]",0.3308270676691729
50304,0.30200902827853665,"(0.269, 0.303]",0.2465753424657534
50305,0.33712921553779196,"(0.303, 0.338]",0.2422360248447205
50306,0.3501391262182025,"(0.338, 0.373]",0.24516129032258063
50307,0.4034603005110952,"(0.373, 0.407]",0.19411764705882353
50308,0.2736477207197607,"(0.269, 0.303]",0.21768707482993196
50309,0.3724353843441523,"(0.338, 0.373]",0.6810810810810811
50310,0.3062775975980016,"(0.303, 0.338]",0.5863874345549738
50311,0.4383257643970615,"(0.407, 0.442]",0.5337078651685393
50312,0.37174503765890626,"(0.338, 0.373]",0.4868421052631579
50313,0.4153241222181214,"(0.407, 0.442]",0.2767857142857143
50314,0.36327902137727863,"(0.338, 0.373]",0.26356589147286824
50315,0.24803108457842424,"(0.234, 0.269]",0.22857142857142856
50316,0.3795803379836901,"(0.373, 0.407]",0.23741007194244604
50317,0.323564783818697,"(0.303, 0.338]",0.20382165605095542
50318,0.2861761759366573,"(0.269, 0.303]",0.2088607594936709
50319,0.3618078980111113,"(0.338, 0.373]",0.21518987341772153
50320,0.24281708822146755,"(0.234, 0.269]",0.18292682926829268
50321,0.1567265263067881,"(0.131, 0.165]",0.20422535211267606
50322,0.11503324021952084,"(0.0962, 0.131]",0.18584070796460178
50325,0.4084700001218781,"(0.407, 0.442]",0.6024844720496895
50326,0.41605369447738116,"(0.407, 0.442]",0.5405405405405406
50327,0.38571445520488057,"(0.373, 0.407]",0.44360902255639095
50328,0.34309650155287036,"(0.338, 0.373]",0.3181818181818182
50329,0.3293191239502754,"(0.303, 0.338]",0.26356589147286824
50330,0.3393975232627149,"(0.338, 0.373]",0.1557377049180328
50331,0.2764863484206935,"(0.269, 0.303]",0.17557251908396945
50332,0.3224407198164161,"(0.303, 0.338]",0.16911764705882354
50333,0.24357299113441064,"(0.234, 0.269]",0.19402985074626866
50334,0.32198691156755577,"(0.303, 0.338]",0.18666666666666668
50335,0.36710564064415674,"(0.338, 0.373]",0.19863013698630136
50336,0.37903992886746435,"(0.373, 0.407]",0.20915032679738563
50337,0.31903878366722305,"(0.303, 0.338]",0.1625
50338,0.22696153316027998,"(0.2, 0.234]",0.17006802721088435
50339,0.2282147309422792,"(0.2, 0.234]",0.15267175572519084
50340,0.36569373913096764,"(0.338, 0.373]",0.6629213483146067
50341,0.41332861440265395,"(0.407, 0.442]",0.5
50342,0.3318466339570617,"(0.303, 0.338]",0.4896551724137931
50343,0.41825146209480224,"(0.407, 0.442]",0.3925925925925926
50344,0.3779342894572506,"(0.373, 0.407]",0.2876712328767123
50345,0.2960995897199053,"(0.269, 0.303]",0.2647058823529412
50346,0.2386908399259171,"(0.234, 0.269]",0.13432835820895522
50347,0.21091443164351667,"(0.2, 0.234]",0.13533834586466165
50348,0.2535259844070586,"(0.234, 0.269]",0.11278195488721804
50349,0.21921657538274883,"(0.2, 0.234]",0.10606060606060606
50350,0.29253199469472946,"(0.269, 0.303]",0.11594202898550725
50352,0.2718527681930713,"(0.269, 0.303]",0.1390728476821192
50353,0.19462420893018684,"(0.165, 0.2]",0.11688311688311688
50354,0.21859907881607268,"(0.2, 0.234]",0.13194444444444445
50355,0.1252871772684691,"(0.0962, 0.131]",0.14893617021276595
50356,0.2701314912288206,"(0.269, 0.303]",0.6607142857142857
50357,0.30015189163739686,"(0.269, 0.303]",0.5620915032679739
50358,0.4666546293128989,"(0.442, 0.476]",0.5244755244755245
50359,0.35628271250348587,"(0.338, 0.373]",0.43478260869565216
50360,0.4329065127174969,"(0.407, 0.442]",0.40816326530612246
50361,0.370862106756601,"(0.338, 0.373]",0.3
50362,0.3778796689502059,"(0.373, 0.407]",0.2483221476510067
50363,0.27362162359211495,"(0.269, 0.303]",0.22727272727272727
50364,0.3043129136378384,"(0.303, 0.338]",0.1568627450980392
50365,0.26518303480659056,"(0.234, 0.269]",0.1643835616438356
50366,0.22161839060738556,"(0.2, 0.234]",0.1366906474820144
50367,0.2326416331784187,"(0.2, 0.234]",0.14074074074074075
50368,0.2910622049687266,"(0.269, 0.303]",0.1417910447761194
50369,0.16788050044587602,"(0.165, 0.2]",0.1276595744680851
50370,0.3035074758420484,"(0.303, 0.338]",0.14906832298136646
50371,-0.1215455742667235,"(-0.146, -0.111]",0.12025316455696203
50372,0.23471236518347005,"(0.234, 0.269]",0.1554054054054054
50373,0.16588168649446816,"(0.165, 0.2]",0.17333333333333334
50374,0.16228875507284152,"(0.131, 0.165]",0.1896551724137931
50375,0.3719549810321298,"(0.338, 0.373]",0.7071823204419889
50376,0.1089324491488011,"(0.0962, 0.131]",0.6746987951807228
50377,0.3772941701772576,"(0.373, 0.407]",0.5255474452554745
50378,0.41713697156983653,"(0.407, 0.442]",0.4296875
50379,0.3647486453280476,"(0.338, 0.373]",0.3629032258064516
50380,0.3497632051838285,"(0.338, 0.373]",0.3284671532846715
50381,0.34700333886611534,"(0.338, 0.373]",0.23846153846153847
50382,0.342695392832354,"(0.338, 0.373]",0.2013888888888889
50383,0.34400915412821587,"(0.338, 0.373]",0.19727891156462585
50384,0.22816922322344543,"(0.2, 0.234]",0.16551724137931034
50385,0.3117581897871626,"(0.303, 0.338]",0.174496644295302
50386,0.1837021830314234,"(0.165, 0.2]",0.16058394160583941
50387,0.3497762962365753,"(0.338, 0.373]",0.14893617021276595
50388,0.21757782452801516,"(0.2, 0.234]",0.12056737588652482
50389,0.15545126958939795,"(0.131, 0.165]",0.0821917808219178
50390,0.2841243168566178,"(0.269, 0.303]",0.12422360248447205
50391,0.14852417682486546,"(0.131, 0.165]",0.12738853503184713
50392,0.1514120016739233,"(0.131, 0.165]",0.17307692307692307
50393,0.3072665830607197,"(0.303, 0.338]",0.20689655172413793
50395,0.34988018253833597,"(0.338, 0.373]",0.5540540540540541
50396,0.3764641430256654,"(0.373, 0.407]",0.5205479452054794
50397,0.42952779198008756,"(0.407, 0.442]",0.4013605442176871
50398,0.3645814353725864,"(0.338, 0.373]",0.30434782608695654
50399,0.38155021215603374,"(0.373, 0.407]",0.3
50400,0.39259411213417367,"(0.373, 0.407]",0.24113475177304963
50402,0.3042514420476991,"(0.303, 0.338]",0.2246376811594203
50403,0.20463167642137278,"(0.2, 0.234]",0.18840579710144928
50404,0.28081635375054514,"(0.269, 0.303]",0.17123287671232876
50405,0.2165069273955661,"(0.2, 0.234]",0.16083916083916083
50406,0.28083271306093216,"(0.269, 0.303]",0.16
50407,0.2726987919673253,"(0.269, 0.303]",0.1342281879194631
50408,0.4082672528853816,"(0.407, 0.442]",0.09210526315789473
50409,0.41338312110717057,"(0.407, 0.442]",0.12025316455696203
50410,0.2927675769543477,"(0.269, 0.303]",0.13194444444444445
50411,0.23306082809156878,"(0.2, 0.234]",0.1836734693877551
50412,0.4065257310504458,"(0.373, 0.407]",0.22058823529411764
50415,0.40101190049097596,"(0.373, 0.407]",0.5909090909090909
50416,0.31952666809258046,"(0.303, 0.338]",0.5679012345679012
50417,0.3920435397404748,"(0.373, 0.407]",0.5517241379310345
50418,0.4364287584869342,"(0.407, 0.442]",0.48
50419,0.45021439743264735,"(0.442, 0.476]",0.36942675159235666
50420,0.31160795623428095,"(0.303, 0.338]",0.2785714285714286
50421,0.3378143121440924,"(0.303, 0.338]",0.22641509433962265
50422,0.414826431377303,"(0.407, 0.442]",0.19463087248322147
50423,0.3834769208184671,"(0.373, 0.407]",0.19863013698630136
50424,0.3459648352044234,"(0.338, 0.373]",0.16551724137931034
50425,0.32154579338034556,"(0.303, 0.338]",0.18705035971223022
50426,0.25332875197374205,"(0.234, 0.269]",0.1619718309859155
50427,0.24275295149479184,"(0.234, 0.269]",0.14705882352941177
50428,0.23511689951767217,"(0.234, 0.269]",0.1564625850340136
50429,0.3504494576221657,"(0.338, 0.373]",0.11724137931034483
50430,0.23602516248442437,"(0.234, 0.269]",0.09271523178807947
50431,0.33950514806701965,"(0.338, 0.373]",0.12422360248447205
50432,0.08868030173511728,"(0.0617, 0.0962]",0.1310344827586207
50433,0.27365708610908823,"(0.269, 0.303]",0.18125
50434,0.4155075569195635,"(0.407, 0.442]",0.19708029197080293
50437,0.31690291860961334,"(0.303, 0.338]",0.43884892086330934
50438,0.33616539499425296,"(0.303, 0.338]",0.4230769230769231
50439,0.3628694959290417,"(0.338, 0.373]",0.4
50440,0.25615227859379447,"(0.234, 0.269]",0.3561643835616438
50441,0.3381587871366931,"(0.338, 0.373]",0.27631578947368424
50442,0.30059572436201754,"(0.269, 0.303]",0.2222222222222222
50443,0.29508959390363587,"(0.269, 0.303]",0.18902439024390244
50444,0.3480455370969688,"(0.338, 0.373]",0.18867924528301888
50446,0.3508533748257673,"(0.338, 0.373]",0.15862068965517243
50447,0.3262866102800857,"(0.303, 0.338]",0.18840579710144928
50448,0.1942274582663578,"(0.165, 0.2]",0.16546762589928057
50449,0.23749733330116019,"(0.234, 0.269]",0.15671641791044777
50451,0.32733070949743315,"(0.303, 0.338]",0.11643835616438356
50452,0.24210189646897062,"(0.234, 0.269]",0.0979020979020979
50453,0.30690067559210243,"(0.303, 0.338]",0.12337662337662338
50454,0.23712643363228597,"(0.234, 0.269]",0.13043478260869565
50455,0.3672347483171079,"(0.338, 0.373]",0.16901408450704225
50459,0.2212536597994406,"(0.2, 0.234]",0.3841059602649007
50461,0.27088699136435407,"(0.269, 0.303]",0.35668789808917195
50462,0.3521942017929966,"(0.338, 0.373]",0.31724137931034485
50464,0.33198614270474636,"(0.303, 0.338]",0.2732919254658385
50466,0.32219611179556806,"(0.303, 0.338]",0.19047619047619047
50467,0.40451933658544587,"(0.373, 0.407]",0.18452380952380953
50472,0.29878768718040927,"(0.269, 0.303]",0.16279069767441862
50487,0.3128896990614322,"(0.303, 0.338]",0.23333333333333334
50488,0.3216909113546817,"(0.303, 0.338]",0.24603174603174602
50489,0.24097409675034231,"(0.234, 0.269]",0.1875
50490,0.3411891589307164,"(0.338, 0.373]",0.18064516129032257
50491,0.29892923842243296,"(0.269, 0.303]",0.17177914110429449
50492,0.24509602257669083,"(0.234, 0.269]",0.15723270440251572
50494,0.28693535916667845,"(0.269, 0.303]",0.16025641025641027
50495,0.024778330590829577,"(-0.00742, 0.0271]",0.17073170731707318
50496,0.22894300416476743,"(0.2, 0.234]",0.17123287671232876
50497,0.34714282066789565,"(0.338, 0.373]",0.14285714285714285
50512,0.3278450176444952,"(0.303, 0.338]",0.16216216216216217
50513,0.37244820724312766,"(0.338, 0.373]",0.11818181818181818
50514,0.2426814876739302,"(0.234, 0.269]",0.16806722689075632
50515,0.23002198545323638,"(0.2, 0.234]",0.1386861313868613
50516,0.4087653283038241,"(0.407, 0.442]",0.16993464052287582
50517,0.3164731319015887,"(0.303, 0.338]",0.18404907975460122
50518,0.3290998017179248,"(0.303, 0.338]",0.17682926829268292
50521,0.21177469596835533,"(0.2, 0.234]",0.1686746987951807
50522,0.04166922730788127,"(0.0271, 0.0617]",0.14093959731543623
50523,0.3680429759781953,"(0.338, 0.373]",0.12213740458015267
50524,0.3471095131402803,"(0.338, 0.373]",0.10810810810810811
50538,0.28128116192281577,"(0.269, 0.303]",0.24107142857142858
50539,0.33192647549689885,"(0.303, 0.338]",0.22522522522522523
50540,0.262417462983048,"(0.234, 0.269]",0.16379310344827586
50541,0.32302062431137635,"(0.303, 0.338]",0.19696969696969696
50542,0.3553108095583624,"(0.338, 0.373]",0.1564625850340136
50543,0.18325441932107409,"(0.165, 0.2]",0.17419354838709677
50544,0.27437521139725995,"(0.269, 0.303]",0.2077922077922078
50549,0.3184021013628588,"(0.303, 0.338]",0.11188811188811189
50550,0.23343250784603597,"(0.2, 0.234]",0.09448818897637795
50551,0.32700796559288575,"(0.303, 0.338]",0.06944444444444445
50566,0.3082900961260599,"(0.303, 0.338]",0.25862068965517243
50567,0.3835293682092344,"(0.373, 0.407]",0.24603174603174602
50568,0.2587033153242916,"(0.234, 0.269]",0.2318840579710145
50569,0.20383433350935115,"(0.2, 0.234]",0.21768707482993196
50570,0.31621316406994965,"(0.303, 0.338]",0.18
50571,0.3269465898997861,"(0.303, 0.338]",0.2127659574468085
50572,0.29589576771731363,"(0.269, 0.303]",0.22137404580152673
50595,0.3343245776303686,"(0.303, 0.338]",0.2773722627737226
50596,0.19419981062039532,"(0.165, 0.2]",0.24342105263157895
50597,0.2697928453000252,"(0.269, 0.303]",0.2155688622754491
50598,0.32813118273436875,"(0.303, 0.338]",0.1853932584269663
50599,0.3024064558381064,"(0.269, 0.303]",0.1839080459770115
50600,0.2156133240795285,"(0.2, 0.234]",0.21153846153846154
50601,0.339884149411343,"(0.338, 0.373]",0.23741007194244604
50625,0.3170924085121105,"(0.303, 0.338]",0.2894736842105263
50626,0.2900260873008683,"(0.269, 0.303]",0.25
50627,0.2977904467250239,"(0.269, 0.303]",0.21301775147928995
50628,0.36054919803752694,"(0.338, 0.373]",0.2
50651,0.3406315833844112,"(0.338, 0.373]",0.20958083832335328
50652,0.41279926883451534,"(0.407, 0.442]",0.23841059602649006
50653,0.3302761460460081,"(0.303, 0.338]",0.23870967741935484
50654,0.26271851040490807,"(0.234, 0.269]",0.25
50655,0.3242603931463199,"(0.303, 0.338]",0.24404761904761904
50656,0.16096068921029952,"(0.131, 0.165]",0.2275449101796407
50680,0.215822168997322,"(0.2, 0.234]",0.1949685534591195
50681,0.303255113972993,"(0.269, 0.303]",0.1694915254237288
50682,0.2598645550223314,"(0.234, 0.269]",0.18867924528301888
50683,0.307002226784149,"(0.303, 0.338]",0.21951219512195122
50684,0.22747203480216976,"(0.2, 0.234]",0.20526315789473684
50685,0.293699584337774,"(0.269, 0.303]",0.21666666666666667
50686,0.13768581837753413,"(0.131, 0.165]",0.2
50710,0.24119444713839464,"(0.234, 0.269]",0.18243243243243243
50711,0.34304916035541677,"(0.338, 0.373]",0.17177914110429449
50712,0.29456840879213836,"(0.269, 0.303]",0.18571428571428572
50713,0.2894843387418734,"(0.269, 0.303]",0.2119205298013245
50714,0.29665303458389275,"(0.269, 0.303]",0.18497109826589594
50716,0.2529714279597709,"(0.234, 0.269]",0.17307692307692307
50740,0.1999033007504087,"(0.2, 0.234]",0.13432835820895522
50741,0.12698803390800503,"(0.0962, 0.131]",0.14705882352941177
50742,0.33666908217385166,"(0.303, 0.338]",0.1271186440677966
50743,0.34005752041554094,"(0.338, 0.373]",0.14728682170542637
50744,0.37593477595349833,"(0.373, 0.407]",0.16216216216216217
50745,0.1785657905703152,"(0.165, 0.2]",0.16455696202531644
50746,0.24908547429057992,"(0.234, 0.269]",0.15723270440251572
50771,0.3065317850853026,"(0.303, 0.338]",0.09558823529411764
50772,0.30549170668625125,"(0.303, 0.338]",0.11678832116788321
50773,0.2773379238027425,"(0.269, 0.303]",0.13076923076923078
50774,0.3127263787942887,"(0.303, 0.338]",0.1678832116788321
50802,0.315391885914986,"(0.303, 0.338]",0.10526315789473684
50803,0.2938941876152558,"(0.269, 0.303]",0.07407407407407407
50804,0.35105225196313344,"(0.338, 0.373]",0.11267605633802817
50805,0.39882123462187863,"(0.373, 0.407]",0.1223021582733813
50835,0.2989148056362099,"(0.269, 0.303]",0.10077519379844961
50836,0.3001413198271773,"(0.269, 0.303]",0.0728476821192053
50837,0.339605882997106,"(0.338, 0.373]",0.09210526315789473
50838,0.33477712965245965,"(0.303, 0.338]",0.1038961038961039
50869,0.3204520385127303,"(0.303, 0.338]",0.12244897959183673
50870,0.1958536007898241,"(0.165, 0.2]",0.1069182389937107
50903,0.3391358505466362,"(0.338, 0.373]",0.1282051282051282
50904,0.340784030918825,"(0.338, 0.373]",0.12337662337662338
50905,0.29018062016234547,"(0.269, 0.303]",0.10975609756097561
50938,0.24690455870589714,"(0.234, 0.269]",0.1320754716981132
50939,0.2822211086901421,"(0.269, 0.303]",0.12883435582822086
50971,0.26092454361807405,"(0.234, 0.269]",0.14634146341463414
50972,0.3134370875974746,"(0.303, 0.338]",0.14285714285714285
51004,0.3356101808515036,"(0.303, 0.338]",0.10857142857142857
51005,0.27716252095160243,"(0.269, 0.303]",0.10344827586206896
51366,0.24771510042123648,"(0.234, 0.269]",0.06153846153846154
51367,0.2697797880777682,"(0.269, 0.303]",0.10084033613445378
51368,0.29588756590126974,"(0.269, 0.303]",0.08633093525179857
51369,0.20729794737439855,"(0.2, 0.234]",0.08441558441558442
51370,0.37758163172702774,"(0.373, 0.407]",0.10185185185185185
51371,0.2779054506497238,"(0.269, 0.303]",0.11363636363636363
51372,0.24747441581246774,"(0.234, 0.269]",0.11188811188811189
51374,0.3837937241336221,"(0.373, 0.407]",0.08264462809917356
51375,0.37629534415242694,"(0.373, 0.407]",0.11188811188811189
51376,0.223341231161866,"(0.2, 0.234]",0.12142857142857143
51377,0.2029172526594191,"(0.2, 0.234]",0.13953488372093023
51378,0.27794152848927167,"(0.269, 0.303]",0.12307692307692308
51379,0.377850380923412,"(0.373, 0.407]",0.14074074074074075
51380,0.2877255264745845,"(0.269, 0.303]",0.11643835616438356
51381,0.30880240194453046,"(0.303, 0.338]",0.16778523489932887
51382,0.31884116225357473,"(0.303, 0.338]",0.11428571428571428
51383,0.3191870628029493,"(0.303, 0.338]",0.14285714285714285
51384,0.37518177391527663,"(0.373, 0.407]",0.14864864864864866
51385,0.17248264646150363,"(0.165, 0.2]",0.16666666666666666
51386,0.37134026933268055,"(0.338, 0.373]",0.15079365079365079
51387,0.3632388307062116,"(0.338, 0.373]",0.18382352941176472
51388,0.3749510005871991,"(0.373, 0.407]",0.18439716312056736
51389,0.35202056117344194,"(0.338, 0.373]",0.1865671641791045
51391,0.34113502922934236,"(0.338, 0.373]",0.15671641791044777
51392,0.31415376946296614,"(0.303, 0.338]",0.19444444444444445
51393,0.27261087008620755,"(0.269, 0.303]",0.1830065359477124
51394,0.29790636633750733,"(0.269, 0.303]",0.19333333333333333
51395,0.39696925826902946,"(0.373, 0.407]",0.13013698630136986
51396,0.25429744998350906,"(0.234, 0.269]",0.12571428571428572
51397,0.22040305079561914,"(0.2, 0.234]",0.16071428571428573
51398,0.3220142408830976,"(0.303, 0.338]",0.18633540372670807
51399,0.30040169947758744,"(0.269, 0.303]",0.17721518987341772
51400,0.3394445571778316,"(0.338, 0.373]",0.11842105263157894
51401,0.3260750244046608,"(0.303, 0.338]",0.13333333333333333
51402,0.2756695009124586,"(0.269, 0.303]",0.14857142857142858
51403,0.3293024264036297,"(0.303, 0.338]",0.18012422360248448
51404,0.345333219702725,"(0.338, 0.373]",0.21232876712328766
51408,0.3125781200146084,"(0.303, 0.338]",0.1794871794871795
51409,0.3255007981613719,"(0.303, 0.338]",0.15568862275449102
51410,0.2814858803252251,"(0.269, 0.303]",0.13114754098360656
51411,0.3607004153548833,"(0.338, 0.373]",0.14361702127659576
51412,0.33690172445755595,"(0.303, 0.338]",0.14361702127659576
51413,0.3141424756721138,"(0.303, 0.338]",0.19444444444444445
51414,0.2789621199590718,"(0.269, 0.303]",0.18902439024390244
51415,0.29088319204339974,"(0.269, 0.303]",0.18867924528301888
51417,0.3627316578474667,"(0.338, 0.373]",0.12727272727272726
51418,0.35431019238832917,"(0.338, 0.373]",0.13872832369942195
51419,0.3008804725001171,"(0.269, 0.303]",0.13756613756613756
51420,0.35945805262535463,"(0.338, 0.373]",0.15135135135135136
51421,0.2571490285761094,"(0.234, 0.269]",0.1657142857142857
51422,0.21926824124982033,"(0.2, 0.234]",0.2046783625730994
51423,0.23364322392726986,"(0.2, 0.234]",0.20279720279720279
51424,0.37272000274075795,"(0.373, 0.407]",0.13924050632911392
51425,0.3184169583941413,"(0.303, 0.338]",0.15428571428571428
51426,0.34132039137512277,"(0.338, 0.373]",0.14736842105263157
51427,0.31554003502452443,"(0.303, 0.338]",0.1787709497206704
51428,0.2092583438037177,"(0.2, 0.234]",0.22151898734177214
51429,0.29227655984908557,"(0.269, 0.303]",0.2413793103448276
51430,0.30074105600445716,"(0.269, 0.303]",0.16556291390728478
51431,0.22751152005790576,"(0.2, 0.234]",0.14838709677419354
51432,0.25683983709155583,"(0.234, 0.269]",0.16770186335403728
51433,0.3756743272946604,"(0.373, 0.407]",0.1781609195402299
51434,0.2681749586655063,"(0.234, 0.269]",0.20125786163522014
51435,0.2936194537280438,"(0.269, 0.303]",0.2357142857142857
51438,0.3163710948257947,"(0.303, 0.338]",0.12658227848101267
51439,0.205832080720342,"(0.2, 0.234]",0.1125
51440,0.09359040386223302,"(0.0617, 0.0962]",0.12258064516129032
51441,-0.01521182459766136,"(-0.042, -0.00742]",0.14473684210526316
51442,0.23408570206894055,"(0.2, 0.234]",0.14084507042253522
51443,0.28632937141903425,"(0.269, 0.303]",0.18620689655172415
51444,0.27062036836453374,"(0.269, 0.303]",0.18012422360248448
51445,0.26360885619499924,"(0.234, 0.269]",0.18543046357615894
51446,0.22907001415253506,"(0.2, 0.234]",0.208955223880597
51447,0.27397266838384865,"(0.269, 0.303]",0.16783216783216784
51452,0.32412215137265094,"(0.303, 0.338]",0.17058823529411765
51453,0.3371200796177686,"(0.303, 0.338]",0.1711229946524064
51454,0.3257173903953975,"(0.303, 0.338]",0.16574585635359115
51455,0.26779596866824573,"(0.234, 0.269]",0.16374269005847952
51456,0.24555321900525945,"(0.234, 0.269]",0.15723270440251572
51457,0.281810440606516,"(0.269, 0.303]",0.1510791366906475
51458,0.372526753717347,"(0.338, 0.373]",0.1564625850340136
51459,0.3854692295488441,"(0.373, 0.407]",0.19480519480519481
51460,0.3270148536567105,"(0.303, 0.338]",0.23972602739726026
51461,0.315926262361791,"(0.303, 0.338]",0.2462686567164179
51470,0.40317784047927446,"(0.373, 0.407]",0.21301775147928995
51471,0.3466734251713926,"(0.338, 0.373]",0.1827956989247312
51472,0.32747448946418395,"(0.303, 0.338]",0.1638418079096045
51473,0.3700736577582219,"(0.338, 0.373]",0.14792899408284024
51474,0.27178643077830117,"(0.269, 0.303]",0.14666666666666667
51475,0.20709126221900448,"(0.2, 0.234]",0.16911764705882354
51476,0.19764440797640345,"(0.165, 0.2]",0.16783216783216784
51477,0.37557877085052166,"(0.373, 0.407]",0.2125
51478,0.3154939417341065,"(0.303, 0.338]",0.22
51479,0.29265843033740097,"(0.269, 0.303]",0.19852941176470587
51480,0.32035707985573053,"(0.303, 0.338]",0.1773049645390071
51488,0.36329540796694854,"(0.338, 0.373]",0.2254335260115607
51489,0.31937936324181343,"(0.303, 0.338]",0.2057142857142857
51490,0.2712216116480832,"(0.269, 0.303]",0.17058823529411765
51491,0.31042616992607514,"(0.303, 0.338]",0.15568862275449102
51492,0.3470436931573647,"(0.338, 0.373]",0.13157894736842105
51493,0.25866523706717415,"(0.234, 0.269]",0.1503267973856209
51494,0.3704611655646814,"(0.338, 0.373]",0.15584415584415584
51495,0.27867639190347865,"(0.269, 0.303]",0.17791411042944785
51496,0.36675920597718265,"(0.338, 0.373]",0.1962025316455696
51497,0.2542467815487855,"(0.234, 0.269]",0.16891891891891891
51498,0.26356159988253747,"(0.234, 0.269]",0.14864864864864866
51505,0.2815734694651987,"(0.269, 0.303]",0.17266187050359713
51506,0.27841532236783295,"(0.269, 0.303]",0.145985401459854
51513,0.34832449552881506,"(0.338, 0.373]",0.17391304347826086
51514,0.3248401210373224,"(0.303, 0.338]",0.16891891891891891
51517,0.2892643728292601,"(0.269, 0.303]",0.08695652173913043
51702,0.4076155050059277,"(0.407, 0.442]",0.31654676258992803
51726,0.3106616509067339,"(0.303, 0.338]",0.30666666666666664
51727,0.34341470295054594,"(0.338, 0.373]",0.3356643356643357
51728,0.35684899584659824,"(0.338, 0.373]",0.3049645390070922
51733,0.3511391586958942,"(0.338, 0.373]",0.30405405405405406
51734,0.3796328270787955,"(0.373, 0.407]",0.3402777777777778
51735,0.3782238356829611,"(0.373, 0.407]",0.3357142857142857
51736,0.41776897968248583,"(0.407, 0.442]",0.31756756756756754
51737,0.32826984871836745,"(0.303, 0.338]",0.3049645390070922
51738,0.26738623125309247,"(0.234, 0.269]",0.3026315789473684
51739,0.27718967525326005,"(0.269, 0.303]",0.37410071942446044
51740,0.2673543465487448,"(0.234, 0.269]",0.4266666666666667
51741,0.34301783557283194,"(0.338, 0.373]",0.43243243243243246
51765,0.29776426728982014,"(0.269, 0.303]",0.2945205479452055
51766,0.31390184250087155,"(0.303, 0.338]",0.27848101265822783
51767,0.3681881211763625,"(0.338, 0.373]",0.3333333333333333
51768,0.32599939896750113,"(0.303, 0.338]",0.31756756756756754
51772,0.36844181818254623,"(0.338, 0.373]",0.3333333333333333
51773,0.4093475777376983,"(0.407, 0.442]",0.3333333333333333
51774,0.3716482832911759,"(0.338, 0.373]",0.3233082706766917
51775,0.3190986351074076,"(0.303, 0.338]",0.31666666666666665
51776,0.3803811418142008,"(0.373, 0.407]",0.33587786259541985
51796,0.27250397989074443,"(0.269, 0.303]",0.3310810810810811
51797,0.32076407181502065,"(0.303, 0.338]",0.3287671232876712
51798,0.3538713228136613,"(0.338, 0.373]",0.28378378378378377
51799,0.34238150666254374,"(0.338, 0.373]",0.3136094674556213
51802,0.35451168775650516,"(0.338, 0.373]",0.32748538011695905
51804,0.40580474827666646,"(0.373, 0.407]",0.37662337662337664
51809,0.34505246728916017,"(0.338, 0.373]",0.38461538461538464
51810,0.3817708686945341,"(0.373, 0.407]",0.4
51811,0.2575131737920303,"(0.234, 0.269]",0.3652173913043478
51812,0.3932755400467065,"(0.373, 0.407]",0.35877862595419846
51830,0.2096686335154781,"(0.2, 0.234]",0.2206896551724138
51833,0.2558187075823786,"(0.234, 0.269]",0.32450331125827814
51834,0.26414060360179503,"(0.234, 0.269]",0.3717948717948718
51835,0.2735612528998479,"(0.269, 0.303]",0.35443037974683544
51836,0.326847320064149,"(0.303, 0.338]",0.28289473684210525
51837,0.370781962459524,"(0.338, 0.373]",0.30246913580246915
51838,0.40706903600912825,"(0.373, 0.407]",0.3037974683544304
51839,0.3761898426226825,"(0.373, 0.407]",0.33544303797468356
51840,0.3411217956734326,"(0.338, 0.373]",0.3614457831325301
51841,0.3032120951919111,"(0.269, 0.303]",0.41358024691358025
51842,0.3943845634327612,"(0.373, 0.407]",0.43243243243243246
51843,0.3814400261927259,"(0.373, 0.407]",0.46153846153846156
51844,0.3562075291504357,"(0.338, 0.373]",0.4935897435897436
51846,0.3381723027442728,"(0.338, 0.373]",0.49032258064516127
51847,0.3619100622124591,"(0.338, 0.373]",0.4697986577181208
51848,0.42892703677254695,"(0.407, 0.442]",0.5220588235294118
51867,0.287707241572468,"(0.269, 0.303]",0.3026315789473684
51868,0.3832223769613264,"(0.373, 0.407]",0.37333333333333335
51869,0.2522922064156953,"(0.234, 0.269]",0.3493150684931507
51872,0.2960896536604091,"(0.269, 0.303]",0.35251798561151076
51873,0.2673797085639518,"(0.234, 0.269]",0.38028169014084506
51874,0.3047084933141259,"(0.303, 0.338]",0.3541666666666667
51875,0.3001773840159806,"(0.269, 0.303]",0.2876712328767123
51876,0.34942067072345306,"(0.338, 0.373]",0.3057324840764331
51877,0.3665074584203995,"(0.338, 0.373]",0.31210191082802546
51878,0.3488905407788015,"(0.338, 0.373]",0.3355263157894737
51879,0.35389051990209563,"(0.338, 0.373]",0.3836477987421384
51880,0.34357172685742154,"(0.338, 0.373]",0.4267515923566879
51881,0.31696629383662156,"(0.303, 0.338]",0.4797297297297297
51882,0.4010903603531792,"(0.373, 0.407]",0.5576923076923077
51908,0.35815337961090715,"(0.338, 0.373]",0.3597560975609756
51909,0.3394346153659594,"(0.338, 0.373]",0.4050632911392405
51910,0.4118897406649584,"(0.407, 0.442]",0.34415584415584416
51911,0.3940267640174191,"(0.373, 0.407]",0.4
51914,0.3029329000849037,"(0.269, 0.303]",0.44029850746268656
51915,0.3131817534838707,"(0.303, 0.338]",0.3769230769230769
51916,0.28637981036549764,"(0.269, 0.303]",0.33587786259541985
51917,0.41346464387276105,"(0.407, 0.442]",0.35333333333333333
51918,0.37304511807005375,"(0.373, 0.407]",0.36024844720496896
51919,0.41420645966324393,"(0.407, 0.442]",0.4090909090909091
51920,0.4101745430480772,"(0.407, 0.442]",0.4528301886792453
51921,0.3596511523956527,"(0.338, 0.373]",0.5031847133757962
51951,0.39096991342311443,"(0.373, 0.407]",0.36363636363636365
51952,0.3874422291700666,"(0.373, 0.407]",0.3419354838709677
51953,0.3837469380808678,"(0.373, 0.407]",0.41566265060240964
51954,0.33942411105808024,"(0.338, 0.373]",0.3935483870967742
51955,0.3326531043488886,"(0.303, 0.338]",0.40559440559440557
51956,0.38190835570217263,"(0.373, 0.407]",0.3825503355704698
51978,0.25857785615154266,"(0.234, 0.269]",0.3028169014084507
51979,0.4322974163409979,"(0.407, 0.442]",0.2708333333333333
51980,0.34647984591391695,"(0.338, 0.373]",0.281437125748503
51981,0.32484145600599956,"(0.303, 0.338]",0.3026315789473684
51982,0.41395257700860383,"(0.407, 0.442]",0.3227848101265823
51985,0.3172867266642451,"(0.303, 0.338]",0.3419354838709677
51986,0.39545115859717983,"(0.373, 0.407]",0.3618421052631579
51987,0.3995417854532724,"(0.373, 0.407]",0.3961038961038961
51988,0.40764018063803487,"(0.407, 0.442]",0.38271604938271603
51989,0.43441512696924073,"(0.407, 0.442]",0.43452380952380953
51990,0.36401920851484776,"(0.338, 0.373]",0.40268456375838924
52012,0.3665136143735497,"(0.338, 0.373]",0.3357664233576642
52013,0.359948072113713,"(0.338, 0.373]",0.3357142857142857
52014,0.4009224267166761,"(0.373, 0.407]",0.36477987421383645
52015,0.3724046246343033,"(0.338, 0.373]",0.34868421052631576
52016,0.4073190638552579,"(0.407, 0.442]",0.35947712418300654
52018,0.2814258489553909,"(0.269, 0.303]",0.35374149659863946
52019,0.4199571221463969,"(0.407, 0.442]",0.3333333333333333
52020,0.4389794219062619,"(0.407, 0.442]",0.348993288590604
52021,0.3944746980868468,"(0.373, 0.407]",0.3591549295774648
52022,0.42601669081934707,"(0.407, 0.442]",0.35714285714285715
52044,0.26380199221011696,"(0.234, 0.269]",0.37209302325581395
52045,0.3731162385299088,"(0.373, 0.407]",0.35555555555555557
52046,0.37707935237028695,"(0.373, 0.407]",0.3561643835616438
52047,0.3142939636158893,"(0.303, 0.338]",0.31386861313868614
52048,0.43711626246856844,"(0.407, 0.442]",0.34265734265734266
52049,0.3802508626165399,"(0.373, 0.407]",0.34507042253521125
52050,0.3576799684801326,"(0.338, 0.373]",0.3732394366197183
52051,0.40823782998427816,"(0.407, 0.442]",0.375
52068,0.2745685717483528,"(0.269, 0.303]",0.4097222222222222
52069,0.4176636557097271,"(0.407, 0.442]",0.43661971830985913
52070,0.391946306404442,"(0.373, 0.407]",0.4315068493150685
52071,0.38669273890558975,"(0.373, 0.407]",0.36231884057971014
52072,0.4142838320041513,"(0.407, 0.442]",0.41007194244604317
52074,0.3697025095538811,"(0.338, 0.373]",0.41025641025641024
52085,0.23129879606110618,"(0.2, 0.234]",0.3170731707317073
52089,0.32687752136834713,"(0.303, 0.338]",0.310126582278481
52090,0.38427618124345175,"(0.373, 0.407]",0.27564102564102566
52091,0.37563827753027995,"(0.373, 0.407]",0.29577464788732394
52092,0.3522776234116411,"(0.338, 0.373]",0.39436619718309857
52093,0.2530184209025348,"(0.234, 0.269]",0.4166666666666667
52094,0.3214828752301841,"(0.303, 0.338]",0.46206896551724136
52096,0.3863234288093029,"(0.373, 0.407]",0.4258064516129032
52109,0.23223463852717716,"(0.2, 0.234]",0.34532374100719426
52110,0.07628498497103293,"(0.0617, 0.0962]",0.3282442748091603
52111,0.34202786264743573,"(0.338, 0.373]",0.3082706766917293
52112,0.2902464680872734,"(0.269, 0.303]",0.34558823529411764
52116,0.34553626633912277,"(0.338, 0.373]",0.3719512195121951
52117,0.3573115832708351,"(0.338, 0.373]",0.41134751773049644
52118,0.4015027405936975,"(0.373, 0.407]",0.5072463768115942
52119,0.3284166576443103,"(0.303, 0.338]",0.5362318840579711
52120,0.426848077743013,"(0.407, 0.442]",0.5424836601307189
52133,0.22354030752333287,"(0.2, 0.234]",0.3448275862068966
52134,0.27870992772103914,"(0.269, 0.303]",0.32116788321167883
52135,0.2579353507945248,"(0.234, 0.269]",0.3115942028985507
52136,0.3445828097324664,"(0.338, 0.373]",0.3310344827586207
52137,0.36457002193065857,"(0.338, 0.373]",0.3691275167785235
52138,0.36500679622962057,"(0.338, 0.373]",0.35135135135135137
52139,0.38013714012575467,"(0.373, 0.407]",0.36774193548387096
52140,0.3849596424722319,"(0.373, 0.407]",0.4125
52141,0.4158251387015701,"(0.407, 0.442]",0.46405228758169936
52144,0.39575078202612224,"(0.373, 0.407]",0.3588235294117647
52145,0.2830672781131792,"(0.269, 0.303]",0.39325842696629215
52146,0.3152879812357323,"(0.303, 0.338]",0.36312849162011174
52155,0.27702321466827406,"(0.269, 0.303]",0.34591194968553457
52156,0.3266394991444116,"(0.303, 0.338]",0.34177215189873417
52157,0.3345613993613287,"(0.303, 0.338]",0.37333333333333335
52158,0.42522586932065504,"(0.407, 0.442]",0.4125874125874126
52159,0.45144744479001947,"(0.442, 0.476]",0.41379310344827586
52160,0.4224824164001361,"(0.407, 0.442]",0.4246575342465753
52161,0.40039903030513363,"(0.373, 0.407]",0.4968944099378882
52162,0.4683014571776803,"(0.442, 0.476]",0.33962264150943394
52163,0.16203227527801417,"(0.131, 0.165]",0.35185185185185186
52164,0.41475708439646625,"(0.407, 0.442]",0.38461538461538464
52165,0.3316070507562665,"(0.303, 0.338]",0.3515151515151515
52166,0.39682852209197567,"(0.373, 0.407]",0.39285714285714285
52168,0.43708121102844827,"(0.407, 0.442]",0.36257309941520466
52170,0.35202517266920436,"(0.338, 0.373]",0.3411764705882353
52171,0.4307303744966629,"(0.407, 0.442]",0.3785310734463277
52172,0.3592419739541212,"(0.338, 0.373]",0.391812865497076
52173,0.35339658857296624,"(0.338, 0.373]",0.36257309941520466
52174,0.29954242659974356,"(0.269, 0.303]",0.35802469135802467
52175,0.40354530338064654,"(0.373, 0.407]",0.36419753086419754
52177,0.42066741091118537,"(0.407, 0.442]",0.43870967741935485
52178,0.39897060352594765,"(0.373, 0.407]",0.4675324675324675
52180,0.24256944552747717,"(0.234, 0.269]",0.375
52181,0.3170556364830161,"(0.303, 0.338]",0.3793103448275862
52182,0.29547479944601923,"(0.269, 0.303]",0.4267515923566879
52183,0.3761183323205922,"(0.373, 0.407]",0.41935483870967744
52186,0.412943970562858,"(0.407, 0.442]",0.4375
52187,0.4415575854518666,"(0.407, 0.442]",0.47191011235955055
52188,0.4210233415664035,"(0.407, 0.442]",0.43859649122807015
52189,0.45427750250349735,"(0.442, 0.476]",0.45714285714285713
52190,0.39004657096195405,"(0.373, 0.407]",0.45454545454545453
52191,0.3997269178323755,"(0.373, 0.407]",0.42011834319526625
52192,0.4303777562367105,"(0.407, 0.442]",0.4226190476190476
52194,0.37001966894919835,"(0.338, 0.373]",0.3722627737226277
52195,0.2912580760880983,"(0.269, 0.303]",0.3925925925925926
52196,0.372980589395687,"(0.373, 0.407]",0.44966442953020136
52197,0.4260970276685145,"(0.407, 0.442]",0.46308724832214765
52198,0.3733071511948105,"(0.373, 0.407]",0.5
52199,0.44645437205686794,"(0.442, 0.476]",0.48466257668711654
52200,0.43163842236654343,"(0.407, 0.442]",0.46551724137931033
52201,0.38218005882023126,"(0.373, 0.407]",0.4576271186440678
52202,0.36922743346147835,"(0.338, 0.373]",0.4311377245508982
52203,0.3918864162176717,"(0.373, 0.407]",0.47191011235955055
52204,0.3669158681852637,"(0.338, 0.373]",0.4484848484848485
52205,0.42788113932578187,"(0.407, 0.442]",0.47701149425287354
52206,0.44176129066642705,"(0.442, 0.476]",0.5057471264367817
52207,0.41838408589095505,"(0.407, 0.442]",0.3904109589041096
52208,0.3476139042130668,"(0.338, 0.373]",0.3916083916083916
52209,0.2191983574790296,"(0.2, 0.234]",0.3900709219858156
52210,0.39425636316715373,"(0.373, 0.407]",0.48677248677248675
52211,0.44364077270028335,"(0.442, 0.476]",0.47959183673469385
52212,0.4137084871007137,"(0.407, 0.442]",0.45555555555555555
52213,0.42795036011464116,"(0.407, 0.442]",0.4696132596685083
52214,0.4405385665279931,"(0.407, 0.442]",0.4550898203592814
52215,0.40439833724754004,"(0.373, 0.407]",0.4177215189873418
52216,0.374523331105846,"(0.373, 0.407]",0.4015151515151515
52217,0.43178142599163605,"(0.407, 0.442]",0.43209876543209874
52353,0.2866383956926861,"(0.269, 0.303]",0.17518248175182483
52388,0.38986908829806144,"(0.373, 0.407]",0.2047244094488189
52389,0.3679601986768161,"(0.338, 0.373]",0.2037037037037037
52455,0.40449570425399817,"(0.373, 0.407]",0.2894736842105263
52478,0.34510607449626685,"(0.338, 0.373]",0.3082706766917293
52501,0.3521828009570934,"(0.338, 0.373]",0.29411764705882354
52502,0.23145776000081514,"(0.2, 0.234]",0.3
52503,0.2569168076484577,"(0.234, 0.269]",0.2602739726027397
52504,0.3547596606787043,"(0.338, 0.373]",0.2727272727272727
52505,0.37998020626400064,"(0.373, 0.407]",0.2631578947368421
52523,0.3059413081933697,"(0.303, 0.338]",0.29357798165137616
52524,0.24282103929922982,"(0.234, 0.269]",0.28346456692913385
52525,0.2428126473110205,"(0.234, 0.269]",0.2733333333333333
52526,0.17832613993403423,"(0.165, 0.2]",0.23780487804878048
52527,0.2999673550220256,"(0.269, 0.303]",0.24
52528,0.10598166898380496,"(0.0962, 0.131]",0.2079207920792079
52542,0.26790422794776747,"(0.234, 0.269]",0.3
52543,0.2679957126524205,"(0.234, 0.269]",0.2866666666666667
52544,0.20120680083001075,"(0.2, 0.234]",0.27058823529411763
52545,0.06487530659832737,"(0.0617, 0.0962]",0.25380710659898476
52546,0.2422613694754174,"(0.234, 0.269]",0.22388059701492538
52547,0.13710055479205185,"(0.131, 0.165]",0.2
52561,0.20976514036785548,"(0.2, 0.234]",0.296875
52562,0.02515142508710315,"(-0.00742, 0.0271]",0.2967741935483871
52563,0.34441709081450644,"(0.338, 0.373]",0.2988505747126437
52564,0.17504285185996693,"(0.165, 0.2]",0.24864864864864866
52565,0.28706294605606003,"(0.269, 0.303]",0.2146341463414634
52566,0.1640921360582638,"(0.131, 0.165]",0.17
52567,0.3325161122881619,"(0.303, 0.338]",0.12735849056603774
52582,0.3649913473990175,"(0.338, 0.373]",0.24806201550387597
52583,0.3269876009585772,"(0.303, 0.338]",0.2602739726027397
52584,0.23765854251326102,"(0.234, 0.269]",0.2742857142857143
52585,0.25162357651194617,"(0.234, 0.269]",0.27979274611398963
52586,0.2076686065739951,"(0.2, 0.234]",0.24519230769230768
52587,0.2264896743914304,"(0.2, 0.234]",0.2217391304347826
52588,0.24302140967301356,"(0.234, 0.269]",0.1743119266055046
52589,0.1976146497190706,"(0.165, 0.2]",0.13452914798206278
52607,0.24368072213936856,"(0.234, 0.269]",0.291970802919708
52608,0.27138763730345505,"(0.269, 0.303]",0.2608695652173913
52609,0.34178518442107353,"(0.338, 0.373]",0.27071823204419887
52610,0.4159669455438368,"(0.407, 0.442]",0.3058252427184466
52611,0.36862376407739794,"(0.338, 0.373]",0.2757009345794392
52612,0.3304112363555498,"(0.303, 0.338]",0.2645739910313901
52613,0.27213509958689336,"(0.269, 0.303]",0.22439024390243903
52614,0.3003098290324041,"(0.269, 0.303]",0.1717171717171717
52633,0.4292520964818793,"(0.407, 0.442]",0.344
52634,0.4112097924106575,"(0.407, 0.442]",0.32894736842105265
52635,0.27397703975384485,"(0.269, 0.303]",0.2983425414364641
52636,0.27361845225880665,"(0.269, 0.303]",0.2663316582914573
52637,0.2990747993444762,"(0.269, 0.303]",0.2727272727272727
52638,0.35112870368844695,"(0.338, 0.373]",0.27111111111111114
52639,0.3488738246121055,"(0.338, 0.373]",0.25
52640,0.3591933041900901,"(0.338, 0.373]",0.25
52660,0.39230778482722123,"(0.373, 0.407]",0.3597122302158273
52661,0.3532406314274672,"(0.338, 0.373]",0.3287671232876712
52662,0.29370171385307337,"(0.269, 0.303]",0.29375
52663,0.3292064349490779,"(0.303, 0.338]",0.24725274725274726
52664,0.30182329202007774,"(0.269, 0.303]",0.23902439024390243
52665,0.21438252466035204,"(0.2, 0.234]",0.26244343891402716
52666,0.3674021818034711,"(0.338, 0.373]",0.25742574257425743
52667,0.36016391972043704,"(0.338, 0.373]",0.2756756756756757
52687,0.3976313886947635,"(0.373, 0.407]",0.38235294117647056
52688,0.40700066941565727,"(0.373, 0.407]",0.423841059602649
52689,0.37077160331091646,"(0.338, 0.373]",0.35064935064935066
52690,0.33909834663770494,"(0.338, 0.373]",0.32515337423312884
52691,0.1061294310939654,"(0.0962, 0.131]",0.25139664804469275
52692,0.1662354394023117,"(0.165, 0.2]",0.23618090452261306
52693,0.14333056624390442,"(0.131, 0.165]",0.2727272727272727
52694,0.34306214109530225,"(0.338, 0.373]",0.2573099415204678
52695,0.2129881375201318,"(0.2, 0.234]",0.2987012987012987
52715,0.39711390835100013,"(0.373, 0.407]",0.38461538461538464
52716,0.3485677112207078,"(0.338, 0.373]",0.29545454545454547
52717,0.3720490386365825,"(0.338, 0.373]",0.3068181818181818
52718,0.3262767748181911,"(0.303, 0.338]",0.2553191489361702
52719,0.2430043355076045,"(0.234, 0.269]",0.20526315789473684
52720,0.1223583837258597,"(0.0962, 0.131]",0.24352331606217617
52721,0.33135380079547605,"(0.303, 0.338]",0.19631901840490798
52740,0.3049580456659754,"(0.303, 0.338]",0.40384615384615385
52741,0.3784877752932937,"(0.373, 0.407]",0.36
52742,0.3649204677713751,"(0.338, 0.373]",0.375
52743,0.32318715256497643,"(0.303, 0.338]",0.26704545454545453
52744,0.3482960789738226,"(0.338, 0.373]",0.2603550295857988
52745,0.32189146051197,"(0.303, 0.338]",0.2215909090909091
52746,0.22811792452681168,"(0.2, 0.234]",0.19767441860465115
52747,0.2544997365744037,"(0.234, 0.269]",0.20670391061452514
52748,0.19310979071594875,"(0.165, 0.2]",0.17682926829268292
52749,0.23269920112952452,"(0.2, 0.234]",0.20610687022900764
52750,0.12375169953077984,"(0.0962, 0.131]",0.1896551724137931
52769,0.3118814100908919,"(0.303, 0.338]",0.33519553072625696
52770,0.14852804975884615,"(0.131, 0.165]",0.2542372881355932
52771,0.2644903134914104,"(0.234, 0.269]",0.25
52772,0.2610962554644809,"(0.234, 0.269]",0.22580645161290322
52773,0.2864941598886169,"(0.269, 0.303]",0.22099447513812154
52774,0.2849061737859522,"(0.269, 0.303]",0.20108695652173914
52775,0.30650658074387865,"(0.303, 0.338]",0.18497109826589594
52776,0.28541953391723823,"(0.269, 0.303]",0.2116788321167883
52794,0.3432470983091095,"(0.338, 0.373]",0.38922155688622756
52795,0.4051444768418076,"(0.373, 0.407]",0.31976744186046513
52796,0.3598885984004396,"(0.338, 0.373]",0.2742857142857143
52797,0.2349741671933124,"(0.234, 0.269]",0.22857142857142856
52798,0.32805792783033677,"(0.303, 0.338]",0.2
52799,0.305863100049242,"(0.303, 0.338]",0.19148936170212766
52800,0.3055175852747762,"(0.303, 0.338]",0.2111111111111111
52801,0.2938058580612313,"(0.269, 0.303]",0.18324607329842932
52802,0.42983221975817837,"(0.407, 0.442]",0.208955223880597
52803,0.27084771528692847,"(0.269, 0.303]",0.2392638036809816
52804,0.17552918707863915,"(0.165, 0.2]",0.21323529411764705
52818,0.2648709681362805,"(0.234, 0.269]",0.410958904109589
52820,0.3343085800260709,"(0.303, 0.338]",0.35443037974683544
52821,0.3756285598326382,"(0.373, 0.407]",0.29012345679012347
52822,0.2561676154447197,"(0.234, 0.269]",0.2883435582822086
52823,0.33617032940744696,"(0.303, 0.338]",0.27586206896551724
52824,0.3118466468154863,"(0.303, 0.338]",0.23369565217391305
52825,0.22765084688973353,"(0.2, 0.234]",0.20918367346938777
52826,0.29163777527697254,"(0.269, 0.303]",0.2074468085106383
52827,0.3741914128530677,"(0.373, 0.407]",0.18716577540106952
52828,0.33087169843524233,"(0.303, 0.338]",0.22277227722772278
52829,0.36425121401358773,"(0.338, 0.373]",0.26785714285714285
52844,0.34996295565818614,"(0.338, 0.373]",0.40131578947368424
52849,0.32003806138341045,"(0.303, 0.338]",0.26011560693641617
52850,0.25949728082526097,"(0.234, 0.269]",0.21637426900584794
52851,0.26268914383918085,"(0.234, 0.269]",0.19337016574585636
52852,0.3082384676572616,"(0.303, 0.338]",0.20114942528735633
52853,0.3496526281608501,"(0.338, 0.373]",0.20710059171597633
52854,0.28634757649988524,"(0.269, 0.303]",0.24598930481283424
52871,0.34047851765625736,"(0.338, 0.373]",0.2830188679245283
52872,0.23900130553465182,"(0.234, 0.269]",0.2865853658536585
52873,0.5067910547501807,"(0.476, 0.511]",0.2832369942196532
52874,0.29596555197437135,"(0.269, 0.303]",0.2222222222222222
52875,0.2574053234066553,"(0.234, 0.269]",0.19736842105263158
52876,0.08115477041923128,"(0.0617, 0.0962]",0.2112676056338028
52877,0.28729908464239157,"(0.269, 0.303]",0.2196969696969697
52893,0.38378166963335153,"(0.373, 0.407]",0.273972602739726
52894,0.42992827273504486,"(0.407, 0.442]",0.2905405405405405
52895,0.4211991618454579,"(0.407, 0.442]",0.3082191780821918
52896,0.3456389687318063,"(0.338, 0.373]",0.264
52897,0.33458988971331705,"(0.303, 0.338]",0.21621621621621623
53240,0.32620876588559217,"(0.303, 0.338]",0.1791044776119403
53241,0.3675220429823035,"(0.338, 0.373]",0.14285714285714285
53260,0.23671256923293546,"(0.234, 0.269]",0.20270270270270271
53261,0.29571834060748486,"(0.269, 0.303]",0.19463087248322147
53262,0.2961051233653164,"(0.269, 0.303]",0.15328467153284672
53281,0.26303193585433676,"(0.234, 0.269]",0.19230769230769232
53282,0.28419597915682826,"(0.269, 0.303]",0.17391304347826086
53303,0.42748560398190044,"(0.407, 0.442]",0.19607843137254902
53304,0.24516688796588515,"(0.234, 0.269]",0.16025641025641027
53305,0.3076000352024352,"(0.303, 0.338]",0.1527777777777778
53326,0.30418539427794633,"(0.303, 0.338]",0.6936170212765957
53327,0.39876628305677625,"(0.373, 0.407]",0.2
53328,0.2880807312203101,"(0.269, 0.303]",0.15584415584415584
53352,0.31386840681035294,"(0.303, 0.338]",0.1875
53376,0.2867059025332998,"(0.269, 0.303]",0.6332046332046332
53377,0.3859111065845274,"(0.373, 0.407]",0.5829383886255924
53378,0.4206513643482213,"(0.407, 0.442]",0.19672131147540983
53379,0.22124554896778229,"(0.2, 0.234]",0.17557251908396945
53487,0.4001839515362673,"(0.373, 0.407]",0.45454545454545453
53499,0.18990420937494215,"(0.165, 0.2]",0.4823529411764706
53500,0.4305911706750619,"(0.407, 0.442]",0.3791469194312796
53501,0.37900993691298435,"(0.373, 0.407]",0.2958579881656805
53502,0.24511803622283143,"(0.234, 0.269]",0.21153846153846154
53503,0.21076621588598426,"(0.2, 0.234]",0.20666666666666667
53504,0.2580299652618799,"(0.234, 0.269]",0.16129032258064516
53505,0.3046593887573754,"(0.303, 0.338]",0.14457831325301204
53512,0.3491919637440209,"(0.338, 0.373]",0.5619834710743802
53513,0.3774817636529791,"(0.373, 0.407]",0.42410714285714285
53514,0.40912395747929203,"(0.407, 0.442]",0.34673366834170855
53515,0.3755991785287059,"(0.373, 0.407]",0.2573099415204678
53516,0.3722797964009528,"(0.338, 0.373]",0.20218579234972678
53517,0.16678821129877855,"(0.165, 0.2]",0.18041237113402062
53518,0.22838400389416652,"(0.2, 0.234]",0.14210526315789473
53519,0.3327453774942526,"(0.303, 0.338]",0.13592233009708737
53526,0.38523518575371135,"(0.373, 0.407]",0.4827586206896552
53527,0.36334834205476657,"(0.338, 0.373]",0.34
53528,0.3683620034433558,"(0.338, 0.373]",0.2849462365591398
53529,0.3919580929462379,"(0.373, 0.407]",0.22941176470588234
53530,0.27450479291751567,"(0.269, 0.303]",0.1989247311827957
53531,0.2779736523320819,"(0.269, 0.303]",0.17277486910994763
53532,0.3446792383026098,"(0.338, 0.373]",0.12834224598930483
53533,0.2941746219247435,"(0.269, 0.303]",0.12562814070351758
53540,0.2769977296855042,"(0.269, 0.303]",0.3742690058479532
53541,0.3895673062485257,"(0.373, 0.407]",0.2681564245810056
53542,0.36459150040396227,"(0.338, 0.373]",0.22598870056497175
53543,0.3166903256111733,"(0.303, 0.338]",0.19393939393939394
53544,0.37617142875523363,"(0.373, 0.407]",0.17587939698492464
53545,0.046954419629142624,"(0.0271, 0.0617]",0.1507537688442211
53546,0.25463654283894344,"(0.234, 0.269]",0.12365591397849462
53547,0.06688457219985744,"(0.0617, 0.0962]",0.12121212121212122
53553,0.3138760761312308,"(0.303, 0.338]",0.2236842105263158
53554,0.3627778682917926,"(0.338, 0.373]",0.19753086419753085
53555,0.25629167846193834,"(0.234, 0.269]",0.17834394904458598
53556,0.3655910481224759,"(0.338, 0.373]",0.16243654822335024
53557,0.18529093594544166,"(0.165, 0.2]",0.14285714285714285
53558,0.06676908001282993,"(0.0617, 0.0962]",0.125
53559,0.3153788308819673,"(0.303, 0.338]",0.10552763819095477
53564,0.33943537028461745,"(0.338, 0.373]",0.21568627450980393
53565,0.35437972747499946,"(0.338, 0.373]",0.16766467065868262
53566,0.3196716785993539,"(0.303, 0.338]",0.16463414634146342
53567,0.23652145942602368,"(0.234, 0.269]",0.1404494382022472
53568,0.13084380497589782,"(0.131, 0.165]",0.10714285714285714
53573,0.3662142568555098,"(0.338, 0.373]",0.18518518518518517
53574,0.27871488986617876,"(0.269, 0.303]",0.17687074829931973
53575,0.26658838387890005,"(0.234, 0.269]",0.14465408805031446
53576,0.26712521838884107,"(0.234, 0.269]",0.16216216216216217
53577,0.35326020730902546,"(0.338, 0.373]",0.1437908496732026
53578,0.3712384517737174,"(0.338, 0.373]",0.10948905109489052
53581,0.3480767480892234,"(0.338, 0.373]",0.17094017094017094
53582,0.26484391332905566,"(0.234, 0.269]",0.14166666666666666
53583,0.29441716626280046,"(0.269, 0.303]",0.168141592920354
53666,0.28893495011379267,"(0.269, 0.303]",0.6683168316831684
53667,0.2881486086660878,"(0.269, 0.303]",0.6551724137931034
53668,0.17041494189768452,"(0.165, 0.2]",0.6218905472636815
53669,0.3475684527273153,"(0.338, 0.373]",0.5742574257425742
53670,0.3800985969598608,"(0.373, 0.407]",0.4791666666666667
53671,0.40239348284080567,"(0.373, 0.407]",0.3793103448275862
53672,0.4165924715774576,"(0.407, 0.442]",0.32558139534883723
53673,0.2776751577112746,"(0.269, 0.303]",0.3132530120481928
53674,0.2899571975112914,"(0.269, 0.303]",0.27388535031847133
53675,0.2796684253201727,"(0.269, 0.303]",0.2838709677419355
53689,0.25082949180235636,"(0.234, 0.269]",0.7135922330097088
53690,0.13560869146853785,"(0.131, 0.165]",0.6974358974358974
53691,0.23268456373184407,"(0.2, 0.234]",0.7027027027027027
53692,0.2964899279905472,"(0.269, 0.303]",0.6574585635359116
53693,0.32828917994849227,"(0.303, 0.338]",0.6040609137055838
53694,0.3713365476369427,"(0.338, 0.373]",0.5282051282051282
53695,0.3888156838635542,"(0.373, 0.407]",0.4256410256410256
53696,0.31887842001393935,"(0.303, 0.338]",0.35121951219512193
53697,0.3459159155503305,"(0.338, 0.373]",0.30256410256410254
53698,0.3850306704320377,"(0.373, 0.407]",0.25
53699,0.33567068843871617,"(0.303, 0.338]",0.23756906077348067
53702,0.3281700835653198,"(0.303, 0.338]",0.1935483870967742
53703,0.2788107999779269,"(0.269, 0.303]",0.16783216783216784
53715,0.1822659548348504,"(0.165, 0.2]",0.695852534562212
53716,0.24628079543154022,"(0.234, 0.269]",0.6748768472906403
53717,0.1919067600674576,"(0.165, 0.2]",0.6542553191489362
53718,0.39731211205346917,"(0.373, 0.407]",0.6190476190476191
53719,0.4281175246519412,"(0.407, 0.442]",0.578125
53720,0.3475735662705954,"(0.338, 0.373]",0.4797979797979798
53721,0.3774157721651962,"(0.373, 0.407]",0.39603960396039606
53722,0.39723473019243877,"(0.373, 0.407]",0.31443298969072164
53723,0.2644010749108551,"(0.234, 0.269]",0.21910112359550563
53724,0.40251536578370345,"(0.373, 0.407]",0.19254658385093168
53725,0.4101146480376076,"(0.407, 0.442]",0.20238095238095238
53726,0.3450516727002886,"(0.338, 0.373]",0.17058823529411765
53727,0.3385578423550467,"(0.338, 0.373]",0.18235294117647058
53728,0.3448949103798995,"(0.338, 0.373]",0.17543859649122806
53729,0.34622460710965175,"(0.338, 0.373]",0.16447368421052633
53730,0.20494404100874017,"(0.2, 0.234]",0.18604651162790697
53744,0.32830383688164105,"(0.303, 0.338]",0.6443298969072165
53745,0.37568454320692307,"(0.373, 0.407]",0.5842105263157895
53746,0.3285555809183798,"(0.303, 0.338]",0.6467661691542289
53747,0.3879273804846753,"(0.373, 0.407]",0.6127450980392157
53748,0.37212974015658123,"(0.338, 0.373]",0.5388349514563107
53749,0.4137254885623588,"(0.407, 0.442]",0.4512820512820513
53750,0.4197730783621075,"(0.407, 0.442]",0.32275132275132273
53751,0.3619123875992386,"(0.338, 0.373]",0.23595505617977527
53752,0.4024652591624069,"(0.373, 0.407]",0.19753086419753085
53753,0.41702384685077404,"(0.407, 0.442]",0.1901840490797546
53754,0.3340077246092846,"(0.303, 0.338]",0.15337423312883436
53755,0.34467478602165963,"(0.338, 0.373]",0.15730337078651685
53756,0.3009007968558353,"(0.269, 0.303]",0.14893617021276595
53757,0.3152575640774115,"(0.303, 0.338]",0.13903743315508021
53775,0.27833301977991676,"(0.269, 0.303]",0.5585106382978723
53776,0.3601674128386439,"(0.338, 0.373]",0.6051282051282051
53777,0.4039080234187875,"(0.373, 0.407]",0.5846153846153846
53778,0.42734074740894873,"(0.407, 0.442]",0.5369458128078818
53779,0.40501415446314326,"(0.373, 0.407]",0.4536082474226804
53780,0.40463123526788025,"(0.373, 0.407]",0.3387096774193548
53781,0.33268067263954804,"(0.303, 0.338]",0.2598870056497175
53782,0.38322003664625226,"(0.373, 0.407]",0.1952662721893491
53783,0.2521178064065275,"(0.234, 0.269]",0.18181818181818182
53784,0.27248979117732874,"(0.269, 0.303]",0.14124293785310735
53785,0.34612346997356747,"(0.338, 0.373]",0.12886597938144329
53786,0.3466843131822054,"(0.338, 0.373]",0.11940298507462686
53787,0.3320922707769953,"(0.303, 0.338]",0.1262135922330097
53788,0.32239566103856226,"(0.303, 0.338]",0.1643192488262911
53807,0.32591180407449444,"(0.303, 0.338]",0.5463917525773195
53808,0.3256040867072837,"(0.303, 0.338]",0.6041666666666666
53809,0.30034280476527714,"(0.269, 0.303]",0.5714285714285714
53810,0.3710450467903948,"(0.338, 0.373]",0.5473684210526316
53812,0.3216704615776939,"(0.303, 0.338]",0.3559322033898305
53813,0.3176398662995909,"(0.303, 0.338]",0.2988505747126437
53814,0.3753849502273732,"(0.373, 0.407]",0.22560975609756098
53815,0.3198179985962818,"(0.303, 0.338]",0.1839080459770115
53816,0.3798479203495948,"(0.373, 0.407]",0.1317365269461078
53817,0.16804113409283045,"(0.165, 0.2]",0.07738095238095238
53818,0.34430293546830204,"(0.338, 0.373]",0.07734806629834254
53819,0.3383207328020788,"(0.338, 0.373]",0.1
53820,0.38116243307760084,"(0.373, 0.407]",0.14354066985645933
53821,0.2988675764791344,"(0.269, 0.303]",0.14847161572052403
53822,0.10408276467542298,"(0.0962, 0.131]",0.14468085106382977
53840,0.3728651873619041,"(0.373, 0.407]",0.5854922279792746
53841,0.315036312370194,"(0.303, 0.338]",0.5860215053763441
53842,0.4061065479875994,"(0.373, 0.407]",0.5314285714285715
53843,0.2659437755371959,"(0.234, 0.269]",0.5144508670520231
53845,0.36299836727033297,"(0.338, 0.373]",0.3496932515337423
53846,0.33501633886984955,"(0.303, 0.338]",0.3273809523809524
53847,0.34917578310134806,"(0.338, 0.373]",0.2411764705882353
53848,0.3406719039463871,"(0.338, 0.373]",0.18235294117647058
53849,0.30973456272226185,"(0.303, 0.338]",0.11801242236024845
53850,0.4043175702702732,"(0.373, 0.407]",0.08620689655172414
53851,0.31203842494210754,"(0.303, 0.338]",0.07065217391304347
53852,0.2727656469356093,"(0.269, 0.303]",0.09644670050761421
53853,0.192154511393939,"(0.165, 0.2]",0.11904761904761904
53854,-0.03303288358793562,"(-0.042, -0.00742]",0.10648148148148148
53855,-0.02513906370929893,"(-0.042, -0.00742]",0.11214953271028037
53856,0.16690736742896814,"(0.165, 0.2]",0.091324200913242
53877,0.23246491135488936,"(0.2, 0.234]",0.5697674418604651
53880,0.3411949274629785,"(0.338, 0.373]",0.33532934131736525
53881,0.3417046412027973,"(0.338, 0.373]",0.3
53882,0.27237094263139294,"(0.269, 0.303]",0.21142857142857144
53883,0.37031418334829,"(0.338, 0.373]",0.15934065934065933
53884,0.31485948198828995,"(0.303, 0.338]",0.1016949152542373
53885,0.36078417502987165,"(0.338, 0.373]",0.09944751381215469
53886,0.3214524329583168,"(0.303, 0.338]",0.0748663101604278
53887,0.322964720530332,"(0.303, 0.338]",0.10638297872340426
53888,0.29303051848110634,"(0.269, 0.303]",0.14432989690721648
53889,0.34272076976962473,"(0.338, 0.373]",0.1346153846153846
53890,0.291478397106943,"(0.269, 0.303]",0.1346153846153846
53891,0.1451425515620917,"(0.131, 0.165]",0.11312217194570136
53892,0.23638016861983002,"(0.234, 0.269]",0.09174311926605505
53910,0.2560599922323388,"(0.234, 0.269]",0.6404494382022472
53911,0.35328537084016154,"(0.338, 0.373]",0.6342857142857142
53912,0.3549925908448529,"(0.338, 0.373]",0.5853658536585366
53913,0.35874815178108965,"(0.338, 0.373]",0.5481927710843374
53914,0.4018620691769899,"(0.373, 0.407]",0.47337278106508873
53915,0.3454748278210496,"(0.338, 0.373]",0.3508771929824561
53916,0.3272001093670208,"(0.303, 0.338]",0.30409356725146197
53917,0.2797090728768792,"(0.269, 0.303]",0.22023809523809523
53918,0.22065107599825834,"(0.2, 0.234]",0.16184971098265896
53919,0.3444700597925742,"(0.338, 0.373]",0.10857142857142857
53920,0.3985418368003095,"(0.373, 0.407]",0.12222222222222222
53921,0.38575867754583526,"(0.373, 0.407]",0.0962566844919786
53922,0.3332664044800315,"(0.303, 0.338]",0.10810810810810811
53923,0.2863390797583201,"(0.269, 0.303]",0.13812154696132597
53924,0.3017937610775017,"(0.269, 0.303]",0.12371134020618557
53925,0.2930725733494705,"(0.269, 0.303]",0.13471502590673576
53945,0.2836830098822309,"(0.269, 0.303]",0.5337423312883436
53946,0.39546206308538495,"(0.373, 0.407]",0.4457831325301205
53947,0.30535505808450847,"(0.303, 0.338]",0.33136094674556216
53948,0.31336032090971266,"(0.303, 0.338]",0.26744186046511625
53949,0.2893355373961238,"(0.269, 0.303]",0.2
53950,0.23742391567379068,"(0.234, 0.269]",0.15254237288135594
53951,0.37191761268261014,"(0.338, 0.373]",0.12429378531073447
53952,0.3217178640138505,"(0.303, 0.338]",0.14893617021276595
53953,0.33820184199426845,"(0.338, 0.373]",0.10526315789473684
53954,0.26840818155435603,"(0.234, 0.269]",0.11956521739130435
53955,0.325219849918894,"(0.303, 0.338]",0.1404494382022472
53956,0.27486401958942425,"(0.269, 0.303]",0.11049723756906077
53976,0.3245314804024035,"(0.303, 0.338]",0.71
53977,0.1453890351319873,"(0.131, 0.165]",0.6648936170212766
53978,0.28177733128956417,"(0.269, 0.303]",0.6477272727272727
53979,0.31674659161828317,"(0.303, 0.338]",0.4350282485875706
53980,0.38497135950912353,"(0.373, 0.407]",0.33157894736842103
53981,0.32458842559792267,"(0.303, 0.338]",0.25380710659898476
53982,0.32511002337125416,"(0.303, 0.338]",0.19473684210526315
53983,0.2806124391995192,"(0.269, 0.303]",0.15263157894736842
53984,0.3382055530612295,"(0.338, 0.373]",0.11666666666666667
53985,0.20363639880283985,"(0.2, 0.234]",0.11351351351351352
53986,0.27339776256856935,"(0.269, 0.303]",0.09137055837563451
53987,0.26320360486934286,"(0.234, 0.269]",0.10497237569060773
53988,0.17619795782218942,"(0.165, 0.2]",0.12432432432432433
53989,0.2202107625861272,"(0.2, 0.234]",0.1218274111675127
53990,0.20420968925147231,"(0.2, 0.234]",0.125
54012,0.2710033711476731,"(0.269, 0.303]",0.6502463054187192
54013,0.10854950330470792,"(0.0962, 0.131]",0.6368715083798883
54014,0.3267622386887502,"(0.303, 0.338]",0.639751552795031
54015,0.3631946524383935,"(0.338, 0.373]",0.5170068027210885
54016,0.3746992464392858,"(0.373, 0.407]",0.39766081871345027
54017,0.35508767194597113,"(0.338, 0.373]",0.3081081081081081
54018,0.34138467318303506,"(0.338, 0.373]",0.24489795918367346
54019,0.3218512516487433,"(0.303, 0.338]",0.20652173913043478
54020,0.3494293155815405,"(0.338, 0.373]",0.16216216216216217
54021,0.36289296359069695,"(0.338, 0.373]",0.13068181818181818
54022,0.34121033235467224,"(0.338, 0.373]",0.10734463276836158
54023,0.36825769648292994,"(0.338, 0.373]",0.09137055837563451
54024,0.26454534725540574,"(0.234, 0.269]",0.0913978494623656
54025,0.2429735026134167,"(0.234, 0.269]",0.0913978494623656
54026,0.2794679747026357,"(0.269, 0.303]",0.08717948717948718
54027,0.2242917444380448,"(0.2, 0.234]",0.09302325581395349
54054,0.3876164176091357,"(0.373, 0.407]",0.2802197802197802
54055,0.3051348621005774,"(0.303, 0.338]",0.22164948453608246
54056,0.3580561148126438,"(0.338, 0.373]",0.20725388601036268
54057,0.30247597574011204,"(0.269, 0.303]",0.17391304347826086
54058,0.4104681449330201,"(0.407, 0.442]",0.15294117647058825
54059,0.3360640396025486,"(0.303, 0.338]",0.13095238095238096
54060,0.3402490113644222,"(0.338, 0.373]",0.0893854748603352
54061,0.3453008742759295,"(0.338, 0.373]",0.1043956043956044
54062,0.30010680286994285,"(0.269, 0.303]",0.1
54063,0.2937676389629,"(0.269, 0.303]",0.10945273631840796
54064,0.20370590917935683,"(0.2, 0.234]",0.10497237569060773
54092,0.3164016590931741,"(0.303, 0.338]",0.2967032967032967
54093,0.34274338596916626,"(0.338, 0.373]",0.23232323232323232
54094,0.24885532003806496,"(0.234, 0.269]",0.20388349514563106
54095,0.2776963127218099,"(0.269, 0.303]",0.17258883248730963
54096,0.33512443178592466,"(0.303, 0.338]",0.13157894736842105
54097,0.3953053003207959,"(0.373, 0.407]",0.13114754098360656
54098,0.2976239516433862,"(0.269, 0.303]",0.12631578947368421
54099,0.2530517359201911,"(0.234, 0.269]",0.13432835820895522
54100,0.2826425293116703,"(0.269, 0.303]",0.13366336633663367
54101,0.2729896266346758,"(0.269, 0.303]",0.12796208530805686
54102,0.320866617824068,"(0.303, 0.338]",0.10891089108910891
54126,0.34937591043131966,"(0.338, 0.373]",0.5398773006134969
54127,0.3898850392496727,"(0.373, 0.407]",0.4695121951219512
54128,0.37432842850360176,"(0.373, 0.407]",0.36585365853658536
54129,0.42250441196770977,"(0.407, 0.442]",0.27710843373493976
54130,0.4470961248246243,"(0.442, 0.476]",0.23204419889502761
54131,0.364192952000837,"(0.338, 0.373]",0.1935483870967742
54132,0.38556403393331745,"(0.373, 0.407]",0.17412935323383086
54133,0.34326951585435833,"(0.338, 0.373]",0.15736040609137056
54134,0.3016840155776159,"(0.269, 0.303]",0.15846994535519127
54135,0.2951066025060684,"(0.269, 0.303]",0.1452513966480447
54136,0.33784876882165515,"(0.303, 0.338]",0.13259668508287292
54137,0.3142308642595068,"(0.303, 0.338]",0.12637362637362637
54138,0.22495895044661204,"(0.2, 0.234]",0.1116751269035533
54139,0.11179096690134951,"(0.0962, 0.131]",0.11386138613861387
54162,0.38151910715112486,"(0.373, 0.407]",0.6010928961748634
54163,0.4021272859357613,"(0.373, 0.407]",0.5344827586206896
54164,0.4076071080825951,"(0.407, 0.442]",0.5083798882681564
54165,0.3477320139602619,"(0.338, 0.373]",0.44751381215469616
54166,0.28555207060652665,"(0.269, 0.303]",0.35135135135135137
54167,0.34988483416069305,"(0.338, 0.373]",0.296875
54168,0.3603069166539694,"(0.338, 0.373]",0.2182741116751269
54169,0.39181558491416524,"(0.373, 0.407]",0.1708542713567839
54170,0.314431284423434,"(0.303, 0.338]",0.1638418079096045
54171,0.35382048375379155,"(0.338, 0.373]",0.16666666666666666
54172,0.3036277582352191,"(0.303, 0.338]",0.18518518518518517
54173,0.369659429591069,"(0.338, 0.373]",0.15730337078651685
54175,0.2677872789548244,"(0.234, 0.269]",0.1282051282051282
54202,0.39606153508069436,"(0.373, 0.407]",0.6307692307692307
54203,0.35093509290399466,"(0.338, 0.373]",0.5668449197860963
54204,0.41449620428358075,"(0.407, 0.442]",0.5166666666666667
54205,0.41617248511879756,"(0.407, 0.442]",0.47282608695652173
54206,0.37244720030425477,"(0.338, 0.373]",0.3544973544973545
54207,0.3893455150307973,"(0.373, 0.407]",0.29473684210526313
54208,0.3487541863946323,"(0.338, 0.373]",0.19672131147540983
54209,0.43987248328403983,"(0.407, 0.442]",0.1368421052631579
54210,0.28473590266373333,"(0.269, 0.303]",0.12987012987012986
54211,0.3519348695268586,"(0.338, 0.373]",0.1346153846153846
54212,0.3078454438935339,"(0.303, 0.338]",0.17391304347826086
54213,0.32777425511687946,"(0.303, 0.338]",0.15757575757575756
54215,0.25218337152671916,"(0.234, 0.269]",0.11891891891891893
54238,0.2941087923323877,"(0.269, 0.303]",0.7673469387755102
54239,0.12288917593680213,"(0.0962, 0.131]",0.775
54244,0.3193767706898788,"(0.303, 0.338]",0.5227272727272727
54245,0.4338889350965243,"(0.407, 0.442]",0.4864864864864865
54246,0.3550719244173291,"(0.338, 0.373]",0.35353535353535354
54247,0.3845862734312037,"(0.373, 0.407]",0.3065326633165829
54249,0.3367044411046796,"(0.303, 0.338]",0.15060240963855423
54250,0.3960707223462147,"(0.373, 0.407]",0.16521739130434782
54251,0.317115415540054,"(0.303, 0.338]",0.13445378151260504
54252,0.327575181631327,"(0.303, 0.338]",0.16541353383458646
54253,0.322525933306192,"(0.303, 0.338]",0.14788732394366197
54254,0.2844547037729689,"(0.269, 0.303]",0.1329479768786127
54255,0.3274291348228738,"(0.303, 0.338]",0.0989010989010989
54256,0.3110241196559703,"(0.303, 0.338]",0.08695652173913043
54278,0.1213022855667409,"(0.0962, 0.131]",0.7847533632286996
54284,0.2665194325141088,"(0.234, 0.269]",0.5414012738853503
54285,0.31530988943356514,"(0.303, 0.338]",0.4853801169590643
54286,0.37362161180778003,"(0.373, 0.407]",0.3689839572192513
54287,0.3016917408410386,"(0.269, 0.303]",0.3036649214659686
54288,0.3170105275255468,"(0.303, 0.338]",0.23837209302325582
54289,0.29013599810577245,"(0.269, 0.303]",0.15217391304347827
54290,0.33210340025643026,"(0.303, 0.338]",0.14736842105263157
54291,0.31313884507701795,"(0.303, 0.338]",0.1308411214953271
54292,0.32938047229954875,"(0.303, 0.338]",0.1328125
54293,0.3468961249499061,"(0.338, 0.373]",0.13664596273291926
54294,0.32066409818190356,"(0.303, 0.338]",0.13513513513513514
54295,0.33803269238948314,"(0.338, 0.373]",0.11666666666666667
54323,0.37412340359126556,"(0.373, 0.407]",0.4965986394557823
54324,0.30426136547641913,"(0.303, 0.338]",0.4064516129032258
54325,0.39661436963270974,"(0.373, 0.407]",0.3235294117647059
54326,0.30394790562951673,"(0.303, 0.338]",0.2541436464088398
54327,0.3226818815871029,"(0.303, 0.338]",0.20754716981132076
54328,0.29292420517560436,"(0.269, 0.303]",0.16911764705882354
54329,0.2931033880293135,"(0.269, 0.303]",0.1504424778761062
54330,0.32818975806266637,"(0.303, 0.338]",0.13559322033898305
54331,0.32984805841614506,"(0.303, 0.338]",0.13513513513513514
54332,0.3220801848900467,"(0.303, 0.338]",0.13966480446927373
54333,0.32792455876854276,"(0.303, 0.338]",0.12935323383084577
54334,0.17630099772569116,"(0.165, 0.2]",0.12371134020618557
54361,0.3187325791111266,"(0.303, 0.338]",0.4
54362,0.4358177789146443,"(0.407, 0.442]",0.32934131736526945
54363,0.36154877597502927,"(0.338, 0.373]",0.28421052631578947
54364,0.33405897245124544,"(0.303, 0.338]",0.2549019607843137
54365,0.36848709333553376,"(0.338, 0.373]",0.24581005586592178
54366,0.34449252748289544,"(0.338, 0.373]",0.2229299363057325
54367,0.36503780120613766,"(0.338, 0.373]",0.18518518518518517
54368,0.2958041485263734,"(0.269, 0.303]",0.15671641791044777
54369,0.32262560597327206,"(0.303, 0.338]",0.14473684210526316
54370,0.3416701620487907,"(0.338, 0.373]",0.14130434782608695
54371,0.3161153562243611,"(0.303, 0.338]",0.13106796116504854
54372,0.3087258153884882,"(0.303, 0.338]",0.12315270935960591
54373,0.35434813506705876,"(0.338, 0.373]",0.11398963730569948
54398,0.31568781040941857,"(0.303, 0.338]",0.4161849710982659
54399,0.43040761246541914,"(0.407, 0.442]",0.3236994219653179
54400,0.3910790930374793,"(0.373, 0.407]",0.24742268041237114
54401,0.36145371343377747,"(0.338, 0.373]",0.2097560975609756
54402,0.3504314264689134,"(0.338, 0.373]",0.19662921348314608
54403,0.34142616344412463,"(0.338, 0.373]",0.1781609195402299
54404,0.33391465932853664,"(0.303, 0.338]",0.13125
54405,0.2386843279806657,"(0.234, 0.269]",0.1390728476821192
54406,0.2919231882207012,"(0.269, 0.303]",0.12352941176470589
54407,0.25840369244029987,"(0.234, 0.269]",0.12234042553191489
54408,0.22340410966117102,"(0.2, 0.234]",0.1306532663316583
54409,0.25219849198794986,"(0.234, 0.269]",0.1201923076923077
54410,0.2503630446357788,"(0.234, 0.269]",0.11398963730569948
54434,0.31497445071843727,"(0.303, 0.338]",0.453551912568306
54435,0.41041614815835353,"(0.407, 0.442]",0.3532608695652174
54436,0.32209660569071685,"(0.303, 0.338]",0.24761904761904763
54437,0.36691072465559477,"(0.338, 0.373]",0.2345132743362832
54438,0.3415516632094134,"(0.338, 0.373]",0.22167487684729065
54439,0.3382457196300179,"(0.338, 0.373]",0.2087378640776699
54440,0.38477615202378823,"(0.373, 0.407]",0.1978021978021978
54441,0.34599116858560025,"(0.338, 0.373]",0.15757575757575756
54442,0.25193911149975673,"(0.234, 0.269]",0.14942528735632185
54443,0.32053982241136475,"(0.303, 0.338]",0.13736263736263737
54444,0.2633395890276287,"(0.234, 0.269]",0.12371134020618557
54445,0.3408362914031512,"(0.338, 0.373]",0.11794871794871795
54468,0.4514271126999421,"(0.442, 0.476]",0.44692737430167595
54469,0.39001113478019184,"(0.373, 0.407]",0.3626373626373626
54470,0.38898902793091367,"(0.373, 0.407]",0.2621359223300971
54471,0.29219985297935336,"(0.269, 0.303]",0.24
54472,0.3606582635063712,"(0.338, 0.373]",0.2383177570093458
54473,0.34962219639551034,"(0.338, 0.373]",0.22018348623853212
54474,0.27496586048960076,"(0.269, 0.303]",0.21
54475,0.27943935555626126,"(0.269, 0.303]",0.1712707182320442
54476,0.22113974445615067,"(0.2, 0.234]",0.14204545454545456
54477,0.28802666963998474,"(0.269, 0.303]",0.14035087719298245
54478,0.35329803188508324,"(0.338, 0.373]",0.12209302325581395
54479,0.20579161812461258,"(0.2, 0.234]",0.13259668508287292
54480,0.2708189315958639,"(0.269, 0.303]",0.12571428571428572
54499,0.31960977864524975,"(0.303, 0.338]",0.5962732919254659
54500,0.36814216063388805,"(0.338, 0.373]",0.5138121546961326
54501,0.3821998431427582,"(0.373, 0.407]",0.4126984126984127
54502,0.33541229794051836,"(0.303, 0.338]",0.29949238578680204
54503,0.38142563946924,"(0.373, 0.407]",0.2524271844660194
54504,0.32106480213777416,"(0.303, 0.338]",0.23300970873786409
54505,0.3635545646335235,"(0.338, 0.373]",0.21890547263681592
54506,0.34737354007819876,"(0.338, 0.373]",0.2182741116751269
54507,0.3420101445960914,"(0.338, 0.373]",0.18888888888888888
54508,0.11648978108391833,"(0.0962, 0.131]",0.16216216216216217
54509,0.345315360461637,"(0.338, 0.373]",0.164021164021164
54510,0.3063310916965503,"(0.303, 0.338]",0.1366120218579235
54529,0.32978723775305635,"(0.303, 0.338]",0.4785276073619632
54530,0.40086145789671285,"(0.373, 0.407]",0.40540540540540543
54531,0.31550052887995045,"(0.303, 0.338]",0.3177083333333333
54532,0.3520038860749218,"(0.338, 0.373]",0.2663316582914573
54533,0.4164131204556333,"(0.407, 0.442]",0.2403846153846154
54534,0.41125198619766,"(0.407, 0.442]",0.22
54535,0.3804034908232646,"(0.373, 0.407]",0.23737373737373738
54536,0.4042641125239824,"(0.373, 0.407]",0.1925133689839572
54537,0.29566202252054624,"(0.269, 0.303]",0.18333333333333332
54538,0.2510620291764959,"(0.234, 0.269]",0.19680851063829788
54539,0.2981623879357858,"(0.269, 0.303]",0.15384615384615385
54556,0.41501136879163647,"(0.407, 0.442]",0.3988439306358382
54557,0.3965664052582709,"(0.373, 0.407]",0.34408602150537637
54558,0.4275377045353408,"(0.407, 0.442]",0.23497267759562843
54559,0.35604540413899277,"(0.338, 0.373]",0.18947368421052632
54560,0.3830978286983724,"(0.373, 0.407]",0.18032786885245902
54561,0.35376987732771337,"(0.338, 0.373]",0.17297297297297298
54562,0.2807909797340462,"(0.269, 0.303]",0.2032967032967033
54563,0.2804482604977158,"(0.269, 0.303]",0.2185792349726776
54564,0.18860616587624807,"(0.165, 0.2]",0.2358974358974359
54565,0.11901815170018638,"(0.0962, 0.131]",0.22842639593908629
54582,0.4146970427365226,"(0.407, 0.442]",0.36666666666666664
54583,0.4148512632378673,"(0.407, 0.442]",0.30726256983240224
54584,0.3579144800299727,"(0.338, 0.373]",0.21081081081081082
54585,0.2731710512006418,"(0.269, 0.303]",0.16230366492146597
54586,0.2818839923102454,"(0.269, 0.303]",0.16489361702127658
54587,0.38853006166870496,"(0.373, 0.407]",0.15384615384615385
54588,0.31499329356139866,"(0.303, 0.338]",0.18333333333333332
54589,0.3723518711641,"(0.338, 0.373]",0.20526315789473684
54590,0.34433822582391316,"(0.338, 0.373]",0.21568627450980393
54591,0.25883941447372066,"(0.234, 0.269]",0.215311004784689
54592,0.2297282030518532,"(0.2, 0.234]",0.19047619047619047
54607,0.4251906505794061,"(0.407, 0.442]",0.3181818181818182
54608,0.35646111132988584,"(0.338, 0.373]",0.22459893048128343
54609,0.34697964625355027,"(0.338, 0.373]",0.18407960199004975
54610,0.23359268981912468,"(0.2, 0.234]",0.17142857142857143
54611,0.2576966302970285,"(0.234, 0.269]",0.16080402010050251
54612,0.3389349432176208,"(0.338, 0.373]",0.1794871794871795
54613,0.2222374673641912,"(0.2, 0.234]",0.19487179487179487
54614,0.23819465890596692,"(0.234, 0.269]",0.2
54615,0.1306196454342933,"(0.0962, 0.131]",0.18357487922705315
54616,0.0849471926635701,"(0.0617, 0.0962]",0.1683673469387755
54632,0.3164485618481283,"(0.303, 0.338]",0.2441860465116279
54633,0.3602990539266068,"(0.338, 0.373]",0.21717171717171718
54634,0.3382659596532507,"(0.338, 0.373]",0.19617224880382775
54635,0.3445754744136628,"(0.338, 0.373]",0.14705882352941177
54636,0.30214396994424114,"(0.269, 0.303]",0.165
54637,0.37848342297866056,"(0.373, 0.407]",0.1715686274509804
54638,0.15690408623509736,"(0.131, 0.165]",0.16267942583732056
54639,0.3204148285490893,"(0.303, 0.338]",0.15765765765765766
54657,0.25221703980184473,"(0.234, 0.269]",0.24285714285714285
54658,0.37891464549594434,"(0.373, 0.407]",0.22282608695652173
54659,0.3088025002069247,"(0.303, 0.338]",0.19138755980861244
54660,0.3416716155300733,"(0.338, 0.373]",0.14553990610328638
54661,0.3408756038244084,"(0.338, 0.373]",0.13023255813953488
54662,0.19710893443184208,"(0.165, 0.2]",0.12264150943396226
54663,0.212873453294442,"(0.2, 0.234]",0.10648148148148148
54664,0.2931378595023029,"(0.269, 0.303]",0.09375
54683,0.3222357337765457,"(0.303, 0.338]",0.21710526315789475
54684,0.3594326205816134,"(0.338, 0.373]",0.18032786885245902
54685,0.3986557558355077,"(0.373, 0.407]",0.13917525773195877
54686,0.2999013808602268,"(0.269, 0.303]",0.12682926829268293
54687,0.227754757543563,"(0.2, 0.234]",0.12376237623762376
54688,0.26200504525497564,"(0.234, 0.269]",0.10194174757281553
54710,0.4144809155822116,"(0.407, 0.442]",0.14465408805031446
54711,0.3967292187711284,"(0.373, 0.407]",0.10160427807486631
54712,0.3529454260420909,"(0.338, 0.373]",0.09615384615384616
54713,0.3514432610096185,"(0.338, 0.373]",0.10050251256281408
54714,0.18134285697564548,"(0.165, 0.2]",0.08290155440414508
54738,0.3385575890267435,"(0.338, 0.373]",0.13636363636363635
54739,0.1818131382982108,"(0.165, 0.2]",0.1511627906976744
54740,0.36343421069792337,"(0.338, 0.373]",0.12745098039215685
54741,0.2644935183584159,"(0.234, 0.269]",0.135
54766,0.3276491168512926,"(0.303, 0.338]",0.16911764705882354
54767,0.3014342853894071,"(0.269, 0.303]",0.13043478260869565
54768,0.31340705129443425,"(0.303, 0.338]",0.14948453608247422
54769,0.33438769661874246,"(0.303, 0.338]",0.12435233160621761
54770,0.2811735813368238,"(0.269, 0.303]",0.08854166666666667
54793,0.25447519624494314,"(0.234, 0.269]",0.16352201257861634
54794,0.2837363102416974,"(0.269, 0.303]",0.16853932584269662
54795,0.3502281280443794,"(0.338, 0.373]",0.15425531914893617
54796,0.31708288376078303,"(0.303, 0.338]",0.12021857923497267
54819,0.34682661596797987,"(0.338, 0.373]",0.19205298013245034
54820,0.2850531002643614,"(0.269, 0.303]",0.16666666666666666
54821,0.41009680535070836,"(0.407, 0.442]",0.125
54844,0.3379823143257605,"(0.303, 0.338]",0.1503267973856209
54845,0.32697081779633297,"(0.303, 0.338]",0.12432432432432433
54867,0.1720056575327584,"(0.165, 0.2]",0.1864406779661017
55033,0.30784492640465466,"(0.303, 0.338]",0.18548387096774194
55034,0.31249595746171993,"(0.303, 0.338]",0.19672131147540983
55035,0.23574383641137894,"(0.234, 0.269]",0.2033898305084746
55036,0.3076728176832281,"(0.303, 0.338]",0.20967741935483872
55037,0.24782546341343464,"(0.234, 0.269]",0.20869565217391303
55038,0.3339543874086282,"(0.303, 0.338]",0.17543859649122806
55039,0.3270626802763772,"(0.303, 0.338]",0.19327731092436976
55040,0.3634927330300053,"(0.338, 0.373]",0.17355371900826447
55041,0.3474526665694536,"(0.338, 0.373]",0.1487603305785124
55042,0.42115793496857,"(0.407, 0.442]",0.1487603305785124
55043,0.3605840352325979,"(0.338, 0.373]",0.14655172413793102
55044,0.3687242649090037,"(0.338, 0.373]",0.2125984251968504
55045,0.32829026827140717,"(0.303, 0.338]",0.16541353383458646
55046,0.37671291619837727,"(0.373, 0.407]",0.25
55047,0.2946614996388964,"(0.269, 0.303]",0.19858156028368795
55048,0.40930836361465006,"(0.407, 0.442]",0.14516129032258066
55049,0.3170464058989682,"(0.303, 0.338]",0.1652892561983471
55050,0.3297741752711962,"(0.303, 0.338]",0.1322314049586777
55051,0.35538747535151755,"(0.338, 0.373]",0.168
55052,0.37060556850148735,"(0.338, 0.373]",0.17355371900826447
55053,0.3619774746712135,"(0.338, 0.373]",0.16260162601626016
55054,0.35726632691759524,"(0.338, 0.373]",0.12903225806451613
55055,0.24122225122044108,"(0.234, 0.269]",0.21138211382113822
55056,0.320408727382756,"(0.303, 0.338]",0.21311475409836064
55057,0.3636597102464741,"(0.338, 0.373]",0.176
55058,0.3676040668873641,"(0.338, 0.373]",0.1693548387096774
55059,0.3100272215778167,"(0.303, 0.338]",0.22556390977443608
55060,0.34696940348842276,"(0.338, 0.373]",0.21875
55061,0.19123395191552317,"(0.165, 0.2]",0.16129032258064516
55063,0.27502455940433335,"(0.269, 0.303]",0.21666666666666667
55065,0.33089598021095945,"(0.303, 0.338]",0.1693548387096774
55066,0.32644900874149835,"(0.303, 0.338]",0.21875
55067,0.396343186101948,"(0.373, 0.407]",0.21487603305785125
55068,0.3937287430889667,"(0.373, 0.407]",0.17391304347826086
55069,0.3672976072593218,"(0.338, 0.373]",0.17266187050359713
55071,0.28986418430291,"(0.269, 0.303]",0.15833333333333333
55072,0.36425783279726764,"(0.338, 0.373]",0.12408759124087591
55073,0.21832850952644983,"(0.2, 0.234]",0.16030534351145037
55076,0.36420487092526777,"(0.338, 0.373]",0.17142857142857143
55081,0.29420760822961883,"(0.269, 0.303]",0.17424242424242425
55082,0.3766266796055636,"(0.373, 0.407]",0.19548872180451127
55087,0.3388602662274817,"(0.338, 0.373]",0.2
55088,0.3313150193727477,"(0.303, 0.338]",0.2047244094488189
55089,0.36784144336531255,"(0.338, 0.373]",0.19424460431654678
55094,0.27544459466943677,"(0.269, 0.303]",0.1746031746031746
55095,0.3726844916605431,"(0.373, 0.407]",0.17647058823529413
55104,0.3015641452405993,"(0.269, 0.303]",0.1810344827586207
55119,0.38622207562121486,"(0.373, 0.407]",0.2112676056338028
55120,0.2164891186902526,"(0.2, 0.234]",0.15671641791044777
55127,0.3301019997772092,"(0.303, 0.338]",0.2713178294573643
55128,0.4018225723454665,"(0.373, 0.407]",0.2535211267605634
55129,0.2903985216903639,"(0.269, 0.303]",0.2077922077922078
55130,0.40138250762770156,"(0.373, 0.407]",0.15217391304347827
55131,0.17871467286070744,"(0.165, 0.2]",0.11450381679389313
55136,0.40613344699405085,"(0.373, 0.407]",0.23333333333333334
55137,0.40076928102331394,"(0.373, 0.407]",0.232
55138,0.3880566822237898,"(0.373, 0.407]",0.23076923076923078
55139,0.38219980485721294,"(0.373, 0.407]",0.18055555555555555
55140,0.4066381361169995,"(0.373, 0.407]",0.11888111888111888
55141,0.20772900565828434,"(0.2, 0.234]",0.10596026490066225
55142,0.15186780472802203,"(0.131, 0.165]",0.1048951048951049
55149,0.3697425182543179,"(0.338, 0.373]",0.14754098360655737
55150,0.38081129241061834,"(0.373, 0.407]",0.16923076923076924
55151,0.37602787689472883,"(0.373, 0.407]",0.18705035971223022
55152,0.4330159342238154,"(0.407, 0.442]",0.16666666666666666
55153,0.39519749421600037,"(0.373, 0.407]",0.1320754716981132
55154,0.33636114024994995,"(0.303, 0.338]",0.10975609756097561
55155,0.3597516904350773,"(0.338, 0.373]",0.08275862068965517
55161,0.3286636390447233,"(0.303, 0.338]",0.15748031496062992
55162,0.2730134095186792,"(0.269, 0.303]",0.176056338028169
55163,0.3260897896997916,"(0.303, 0.338]",0.18571428571428572
55164,0.28347380018346874,"(0.269, 0.303]",0.16666666666666666
55165,0.31811795404092735,"(0.303, 0.338]",0.15483870967741936
55166,0.27611025519567856,"(0.269, 0.303]",0.14102564102564102
55172,0.3498105190889445,"(0.338, 0.373]",0.15126050420168066
55173,0.3848680218840012,"(0.373, 0.407]",0.1732283464566929
55174,0.35604208491926137,"(0.338, 0.373]",0.1774193548387097
55175,0.35497818568648265,"(0.338, 0.373]",0.20567375886524822
55176,0.27434118539771907,"(0.269, 0.303]",0.16911764705882354
55177,0.2828760034826796,"(0.269, 0.303]",0.13970588235294118
55178,0.2694561162489077,"(0.269, 0.303]",0.14189189189189189
55179,0.3926832612871498,"(0.373, 0.407]",0.1342281879194631
55189,0.3316619205806422,"(0.303, 0.338]",0.18705035971223022
55190,0.36519332041762337,"(0.338, 0.373]",0.18439716312056736
55191,0.34867762259514384,"(0.338, 0.373]",0.21333333333333335
55192,0.25032728216187655,"(0.234, 0.269]",0.1643835616438356
55193,0.3005265937412543,"(0.269, 0.303]",0.12686567164179105
55194,0.29747784275447653,"(0.269, 0.303]",0.16058394160583941
55203,0.3151075107764557,"(0.303, 0.338]",0.21621621621621623
55204,0.2903396666167909,"(0.269, 0.303]",0.20666666666666667
55205,0.23018502598205448,"(0.2, 0.234]",0.24203821656050956
55206,0.2782101877727729,"(0.269, 0.303]",0.1773049645390071
55218,0.38109894030006636,"(0.373, 0.407]",0.19727891156462585
55219,0.2952533250018447,"(0.269, 0.303]",0.1830065359477124
55220,0.23524786307390283,"(0.234, 0.269]",0.20261437908496732
55221,0.3125803709935422,"(0.303, 0.338]",0.14184397163120568
55229,0.3582676708599357,"(0.338, 0.373]",0.16176470588235295
55231,0.3038258027817836,"(0.303, 0.338]",0.1987179487179487
55232,0.2430061390026398,"(0.234, 0.269]",0.17391304347826086
55233,0.35528961410822857,"(0.338, 0.373]",0.17834394904458598
55242,0.3406841849940481,"(0.338, 0.373]",0.17391304347826086
55244,0.38133212061546246,"(0.373, 0.407]",0.20408163265306123
55245,0.27668452138116423,"(0.269, 0.303]",0.16560509554140126
55254,0.3063067812682776,"(0.303, 0.338]",0.22794117647058823
55266,0.3830596651149052,"(0.373, 0.407]",0.21641791044776118
55389,0.24486001327285672,"(0.234, 0.269]",0.208
55390,0.23044438035919507,"(0.2, 0.234]",0.2032520325203252
55391,0.3117446303778899,"(0.303, 0.338]",0.19827586206896552
55801,0.29424804811535765,"(0.269, 0.303]",0.10526315789473684
55802,0.35971607419522544,"(0.338, 0.373]",0.09659090909090909
55803,0.30722820763462544,"(0.303, 0.338]",0.1125
55840,0.31562376495744815,"(0.303, 0.338]",0.20118343195266272
55841,0.28563782269839366,"(0.269, 0.303]",0.10625
55842,0.2877282682722643,"(0.269, 0.303]",0.09826589595375723
55843,0.43707443284460135,"(0.407, 0.442]",0.0989010989010989
55844,0.32754065973639246,"(0.303, 0.338]",0.12962962962962962
55881,0.36742425800579903,"(0.338, 0.373]",0.3592814371257485
55882,0.39586982059826215,"(0.373, 0.407]",0.19318181818181818
55883,0.3692676340540179,"(0.338, 0.373]",0.09826589595375723
55884,0.21021461628206084,"(0.2, 0.234]",0.10614525139664804
55885,0.2150459273862778,"(0.2, 0.234]",0.10869565217391304
55886,0.20761675797726406,"(0.2, 0.234]",0.13372093023255813
55887,0.28301380816428473,"(0.269, 0.303]",0.15204678362573099
55888,0.3020497781561238,"(0.269, 0.303]",0.14545454545454545
55923,0.3674070436066044,"(0.338, 0.373]",0.49714285714285716
55924,0.38686731251086626,"(0.373, 0.407]",0.3727810650887574
55925,0.2829807299907765,"(0.269, 0.303]",0.22905027932960895
55926,0.2808703792537726,"(0.269, 0.303]",0.12138728323699421
55927,0.4027375945322528,"(0.373, 0.407]",0.13559322033898305
55928,0.32881856253447067,"(0.303, 0.338]",0.16201117318435754
55929,-0.16308851114768586,"(-0.181, -0.146]",0.17543859649122806
55930,0.28329478314967066,"(0.269, 0.303]",0.18823529411764706
55967,0.3011520212102538,"(0.269, 0.303]",0.5252525252525253
55968,0.2778528250075267,"(0.269, 0.303]",0.372972972972973
55969,0.3934052015418366,"(0.373, 0.407]",0.2356020942408377
55970,0.29985758243211097,"(0.269, 0.303]",0.13978494623655913
55971,0.32078541544004785,"(0.303, 0.338]",0.12903225806451613
55972,0.21009050861842388,"(0.2, 0.234]",0.15934065934065933
55973,0.40003627883798104,"(0.373, 0.407]",0.16292134831460675
56010,0.27457026863219613,"(0.269, 0.303]",0.18128654970760233
56011,0.3139080289256138,"(0.303, 0.338]",0.3411764705882353
56012,0.3624259085517562,"(0.338, 0.373]",0.22093023255813954
56013,0.46474442482087125,"(0.442, 0.476]",0.15730337078651685
56014,0.34272691346175804,"(0.338, 0.373]",0.13989637305699482
56015,0.36939785537861347,"(0.338, 0.373]",0.15025906735751296
56016,0.30236325349667764,"(0.269, 0.303]",0.14507772020725387
56017,0.2896338629526875,"(0.269, 0.303]",0.13846153846153847
56054,0.276797886985235,"(0.269, 0.303]",0.5686274509803921
56055,0.4112053634746547,"(0.407, 0.442]",0.423728813559322
56056,0.3789864616167139,"(0.373, 0.407]",0.27485380116959063
56057,0.40453293606040486,"(0.373, 0.407]",0.19642857142857142
56058,0.35249667139209895,"(0.338, 0.373]",0.14673913043478262
56059,0.35029548318795534,"(0.338, 0.373]",0.13829787234042554
56105,0.32778475420323044,"(0.303, 0.338]",0.6271929824561403
56106,0.2525000875874402,"(0.234, 0.269]",0.5721153846153846
56107,0.44785297712942274,"(0.442, 0.476]",0.4262295081967213
56108,0.36611626172240525,"(0.338, 0.373]",0.24404761904761904
56109,0.3545139223568327,"(0.338, 0.373]",0.18562874251497005
56110,0.3498338247637716,"(0.338, 0.373]",0.12222222222222222
56111,0.2698037313584281,"(0.269, 0.303]",0.10382513661202186
56153,0.3132829476013097,"(0.303, 0.338]",0.7430830039525692
56155,0.32270055854995466,"(0.303, 0.338]",0.6949152542372882
56156,0.43744111354102444,"(0.407, 0.442]",0.26380368098159507
56157,0.30753354215704215,"(0.303, 0.338]",0.19631901840490798
56158,0.3603325550272862,"(0.338, 0.373]",0.1751412429378531
56159,0.2521228390476349,"(0.234, 0.269]",0.13186813186813187
56204,0.2876472145799993,"(0.269, 0.303]",0.2
56205,0.3417625495362269,"(0.338, 0.373]",0.2578616352201258
56207,0.3039262636760076,"(0.303, 0.338]",0.7185185185185186
56208,0.3322799296412123,"(0.303, 0.338]",0.7114624505928854
56209,0.32988201941836864,"(0.303, 0.338]",0.7375
56210,0.25195486281635215,"(0.234, 0.269]",0.6816143497757847
56211,0.3949839807061715,"(0.373, 0.407]",0.3072289156626506
56212,0.4322432821443666,"(0.407, 0.442]",0.2345679012345679
56213,0.3470489981517072,"(0.338, 0.373]",0.1744186046511628
56257,0.30529568188303413,"(0.303, 0.338]",0.2125
56258,0.2902006834779681,"(0.269, 0.303]",0.2822085889570552
56259,0.4273988686812209,"(0.407, 0.442]",0.3522727272727273
56260,0.3699498303435289,"(0.338, 0.373]",0.74
56261,0.3835751333927034,"(0.373, 0.407]",0.7201492537313433
56262,0.3516510952381643,"(0.338, 0.373]",0.7096774193548387
56263,0.3455110171696238,"(0.338, 0.373]",0.6883116883116883
56264,0.4089258399400644,"(0.407, 0.442]",0.30120481927710846
56265,0.3506458863268998,"(0.338, 0.373]",0.23417721518987342
56266,0.29486370294429787,"(0.269, 0.303]",0.2
56307,0.24659623405879671,"(0.234, 0.269]",0.2012987012987013
56308,0.365624623354077,"(0.338, 0.373]",0.275
56309,0.3498934395808585,"(0.338, 0.373]",0.34782608695652173
56310,0.36182519227776694,"(0.338, 0.373]",0.7096774193548387
56311,0.37694552105197277,"(0.373, 0.407]",0.6893939393939394
56312,0.3329115989756304,"(0.303, 0.338]",0.7051792828685259
56313,0.2894357804980451,"(0.269, 0.303]",0.6804979253112033
56314,0.3889596675790109,"(0.373, 0.407]",0.2671232876712329
56355,0.42430796832511536,"(0.407, 0.442]",0.2389937106918239
56356,0.36121236986084543,"(0.338, 0.373]",0.3131868131868132
56357,0.4176971649993457,"(0.407, 0.442]",0.66
56358,0.3094369113298722,"(0.303, 0.338]",0.7108433734939759
56359,0.37587714273294964,"(0.373, 0.407]",0.7086614173228346
56360,0.411025419909026,"(0.407, 0.442]",0.19333333333333333
56393,0.4231760528908087,"(0.407, 0.442]",0.23780487804878048
56394,0.3787747153558833,"(0.373, 0.407]",0.32085561497326204
56396,0.368466510048412,"(0.338, 0.373]",0.2013888888888889
56397,0.32319366170892166,"(0.303, 0.338]",0.16778523489932887
56398,0.24698245128032734,"(0.234, 0.269]",0.14193548387096774
56434,0.4405751525074698,"(0.407, 0.442]",0.22151898734177214
56435,0.35569388644918526,"(0.338, 0.373]",0.30857142857142855
56436,0.3661034012330252,"(0.338, 0.373]",0.49743589743589745
56437,0.4036742427898117,"(0.373, 0.407]",0.6536796536796536
56438,0.31328950713349435,"(0.303, 0.338]",0.7011494252873564
56443,0.4139526011099747,"(0.407, 0.442]",0.14788732394366197
56444,0.28268328985839036,"(0.269, 0.303]",0.12751677852348994
56445,0.2466182362106864,"(0.234, 0.269]",0.1310344827586207
56489,0.37294779914241954,"(0.373, 0.407]",0.14685314685314685
56490,0.4058969530769517,"(0.373, 0.407]",0.11888111888111888
56527,0.4294815400012686,"(0.407, 0.442]",0.3735632183908046
56533,0.38286720075704966,"(0.373, 0.407]",0.13636363636363635
56534,0.239950787270445,"(0.234, 0.269]",0.10810810810810811
56565,0.41577173231698644,"(0.407, 0.442]",0.25149700598802394
56566,0.3888052785202245,"(0.373, 0.407]",0.3687150837988827
56567,0.3951847420189863,"(0.373, 0.407]",0.5778894472361809
56568,0.408005827533385,"(0.407, 0.442]",0.7399103139013453
56574,0.41450025729115964,"(0.407, 0.442]",0.1791044776119403
56575,0.3733857343426493,"(0.373, 0.407]",0.1464968152866242
56576,0.385769380672571,"(0.373, 0.407]",0.11538461538461539
56604,0.40018113279396206,"(0.373, 0.407]",0.25882352941176473
56605,0.4358204698665457,"(0.407, 0.442]",0.4032258064516129
56606,0.30392664665771674,"(0.303, 0.338]",0.6175115207373272
56612,0.37705089951259035,"(0.373, 0.407]",0.2112676056338028
56613,0.4069369377343406,"(0.373, 0.407]",0.15384615384615385
56614,0.3265319653336898,"(0.303, 0.338]",0.14285714285714285
56643,0.3653533716128769,"(0.338, 0.373]",0.1657142857142857
56644,0.4182675767404618,"(0.407, 0.442]",0.2808988764044944
56645,0.45545285984628403,"(0.442, 0.476]",0.4
56646,0.35020649779595886,"(0.338, 0.373]",0.7198443579766537
56652,0.3282087303046571,"(0.303, 0.338]",0.13664596273291926
56653,0.39369473216880124,"(0.373, 0.407]",0.12716763005780346
56654,0.34573309717313905,"(0.338, 0.373]",0.10119047619047619
56683,0.25594120665752135,"(0.234, 0.269]",0.19161676646706588
56684,0.4357684808491548,"(0.407, 0.442]",0.2874251497005988
56685,0.3891142068291361,"(0.373, 0.407]",0.4057142857142857
56692,0.4485973663027704,"(0.442, 0.476]",0.11888111888111888
56693,0.397201014647864,"(0.373, 0.407]",0.10126582278481013
56694,0.3759065254286942,"(0.373, 0.407]",0.0759493670886076
56723,0.4052251678206144,"(0.373, 0.407]",0.19886363636363635
56724,0.39745510137924484,"(0.373, 0.407]",0.29239766081871343
56730,0.45509197258241124,"(0.442, 0.476]",0.0967741935483871
56731,0.4368771770537913,"(0.407, 0.442]",0.0728476821192053
56732,0.30181090937680716,"(0.269, 0.303]",0.09202453987730061
56733,0.25556623217513913,"(0.234, 0.269]",0.09497206703910614
56755,0.35751798626281844,"(0.338, 0.373]",0.18229166666666666
56756,0.4180799428042149,"(0.407, 0.442]",0.3
56761,0.4134351754707431,"(0.407, 0.442]",0.14465408805031446
56762,0.4335244682571663,"(0.407, 0.442]",0.07051282051282051
56763,0.2989390367276447,"(0.269, 0.303]",0.04375
56764,0.1689755620201877,"(0.165, 0.2]",0.05172413793103448
56786,0.312501914485038,"(0.303, 0.338]",0.2958579881656805
56793,0.3592182700171179,"(0.338, 0.373]",0.16666666666666666
56794,0.2888837645563091,"(0.269, 0.303]",0.08
56795,0.3067316146098105,"(0.303, 0.338]",0.04938271604938271
56796,0.18071468509331706,"(0.165, 0.2]",0.06285714285714286
56797,0.30485876602354345,"(0.303, 0.338]",0.0663265306122449
56812,0.3184055389000388,"(0.303, 0.338]",0.2
56813,0.37568526720405643,"(0.373, 0.407]",0.2356020942408377
56814,0.3874096207956449,"(0.373, 0.407]",0.3388888888888889
56821,0.38782507211008604,"(0.373, 0.407]",0.20588235294117646
56822,0.39672193825405594,"(0.373, 0.407]",0.12290502793296089
56823,0.23960482929510143,"(0.234, 0.269]",0.08994708994708994
56824,0.3060679318434539,"(0.303, 0.338]",0.07368421052631578
56825,0.3317193908090835,"(0.303, 0.338]",0.061224489795918366
56826,0.3314473543177691,"(0.303, 0.338]",0.050761421319796954
56842,0.25296157703132177,"(0.234, 0.269]",0.26519337016574585
56852,0.33517321745868484,"(0.303, 0.338]",0.21264367816091953
56853,0.3900209156813192,"(0.373, 0.407]",0.14594594594594595
56854,0.32954063017000507,"(0.303, 0.338]",0.1164021164021164
56855,0.37864662795910087,"(0.373, 0.407]",0.06382978723404255
56856,0.35304881075338107,"(0.338, 0.373]",0.05235602094240838
56870,-0.0074897299748427956,"(-0.042, -0.00742]",0.1813186813186813
56871,0.08565090456473434,"(0.0617, 0.0962]",0.27058823529411763
56872,0.3100245070795782,"(0.303, 0.338]",0.3111111111111111
56873,0.3610083195484901,"(0.338, 0.373]",0.37058823529411766
56883,0.35909421872931535,"(0.338, 0.373]",0.37142857142857144
56884,0.35298896741950486,"(0.338, 0.373]",0.29651162790697677
56885,0.3958025695211697,"(0.373, 0.407]",0.21052631578947367
56886,0.3789658988474811,"(0.373, 0.407]",0.17297297297297298
56887,0.356445190533609,"(0.338, 0.373]",0.10285714285714286
56888,0.387376567969186,"(0.373, 0.407]",0.06486486486486487
56901,0.2761703982921349,"(0.269, 0.303]",0.13372093023255813
56902,0.3255771433396904,"(0.303, 0.338]",0.21212121212121213
56903,0.3274405329069642,"(0.303, 0.338]",0.25842696629213485
56904,0.3949538709473089,"(0.373, 0.407]",0.3390804597701149
56913,0.3325990354684723,"(0.303, 0.338]",0.6415929203539823
56914,0.3116243399553503,"(0.303, 0.338]",0.5170731707317073
56915,0.37820433143212073,"(0.373, 0.407]",0.36813186813186816
56916,0.2869543158261752,"(0.269, 0.303]",0.2826086956521739
56917,0.3607891868350328,"(0.338, 0.373]",0.21182266009852216
56918,0.46092259712291395,"(0.442, 0.476]",0.16580310880829016
56919,0.2551540769512018,"(0.234, 0.269]",0.09392265193370165
56920,0.39084701552976253,"(0.373, 0.407]",0.06382978723404255
56933,0.4142864727729373,"(0.407, 0.442]",0.22580645161290322
56934,0.4087636102883003,"(0.407, 0.442]",0.32947976878612717
56943,0.3821045382583537,"(0.373, 0.407]",0.3858695652173913
56944,0.39263119425328097,"(0.373, 0.407]",0.27956989247311825
56945,0.40183135244204293,"(0.373, 0.407]",0.19689119170984457
56946,0.3411699890238904,"(0.338, 0.373]",0.14606741573033707
56947,0.23080088649535443,"(0.2, 0.234]",0.09467455621301775
56948,0.32406888580701015,"(0.303, 0.338]",0.07303370786516854
56958,0.3402776894478192,"(0.338, 0.373]",0.1111111111111111
56959,0.40277611439752264,"(0.373, 0.407]",0.1404494382022472
56960,0.35941426437959506,"(0.338, 0.373]",0.22459893048128343
56961,0.38095969469634317,"(0.373, 0.407]",0.3575418994413408
56962,0.32512450731122505,"(0.303, 0.338]",0.6180257510729614
56972,0.448391484510344,"(0.442, 0.476]",0.37988826815642457
56973,0.39420150790460556,"(0.373, 0.407]",0.28415300546448086
56974,0.3267356885809979,"(0.303, 0.338]",0.18781725888324874
56975,0.30969146063713227,"(0.303, 0.338]",0.14285714285714285
56976,0.22173905273343386,"(0.2, 0.234]",0.12290502793296089
56987,0.35100756343499,"(0.338, 0.373]",0.12432432432432433
56988,0.39595258334038086,"(0.373, 0.407]",0.22459893048128343
56989,0.46696772826184735,"(0.442, 0.476]",0.387434554973822
56990,0.30693499421917625,"(0.303, 0.338]",0.636734693877551
57000,0.4103438071806571,"(0.407, 0.442]",0.34065934065934067
57001,0.38308402050319434,"(0.373, 0.407]",0.2356020942408377
57002,0.3853012593503778,"(0.373, 0.407]",0.14285714285714285
57003,0.27586206809694197,"(0.269, 0.303]",0.1319796954314721
57004,0.3038289312748961,"(0.303, 0.338]",0.12432432432432433
57012,0.43068180016764124,"(0.407, 0.442]",0.16292134831460675
57013,0.38167939293935604,"(0.373, 0.407]",0.2896174863387978
57024,0.45895559593743857,"(0.442, 0.476]",0.3383838383838384
57025,0.43270607002740674,"(0.407, 0.442]",0.2413793103448276
57026,0.3457701106532664,"(0.338, 0.373]",0.13541666666666666
57027,0.3716403951717372,"(0.338, 0.373]",0.14754098360655737
57028,0.3356214616944801,"(0.303, 0.338]",0.14465408805031446
57034,0.3783793420554634,"(0.373, 0.407]",0.19879518072289157
57035,0.42580085977187226,"(0.407, 0.442]",0.3236994219653179
57036,0.26721401374003695,"(0.234, 0.269]",0.7180451127819549
57047,0.40497739812141736,"(0.373, 0.407]",0.5045871559633027
57048,0.4302545135514468,"(0.407, 0.442]",0.31683168316831684
57049,0.35029210268065913,"(0.338, 0.373]",0.25773195876288657
57050,0.4010036056656359,"(0.373, 0.407]",0.17261904761904762
57057,0.4003661098913,"(0.373, 0.407]",0.3602150537634409
57058,0.41931200340285,"(0.407, 0.442]",0.547945205479452
57086,0.3843095371421818,"(0.373, 0.407]",0.1337579617834395
57087,0.35014923460226255,"(0.338, 0.373]",0.2485207100591716
57088,0.38007044167852927,"(0.373, 0.407]",0.7330827067669173
57099,0.37318855408827656,"(0.373, 0.407]",0.17088607594936708
57100,0.40766039333840476,"(0.407, 0.442]",0.2916666666666667
57108,0.39903516764837665,"(0.373, 0.407]",0.14012738853503184
57109,0.4028981942038124,"(0.373, 0.407]",0.20125786163522014
57110,0.422017603386296,"(0.407, 0.442]",0.15492957746478872
57131,0.40663759363105706,"(0.373, 0.407]",0.23376623376623376
57132,0.37973318452689375,"(0.373, 0.407]",0.25
57133,0.4008999747250485,"(0.373, 0.407]",0.24489795918367346
57143,0.37115578623694506,"(0.338, 0.373]",0.22485207100591717
57144,0.3843140628426406,"(0.373, 0.407]",0.24855491329479767
57145,0.3905802074437454,"(0.373, 0.407]",0.2658959537572254
57146,0.37108605065745676,"(0.338, 0.373]",0.3541666666666667
57156,0.3606322608110897,"(0.338, 0.373]",0.25675675675675674
57157,0.42425223735761397,"(0.407, 0.442]",0.27848101265822783
57158,0.35788316161964984,"(0.338, 0.373]",0.30864197530864196
57159,0.4017484208962762,"(0.373, 0.407]",0.37333333333333335
57160,0.47635952042669816,"(0.476, 0.511]",0.3925925925925926
57173,0.3069880497524207,"(0.303, 0.338]",0.2913907284768212
57174,0.34933247817763474,"(0.338, 0.373]",0.3246753246753247
57175,0.2756607911341173,"(0.269, 0.303]",0.35947712418300654
57176,0.3557496761960638,"(0.338, 0.373]",0.3591549295774648
57178,0.3137815491096176,"(0.303, 0.338]",0.4198473282442748
57190,0.3713489115668171,"(0.338, 0.373]",0.21367521367521367
57191,0.32509214000727366,"(0.303, 0.338]",0.24793388429752067
57192,0.33079980860446423,"(0.303, 0.338]",0.30708661417322836
57193,0.3607634941349387,"(0.338, 0.373]",0.3253968253968254
57194,0.3534258581916188,"(0.338, 0.373]",0.3333333333333333
57195,0.3173184755948793,"(0.303, 0.338]",0.373134328358209
57196,0.36625554066728294,"(0.338, 0.373]",0.3888888888888889
57212,0.35893389460232333,"(0.338, 0.373]",0.24060150375939848
57213,0.4098985329957069,"(0.407, 0.442]",0.2803030303030303
57214,0.3513464127861122,"(0.338, 0.373]",0.288
57215,0.38559683847189746,"(0.373, 0.407]",0.2846153846153846
57216,0.34459353508591634,"(0.338, 0.373]",0.33070866141732286
57217,0.4454608767536107,"(0.442, 0.476]",0.39552238805970147
57236,0.36210633886403587,"(0.338, 0.373]",0.22
57237,0.33893962945071715,"(0.338, 0.373]",0.2631578947368421
57238,0.4055967179921026,"(0.373, 0.407]",0.2785714285714286
57239,0.34755591818625825,"(0.338, 0.373]",0.2824427480916031
57240,0.36639370252467657,"(0.338, 0.373]",0.2903225806451613
57241,0.3925905853352185,"(0.373, 0.407]",0.3684210526315789
57242,0.3980991505771134,"(0.373, 0.407]",0.41134751773049644
57252,0.40079137465061343,"(0.373, 0.407]",0.6376306620209059
57264,0.38084265326490796,"(0.373, 0.407]",0.24
57265,0.2416322605871973,"(0.234, 0.269]",0.2645161290322581
57266,0.3457163548961476,"(0.338, 0.373]",0.2785714285714286
57267,0.38662432446526973,"(0.373, 0.407]",0.2713178294573643
57268,0.36343236357661896,"(0.338, 0.373]",0.2727272727272727
57269,0.4521761590070661,"(0.442, 0.476]",0.3671875
57294,0.31467931358363666,"(0.303, 0.338]",0.2138364779874214
57295,0.34540467791471563,"(0.338, 0.373]",0.2331288343558282
57296,0.33854951724272025,"(0.338, 0.373]",0.22875816993464052
57297,0.34925358015779706,"(0.338, 0.373]",0.2206896551724138
57298,0.3176067337051705,"(0.303, 0.338]",0.2426470588235294
57299,0.4285685420114989,"(0.407, 0.442]",0.323943661971831
57300,0.3610178673659718,"(0.338, 0.373]",0.3931034482758621
57314,0.2930318857953686,"(0.269, 0.303]",0.33519553072625696
57326,0.3798843258446577,"(0.373, 0.407]",0.2125
57327,0.33902671083865604,"(0.338, 0.373]",0.22289156626506024
57328,0.34853893736074415,"(0.338, 0.373]",0.21818181818181817
57329,0.37791735946798827,"(0.373, 0.407]",0.20394736842105263
57330,0.31832190010325384,"(0.303, 0.338]",0.2535211267605634
57331,0.3786989330931516,"(0.373, 0.407]",0.3082191780821918
57332,0.42218310636626516,"(0.407, 0.442]",0.37209302325581395
57344,0.3094150769780856,"(0.303, 0.338]",0.6097560975609756
57345,0.371412761935441,"(0.338, 0.373]",0.47643979057591623
57346,0.4716356155472588,"(0.442, 0.476]",0.3645320197044335
57361,0.3761405204300325,"(0.373, 0.407]",0.2222222222222222
57362,0.37386161523638983,"(0.373, 0.407]",0.19333333333333333
57363,0.3256310045932245,"(0.303, 0.338]",0.1858974358974359
57364,0.43550624216854483,"(0.407, 0.442]",0.16025641025641027
57365,0.44129929281862124,"(0.407, 0.442]",0.25
57366,0.24153321296123487,"(0.234, 0.269]",0.3018867924528302
57367,0.4067896264290342,"(0.373, 0.407]",0.38513513513513514
57368,0.35812678771465056,"(0.338, 0.373]",0.4513888888888889
57396,0.3606902217582452,"(0.338, 0.373]",0.2054794520547945
57397,0.39116408208089065,"(0.373, 0.407]",0.20121951219512196
57398,0.4160130280547299,"(0.407, 0.442]",0.1871345029239766
57399,0.41587471354203287,"(0.407, 0.442]",0.24260355029585798
57400,0.40971804405944595,"(0.407, 0.442]",0.29508196721311475
57401,0.3599031411539026,"(0.338, 0.373]",0.35714285714285715
57402,0.44301100537662214,"(0.442, 0.476]",0.4329268292682927
57403,0.35376399102010875,"(0.338, 0.373]",0.47619047619047616
57404,0.39081458618829534,"(0.373, 0.407]",0.524390243902439
57429,0.391222816561915,"(0.373, 0.407]",0.20408163265306123
57430,0.37597303990667263,"(0.373, 0.407]",0.2014388489208633
57431,0.35683859822722636,"(0.338, 0.373]",0.21019108280254778
57432,0.327413570671589,"(0.303, 0.338]",0.22981366459627328
57433,0.41599774445235516,"(0.407, 0.442]",0.28125
57434,0.38614543193261064,"(0.373, 0.407]",0.32954545454545453
57435,0.38957155979150776,"(0.373, 0.407]",0.4066666666666667
57436,0.4278087665137736,"(0.407, 0.442]",0.4407894736842105
57437,0.47007739071621396,"(0.442, 0.476]",0.46987951807228917
57438,0.3477675534240566,"(0.338, 0.373]",0.5212121212121212
57446,0.4054776301457099,"(0.373, 0.407]",0.5032679738562091
57457,0.3122162848018371,"(0.303, 0.338]",0.2
57458,0.3527568743794691,"(0.338, 0.373]",0.1875
57459,0.3658090631663678,"(0.338, 0.373]",0.19463087248322147
57460,0.31618417121245224,"(0.303, 0.338]",0.23417721518987342
57461,0.3648163864368964,"(0.338, 0.373]",0.2727272727272727
57462,0.37945819158721955,"(0.373, 0.407]",0.32748538011695905
57463,0.3981755214138972,"(0.373, 0.407]",0.40131578947368424
57464,0.3282996755167725,"(0.303, 0.338]",0.43506493506493504
57465,0.34281798309158257,"(0.338, 0.373]",0.49411764705882355
57466,0.3729487486161929,"(0.373, 0.407]",0.5117647058823529
57467,0.29705316507684715,"(0.269, 0.303]",0.5657142857142857
57489,0.3743287337048194,"(0.373, 0.407]",0.1951219512195122
57490,0.30371668423611664,"(0.303, 0.338]",0.20155038759689922
57491,0.38080589645734975,"(0.373, 0.407]",0.20422535211267606
57492,0.3307704732847954,"(0.303, 0.338]",0.2569444444444444
57493,0.359488220997598,"(0.338, 0.373]",0.24675324675324675
57494,0.3661562805028919,"(0.338, 0.373]",0.30864197530864196
57495,0.3729020026047491,"(0.373, 0.407]",0.3698630136986301
57496,0.4262468379009922,"(0.407, 0.442]",0.4217687074829932
57497,0.2878288147837237,"(0.269, 0.303]",0.5212121212121212
57519,0.29200765033482107,"(0.269, 0.303]",0.16260162601626016
57520,0.3282759233335227,"(0.303, 0.338]",0.16417910447761194
57521,0.2137160235440373,"(0.2, 0.234]",0.13846153846153847
57522,0.3629757314515189,"(0.338, 0.373]",0.21739130434782608
57523,0.38297766155915774,"(0.373, 0.407]",0.25874125874125875
57524,0.3706354679924727,"(0.338, 0.373]",0.3115942028985507
57525,0.3744806550176151,"(0.373, 0.407]",0.39097744360902253
57526,0.3371654554186968,"(0.303, 0.338]",0.4094488188976378
57548,0.3659151810937119,"(0.338, 0.373]",0.25196850393700787
57549,0.260048026097293,"(0.234, 0.269]",0.20149253731343283
57550,0.29921456967747123,"(0.269, 0.303]",0.15789473684210525
57551,0.35577527707361706,"(0.338, 0.373]",0.18705035971223022
57552,0.3679562213452728,"(0.338, 0.373]",0.20945945945945946
57553,0.422920640862852,"(0.407, 0.442]",0.2689655172413793
57554,0.37873887692350944,"(0.373, 0.407]",0.36486486486486486
57555,0.3480756671090511,"(0.338, 0.373]",0.41333333333333333
57556,0.4018205307101185,"(0.373, 0.407]",0.5
57557,0.30082465228727895,"(0.269, 0.303]",0.6358381502890174
57558,0.3089369929703311,"(0.303, 0.338]",0.7142857142857143
57583,0.306584329893529,"(0.303, 0.338]",0.23357664233576642
57584,0.4000043729330191,"(0.373, 0.407]",0.171875
57585,0.29397764215347844,"(0.269, 0.303]",0.19285714285714287
57586,0.3380813478229998,"(0.338, 0.373]",0.18493150684931506
57587,0.3487463536482461,"(0.338, 0.373]",0.22297297297297297
57588,0.3807403851370124,"(0.373, 0.407]",0.32098765432098764
57589,0.293126222485069,"(0.269, 0.303]",0.37583892617449666
57590,0.3634694064915043,"(0.338, 0.373]",0.4527027027027027
57591,0.36571506224741707,"(0.338, 0.373]",0.6919191919191919
57612,0.37177622372971086,"(0.338, 0.373]",0.2605633802816901
57613,0.4005835340548131,"(0.373, 0.407]",0.1956521739130435
57614,0.36341511316090497,"(0.338, 0.373]",0.2052980132450331
57615,0.42313071529205576,"(0.407, 0.442]",0.23178807947019867
57616,0.367921718130604,"(0.338, 0.373]",0.267515923566879
57617,0.35817232080102746,"(0.338, 0.373]",0.36024844720496896
57618,0.2898606892236007,"(0.269, 0.303]",0.41379310344827586
57619,0.36169111910206814,"(0.338, 0.373]",0.44680851063829785
57640,0.29133229324622684,"(0.269, 0.303]",0.26811594202898553
57641,0.33715276410662365,"(0.303, 0.338]",0.25170068027210885
57642,0.41086214467649146,"(0.407, 0.442]",0.2611464968152866
57643,0.438512581241234,"(0.407, 0.442]",0.2802547770700637
57644,0.3892420415186501,"(0.373, 0.407]",0.29878048780487804
57645,0.4090477390507157,"(0.407, 0.442]",0.35668789808917195
57646,0.40048758462593614,"(0.373, 0.407]",0.38095238095238093
57647,0.445231144429284,"(0.442, 0.476]",0.40131578947368424
57648,0.40763456577419394,"(0.407, 0.442]",0.46835443037974683
57649,0.43537159235142364,"(0.407, 0.442]",0.6470588235294118
57668,0.4014650175190161,"(0.373, 0.407]",0.2517985611510791
57669,0.2981930080216675,"(0.269, 0.303]",0.2624113475177305
57670,0.35711719862104746,"(0.338, 0.373]",0.2578616352201258
57671,0.4063379951511579,"(0.373, 0.407]",0.2953020134228188
57672,0.39588066069989947,"(0.373, 0.407]",0.3181818181818182
57673,0.38774567894489764,"(0.373, 0.407]",0.32679738562091504
57674,0.4631846228218832,"(0.442, 0.476]",0.3787878787878788
57675,0.3722970598713631,"(0.338, 0.373]",0.3931034482758621
57676,0.3651133947975536,"(0.338, 0.373]",0.4713375796178344
57677,0.32263652404443793,"(0.303, 0.338]",0.5604395604395604
57678,0.3719589130780459,"(0.338, 0.373]",0.5737704918032787
57679,0.4519484996969534,"(0.442, 0.476]",0.6052631578947368
57680,0.21747568690892305,"(0.2, 0.234]",0.6138613861386139
57700,0.34509986481888677,"(0.338, 0.373]",0.2222222222222222
57701,0.3832233976500899,"(0.373, 0.407]",0.25
57702,0.3687822712131453,"(0.338, 0.373]",0.25333333333333335
57703,0.4181310292834329,"(0.407, 0.442]",0.33093525179856115
57705,0.30022694041379694,"(0.269, 0.303]",0.37037037037037035
57706,0.3769721681836696,"(0.373, 0.407]",0.40625
57707,0.29757812890013946,"(0.269, 0.303]",0.4014084507042254
57708,0.3188958013326285,"(0.303, 0.338]",0.4634146341463415
57709,0.42939681685774866,"(0.407, 0.442]",0.48314606741573035
57710,0.37317941534866345,"(0.373, 0.407]",0.5208333333333334
57711,0.374397391095087,"(0.373, 0.407]",0.5638297872340425
57712,0.4005259788650409,"(0.373, 0.407]",0.6063829787234043
57734,0.318251145163329,"(0.303, 0.338]",0.18120805369127516
57735,0.3898490137648261,"(0.373, 0.407]",0.19310344827586207
57736,0.3568546775542738,"(0.338, 0.373]",0.21830985915492956
57737,0.36107633346933404,"(0.338, 0.373]",0.21830985915492956
57738,0.343712570547404,"(0.338, 0.373]",0.2647058823529412
57740,0.3045616376204568,"(0.303, 0.338]",0.29457364341085274
57741,0.3813977746494634,"(0.373, 0.407]",0.31746031746031744
57742,0.4121111598980746,"(0.407, 0.442]",0.36496350364963503
57744,0.3966177768807845,"(0.373, 0.407]",0.4682080924855491
57745,0.44327540686236866,"(0.442, 0.476]",0.5212765957446809
57746,0.41128549676797493,"(0.407, 0.442]",0.5691489361702128
57747,0.3826573127704156,"(0.373, 0.407]",0.612565445026178
57768,0.26843004970450013,"(0.234, 0.269]",0.20121951219512196
57769,0.34243533726492614,"(0.338, 0.373]",0.20915032679738563
57770,0.18333816427697483,"(0.165, 0.2]",0.18439716312056736
57771,0.3137794856082842,"(0.303, 0.338]",0.16666666666666666
57772,0.38999798550242526,"(0.373, 0.407]",0.20149253731343283
57773,0.3534046545438927,"(0.338, 0.373]",0.2537313432835821
57774,0.4220398240057039,"(0.407, 0.442]",0.256
57775,0.41038508725583916,"(0.407, 0.442]",0.3008130081300813
57778,0.2925442270350118,"(0.269, 0.303]",0.46706586826347307
57779,0.40625757248406197,"(0.373, 0.407]",0.5
57780,0.38912666306649624,"(0.373, 0.407]",0.5706521739130435
57781,0.3980351427374255,"(0.373, 0.407]",0.5978835978835979
57803,0.3562672638147968,"(0.338, 0.373]",0.1910828025477707
57804,0.3419885507160588,"(0.338, 0.373]",0.2
57805,0.41986496320654226,"(0.407, 0.442]",0.22058823529411764
57806,0.45919166020847413,"(0.442, 0.476]",0.25735294117647056
57807,0.3686621029720291,"(0.338, 0.373]",0.29927007299270075
57808,0.3445756218622326,"(0.338, 0.373]",0.28695652173913044
57809,0.3461146456561043,"(0.338, 0.373]",0.27906976744186046
57810,0.3662556242278343,"(0.338, 0.373]",0.3064516129032258
57811,0.3581024462695469,"(0.338, 0.373]",0.375886524822695
57812,0.350428048389517,"(0.338, 0.373]",0.4329268292682927
57831,0.35777787270872874,"(0.338, 0.373]",0.1875
57832,0.23747295704771632,"(0.234, 0.269]",0.20253164556962025
57833,0.37869948054307395,"(0.373, 0.407]",0.2088607594936709
57834,0.416224321710542,"(0.407, 0.442]",0.20689655172413793
57835,0.41237881064169174,"(0.407, 0.442]",0.21830985915492956
57836,0.41348779041468975,"(0.407, 0.442]",0.26573426573426573
57837,0.4153539182271304,"(0.407, 0.442]",0.25
57838,0.4324394615002852,"(0.407, 0.442]",0.26495726495726496
57839,0.38746675068775116,"(0.373, 0.407]",0.32456140350877194
57852,0.26631790116109777,"(0.234, 0.269]",0.17197452229299362
57853,0.333621729367579,"(0.303, 0.338]",0.1858974358974359
57854,0.2860956872393725,"(0.269, 0.303]",0.19480519480519481
57855,0.4187196031501425,"(0.407, 0.442]",0.2088607594936709
57856,0.40242319776494184,"(0.373, 0.407]",0.22875816993464052
57857,0.39868578400802585,"(0.373, 0.407]",0.273972602739726
57858,0.35480908053802607,"(0.338, 0.373]",0.2857142857142857
57859,0.3553561135283932,"(0.338, 0.373]",0.3076923076923077
57860,0.38515233780520847,"(0.373, 0.407]",0.3700787401574803
57861,0.4107923277083099,"(0.407, 0.442]",0.4233576642335766
57873,0.39420488643531604,"(0.373, 0.407]",0.15333333333333332
57874,0.33400603353831454,"(0.303, 0.338]",0.1527777777777778
57875,0.2923483838497872,"(0.269, 0.303]",0.18115942028985507
57876,0.393983883796616,"(0.373, 0.407]",0.2
57877,0.4028971727526941,"(0.373, 0.407]",0.23357664233576642
57878,0.4361998415339759,"(0.407, 0.442]",0.26573426573426573
57879,0.423629031364618,"(0.407, 0.442]",0.291970802919708
57880,0.38028361330556437,"(0.373, 0.407]",0.34507042253521125
57881,0.3822206533778617,"(0.373, 0.407]",0.3958333333333333
57893,0.32820617842974703,"(0.303, 0.338]",0.17687074829931973
57894,0.2814933074764375,"(0.269, 0.303]",0.17142857142857143
57895,0.39198511778299877,"(0.373, 0.407]",0.15037593984962405
57896,0.4133184227422229,"(0.407, 0.442]",0.16296296296296298
57897,0.3971866700155142,"(0.373, 0.407]",0.14285714285714285
57898,0.40959242142391467,"(0.407, 0.442]",0.18439716312056736
57899,0.4135726023474189,"(0.407, 0.442]",0.25
57900,0.35064260163580924,"(0.338, 0.373]",0.3208955223880597
57901,0.37768151529953226,"(0.373, 0.407]",0.3969465648854962
57914,0.33010602923890137,"(0.303, 0.338]",0.19117647058823528
57915,0.410720459652268,"(0.407, 0.442]",0.1721311475409836
57916,0.3993871213385786,"(0.373, 0.407]",0.2047244094488189
57917,0.40703267451427233,"(0.373, 0.407]",0.20149253731343283
57918,0.4305906160981816,"(0.407, 0.442]",0.22627737226277372
57919,0.40428739084850873,"(0.373, 0.407]",0.26174496644295303
57920,0.4215409258566548,"(0.407, 0.442]",0.32413793103448274
57921,0.3784032529820543,"(0.373, 0.407]",0.38848920863309355
57935,0.4253020873386258,"(0.407, 0.442]",0.1937984496124031
57936,0.38969985082626435,"(0.373, 0.407]",0.23015873015873015
57937,0.32908610672951394,"(0.303, 0.338]",0.23703703703703705
57938,0.41205624186288914,"(0.407, 0.442]",0.2517985611510791
57939,0.3110426645367823,"(0.303, 0.338]",0.2585034013605442
57940,0.46593622976359955,"(0.442, 0.476]",0.28
57941,0.3956773503910575,"(0.373, 0.407]",0.2949640287769784
57956,0.4153283573781233,"(0.407, 0.442]",0.22448979591836735
57957,0.44741314152001765,"(0.442, 0.476]",0.22818791946308725
57958,0.3822674818641504,"(0.373, 0.407]",0.24113475177304963
57975,0.4178289921195608,"(0.407, 0.442]",0.18471337579617833
57976,0.38058587928275384,"(0.373, 0.407]",0.19254658385093168
57977,0.41417593124608426,"(0.407, 0.442]",0.22674418604651161
57978,0.37797317289478105,"(0.373, 0.407]",0.2
57979,0.41708595281044814,"(0.407, 0.442]",0.18497109826589594
57996,0.3737038085898279,"(0.373, 0.407]",0.17834394904458598
57997,0.4362817660827645,"(0.407, 0.442]",0.18518518518518517
57998,0.3491038248651825,"(0.338, 0.373]",0.1695906432748538
57999,0.3467869411197896,"(0.338, 0.373]",0.15853658536585366
58000,0.3198515987751813,"(0.303, 0.338]",0.15625
58015,0.39523906601962405,"(0.373, 0.407]",0.14383561643835616
58016,0.3304284915325675,"(0.303, 0.338]",0.1310344827586207
58017,0.22029729723759414,"(0.2, 0.234]",0.10236220472440945
58033,0.4020535230855926,"(0.373, 0.407]",0.15384615384615385
58118,0.2749136352059011,"(0.269, 0.303]",0.7211155378486056
58125,0.3402858858668414,"(0.338, 0.373]",0.7106382978723405
58132,0.28773856610780907,"(0.269, 0.303]",0.7307692307692307
58138,0.4147834863462448,"(0.407, 0.442]",0.2077922077922078
58139,0.4418895054404181,"(0.442, 0.476]",0.25
58140,0.44300973073208805,"(0.442, 0.476]",0.3176470588235294
58141,0.4271368987946464,"(0.407, 0.442]",0.4117647058823529
58142,0.27253302224620835,"(0.269, 0.303]",0.7916666666666666
58147,0.13414251091545465,"(0.131, 0.165]",0.17796610169491525
58149,0.2838539656093014,"(0.269, 0.303]",0.12658227848101267
58152,0.3595714770196194,"(0.338, 0.373]",0.1509433962264151
58154,0.4283625545863418,"(0.407, 0.442]",0.17197452229299362
58155,0.4605653522193373,"(0.442, 0.476]",0.1686046511627907
58156,0.38524141669778733,"(0.373, 0.407]",0.21465968586387435
58157,0.3962315353648757,"(0.373, 0.407]",0.26627218934911245
58158,0.4268155433663061,"(0.407, 0.442]",0.33519553072625696
58159,0.38807757812335814,"(0.373, 0.407]",0.3905325443786982
58169,0.35384895270612143,"(0.338, 0.373]",0.1464968152866242
58170,0.33137369842138814,"(0.303, 0.338]",0.17391304347826086
58171,0.3123104630998585,"(0.303, 0.338]",0.16279069767441862
58172,0.3662183746335993,"(0.338, 0.373]",0.14124293785310735
58173,0.3279638047313739,"(0.303, 0.338]",0.143646408839779
58174,0.4107106627629132,"(0.407, 0.442]",0.11822660098522167
58175,0.3596429267822166,"(0.338, 0.373]",0.13106796116504854
58176,0.31993079669572017,"(0.303, 0.338]",0.1277533039647577
58178,0.3546097750490682,"(0.338, 0.373]",0.14213197969543148
58179,0.3226623617303102,"(0.303, 0.338]",0.13452914798206278
58180,0.2832680975552661,"(0.269, 0.303]",0.16326530612244897
58181,0.4242440170012577,"(0.407, 0.442]",0.155
58182,0.41460991441588124,"(0.407, 0.442]",0.18627450980392157
58183,0.44909782694915296,"(0.442, 0.476]",0.23668639053254437
58184,0.42692949282891984,"(0.407, 0.442]",0.3045977011494253
58185,0.4147842046992578,"(0.407, 0.442]",0.3592814371257485
58186,0.49418020221286063,"(0.476, 0.511]",0.35365853658536583
58199,0.35459410347220977,"(0.338, 0.373]",0.15151515151515152
58204,0.3827736780175864,"(0.373, 0.407]",0.09523809523809523
58205,0.35609621984554174,"(0.338, 0.373]",0.10222222222222223
58206,0.32630467509869265,"(0.303, 0.338]",0.12442396313364056
58207,0.36935204562433616,"(0.338, 0.373]",0.11282051282051282
58208,0.3282127603688946,"(0.303, 0.338]",0.12385321100917432
58209,0.36503073666202945,"(0.338, 0.373]",0.14146341463414633
58210,0.38266993994845694,"(0.373, 0.407]",0.12077294685990338
58211,0.3435252706119593,"(0.338, 0.373]",0.14418604651162792
58212,0.32594634267822425,"(0.303, 0.338]",0.15873015873015872
58213,0.40437672133960734,"(0.373, 0.407]",0.21052631578947367
58214,0.4383951057200159,"(0.407, 0.442]",0.27225130890052357
58215,0.32460624957562373,"(0.303, 0.338]",0.2972972972972973
58216,0.41608914738191244,"(0.407, 0.442]",0.3546511627906977
58217,0.44893734199641694,"(0.442, 0.476]",0.40131578947368424
58239,0.37644213947771293,"(0.373, 0.407]",0.07053941908713693
58240,0.32883951606179057,"(0.303, 0.338]",0.07725321888412018
58241,0.32973184385735355,"(0.303, 0.338]",0.09913793103448276
58242,0.3242216988510973,"(0.303, 0.338]",0.0970873786407767
58243,0.3345803695964029,"(0.303, 0.338]",0.10887096774193548
58244,0.3205085103898705,"(0.303, 0.338]",0.12389380530973451
58245,0.41467503937500805,"(0.407, 0.442]",0.11607142857142858
58246,0.36323271696928017,"(0.338, 0.373]",0.14537444933920704
58248,0.3682887178807328,"(0.338, 0.373]",0.19523809523809524
58249,0.41982895870094417,"(0.407, 0.442]",0.23786407766990292
58250,0.41214948874392143,"(0.407, 0.442]",0.23267326732673269
58251,0.3954427655314292,"(0.373, 0.407]",0.3089887640449438
58252,0.40654365532298214,"(0.373, 0.407]",0.3741496598639456
58253,0.41858871229583666,"(0.407, 0.442]",0.4166666666666667
58277,0.31375247859647054,"(0.303, 0.338]",0.07692307692307693
58278,0.3722377284725862,"(0.338, 0.373]",0.07723577235772358
58279,0.31080437715027504,"(0.303, 0.338]",0.10970464135021098
58280,0.38378237247503333,"(0.373, 0.407]",0.12857142857142856
58281,0.38596089895829944,"(0.373, 0.407]",0.13545816733067728
58282,0.33939813253099793,"(0.338, 0.373]",0.13973799126637554
58283,0.3961021959985144,"(0.373, 0.407]",0.13304721030042918
58284,0.45574395296478426,"(0.442, 0.476]",0.11372549019607843
58285,0.3699272767195137,"(0.338, 0.373]",0.11764705882352941
58286,0.4160770490554659,"(0.407, 0.442]",0.15517241379310345
58287,0.40526268029670415,"(0.373, 0.407]",0.14864864864864866
58288,0.39023141331516686,"(0.373, 0.407]",0.17733990147783252
58289,0.3674001569127639,"(0.338, 0.373]",0.23255813953488372
58293,0.384428583169366,"(0.373, 0.407]",0.43352601156069365
58317,0.38921730069643,"(0.373, 0.407]",0.10367892976588629
58318,0.27712200393291797,"(0.269, 0.303]",0.11363636363636363
58319,0.3068798567979441,"(0.303, 0.338]",0.1148936170212766
58320,0.285783729983711,"(0.269, 0.303]",0.11682242990654206
58321,0.3238635737864041,"(0.303, 0.338]",0.12389380530973451
58322,0.42927117395063147,"(0.407, 0.442]",0.12745098039215685
58323,0.408851104423026,"(0.407, 0.442]",0.11374407582938388
58324,0.385136750523642,"(0.373, 0.407]",0.09523809523809523
58325,0.40145076074836283,"(0.373, 0.407]",0.08366533864541832
58326,0.4088284933904041,"(0.407, 0.442]",0.11065573770491803
58327,0.41316152490149144,"(0.407, 0.442]",0.0984251968503937
58328,0.37011175403073393,"(0.338, 0.373]",0.1087866108786611
58329,0.381932712902231,"(0.373, 0.407]",0.16666666666666666
58330,0.418439071664193,"(0.407, 0.442]",0.17857142857142858
58331,0.46465033589138305,"(0.442, 0.476]",0.2532467532467532
58332,0.3105892822353542,"(0.303, 0.338]",0.33098591549295775
58333,0.3609387404114257,"(0.338, 0.373]",0.35365853658536583
58334,0.4283439686205863,"(0.407, 0.442]",0.3950617283950617
58335,0.3678163636078753,"(0.338, 0.373]",0.4235294117647059
58336,0.4020145917806357,"(0.373, 0.407]",0.43575418994413406
58337,0.3997439637783978,"(0.373, 0.407]",0.48148148148148145
58338,0.2718611441175023,"(0.269, 0.303]",0.5317919075144508
58339,0.3418879316765106,"(0.338, 0.373]",0.5414364640883977
58340,0.4429879886022596,"(0.442, 0.476]",0.550561797752809
58365,0.3589410408991814,"(0.338, 0.373]",0.12745098039215685
58366,0.21339026478598408,"(0.2, 0.234]",0.13440860215053763
58367,0.36900131532185254,"(0.338, 0.373]",0.13043478260869565
58368,0.3617030561448697,"(0.338, 0.373]",0.13227513227513227
58370,0.39301822439630996,"(0.373, 0.407]",0.10548523206751055
58371,0.379175023572792,"(0.373, 0.407]",0.08984375
58372,0.36529100820951926,"(0.338, 0.373]",0.10483870967741936
58373,0.3793336168144223,"(0.373, 0.407]",0.07251908396946564
58374,0.4308770351601127,"(0.407, 0.442]",0.08015267175572519
58375,0.4262250556697222,"(0.407, 0.442]",0.11261261261261261
58376,0.3765629973945659,"(0.373, 0.407]",0.12396694214876033
58377,0.35872196178544535,"(0.338, 0.373]",0.17708333333333334
58378,0.3785071505624986,"(0.373, 0.407]",0.2342857142857143
58379,0.42876580771890144,"(0.407, 0.442]",0.31666666666666665
58380,0.3322550334029641,"(0.303, 0.338]",0.33714285714285713
58381,0.39733144674918214,"(0.373, 0.407]",0.3604060913705584
58382,0.3472331507971271,"(0.338, 0.373]",0.37566137566137564
58383,0.40068121919959776,"(0.373, 0.407]",0.32967032967032966
58384,0.3435906938647208,"(0.338, 0.373]",0.4090909090909091
58385,0.3194991561279401,"(0.303, 0.338]",0.42196531791907516
58386,0.40770200794675415,"(0.407, 0.442]",0.4375
58411,0.2881430971647954,"(0.269, 0.303]",0.1588235294117647
58412,0.34614556728020995,"(0.338, 0.373]",0.18354430379746836
58413,0.3796473030080084,"(0.373, 0.407]",0.16129032258064516
58414,0.4382131302416629,"(0.407, 0.442]",0.14054054054054055
58415,0.35557928262672467,"(0.338, 0.373]",0.12796208530805686
58416,0.3581804375047036,"(0.338, 0.373]",0.09053497942386832
58417,0.4082306412899405,"(0.407, 0.442]",0.068
58418,0.3871457786320867,"(0.373, 0.407]",0.08
58419,0.28005042979911726,"(0.269, 0.303]",0.041666666666666664
58420,0.23502839863770714,"(0.234, 0.269]",0.05263157894736842
58421,0.2864212865291179,"(0.269, 0.303]",0.06048387096774194
58422,0.44307015263996563,"(0.442, 0.476]",0.0708955223880597
58423,0.39533130457038984,"(0.373, 0.407]",0.12871287128712872
58424,0.45107239067325555,"(0.442, 0.476]",0.17857142857142858
58425,0.41605552939874263,"(0.407, 0.442]",0.26288659793814434
58426,0.3225619197424243,"(0.303, 0.338]",0.2824858757062147
58427,0.41523214581309564,"(0.407, 0.442]",0.30256410256410254
58428,0.40267774469975515,"(0.373, 0.407]",0.31547619047619047
58429,0.3585727995952633,"(0.338, 0.373]",0.2694610778443114
58430,0.3506954912133192,"(0.338, 0.373]",0.3464052287581699
58431,0.3644720794972003,"(0.338, 0.373]",0.3918918918918919
58432,0.3800854275000446,"(0.373, 0.407]",0.3710691823899371
58433,0.37551618655126695,"(0.373, 0.407]",0.4857142857142857
58434,0.40123098869811097,"(0.373, 0.407]",0.5071428571428571
58465,0.37859452184664094,"(0.373, 0.407]",0.06363636363636363
58467,0.3186101072848234,"(0.303, 0.338]",0.06
58468,0.35282248145128237,"(0.338, 0.373]",0.06441717791411043
58469,0.364177839467106,"(0.338, 0.373]",0.07590759075907591
58470,0.368438840426857,"(0.338, 0.373]",0.0859106529209622
58471,0.3752090058629873,"(0.373, 0.407]",0.11574074074074074
58472,0.41635604890721084,"(0.407, 0.442]",0.15609756097560976
58473,0.3833442817236032,"(0.373, 0.407]",0.1878453038674033
58474,0.34706717394753844,"(0.338, 0.373]",0.18633540372670807
58475,0.4437898239541642,"(0.442, 0.476]",0.1564245810055866
58476,0.41620529747251594,"(0.407, 0.442]",0.11594202898550725
58477,0.41765474291105464,"(0.407, 0.442]",0.11188811188811189
58478,0.42204061369636925,"(0.407, 0.442]",0.20610687022900764
58479,0.3957454083692894,"(0.373, 0.407]",0.29365079365079366
58480,0.40023533833350755,"(0.373, 0.407]",0.2905405405405405
58481,0.34829492547349933,"(0.338, 0.373]",0.36885245901639346
58482,0.4222251018071052,"(0.407, 0.442]",0.35135135135135137
58485,0.4895061893171029,"(0.476, 0.511]",0.5111111111111111
58487,0.3422520166829252,"(0.338, 0.373]",0.6954314720812182
58488,0.2095796965200545,"(0.2, 0.234]",0.6731707317073171
58489,0.2758357331399533,"(0.269, 0.303]",0.6224489795918368
58523,0.35861667363597743,"(0.338, 0.373]",0.06752411575562701
58524,0.3690721948614254,"(0.338, 0.373]",0.0784313725490196
58525,0.3721172723934934,"(0.338, 0.373]",0.08741258741258741
58526,0.4175957562324489,"(0.407, 0.442]",0.10810810810810811
58527,0.39196409601098714,"(0.373, 0.407]",0.12440191387559808
58528,0.3712687968519919,"(0.338, 0.373]",0.14507772020725387
58529,0.4048804593971779,"(0.373, 0.407]",0.16184971098265896
58530,0.44624428208972305,"(0.442, 0.476]",0.15254237288135594
58531,0.331170861448292,"(0.303, 0.338]",0.14788732394366197
58532,0.43305654666068694,"(0.407, 0.442]",0.11267605633802817
58533,0.4057530188736341,"(0.373, 0.407]",0.1484375
58534,0.3514283719563271,"(0.338, 0.373]",0.23880597014925373
58535,0.34852046587663515,"(0.338, 0.373]",0.2275449101796407
58536,0.3657519900524293,"(0.338, 0.373]",0.2878787878787879
58537,0.38709689170026507,"(0.373, 0.407]",0.2786885245901639
58538,0.4082632260008646,"(0.407, 0.442]",0.27586206896551724
58540,0.38856537229167365,"(0.373, 0.407]",0.42168674698795183
58541,0.39171442455613636,"(0.373, 0.407]",0.375
58542,0.45803524195829864,"(0.442, 0.476]",0.39436619718309857
58543,0.43422637389712604,"(0.407, 0.442]",0.4025157232704403
58544,0.3977790832821892,"(0.373, 0.407]",0.6298076923076923
58545,0.3584811233127361,"(0.338, 0.373]",0.6311111111111111
58546,0.379621606728278,"(0.373, 0.407]",0.6548672566371682
58547,0.31549782343255467,"(0.303, 0.338]",0.6340425531914894
58548,0.2435170932843099,"(0.234, 0.269]",0.5916666666666667
58584,0.34818742964807353,"(0.338, 0.373]",0.10507246376811594
58585,0.21330967949857807,"(0.2, 0.234]",0.11374407582938388
58586,0.33863315106636094,"(0.338, 0.373]",0.1134020618556701
58587,0.3887593832119041,"(0.373, 0.407]",0.10695187165775401
58588,0.2697058918846572,"(0.269, 0.303]",0.11612903225806452
58589,0.23596196479007922,"(0.234, 0.269]",0.10457516339869281
58591,0.3993176472713813,"(0.373, 0.407]",0.11016949152542373
58592,0.2942941887256688,"(0.269, 0.303]",0.1322314049586777
58593,0.3794316724746552,"(0.373, 0.407]",0.24031007751937986
58594,0.39585997246551746,"(0.373, 0.407]",0.21794871794871795
58595,0.3820570805673566,"(0.373, 0.407]",0.2595419847328244
58598,0.41318885228461033,"(0.407, 0.442]",0.3870967741935484
58599,0.4252550070635899,"(0.407, 0.442]",0.4
58600,0.41492191432644926,"(0.407, 0.442]",0.3804347826086957
58601,0.36565228451172344,"(0.338, 0.373]",0.3968253968253968
58602,0.43369924339396726,"(0.407, 0.442]",0.4166666666666667
58606,0.40102939633300116,"(0.373, 0.407]",0.5539906103286385
58607,0.4172599332788266,"(0.407, 0.442]",0.5633187772925764
58608,0.40258085376554315,"(0.373, 0.407]",0.5546218487394958
58609,0.36336818042239705,"(0.338, 0.373]",0.5589519650655022
58610,0.43320414006484853,"(0.407, 0.442]",0.5650224215246636
58611,0.362804397758226,"(0.338, 0.373]",0.5342465753424658
58644,0.3022314259527714,"(0.269, 0.303]",0.12363636363636364
58645,0.3789862908819989,"(0.373, 0.407]",0.12017167381974249
58646,0.3407025278365973,"(0.338, 0.373]",0.10606060606060606
58647,0.3687275484957655,"(0.338, 0.373]",0.10614525139664804
58648,0.39768598508265535,"(0.373, 0.407]",0.11486486486486487
58651,0.30303782033191556,"(0.269, 0.303]",0.14516129032258066
58652,0.2755894386909645,"(0.269, 0.303]",0.14615384615384616
58653,0.3591224423288938,"(0.338, 0.373]",0.1865671641791045
58654,0.3600949930626081,"(0.338, 0.373]",0.1746987951807229
58655,0.3753022300994874,"(0.373, 0.407]",0.20496894409937888
58657,0.4166584308826234,"(0.407, 0.442]",0.2076923076923077
58658,0.3843034421758797,"(0.373, 0.407]",0.25925925925925924
58659,0.4305243349966015,"(0.407, 0.442]",0.2672413793103448
58660,0.3997718750723692,"(0.373, 0.407]",0.2876712328767123
58661,0.37401106577958926,"(0.373, 0.407]",0.3352272727272727
58662,0.3837343630579992,"(0.373, 0.407]",0.35609756097560974
58663,0.4318210001627999,"(0.407, 0.442]",0.4052631578947368
58665,0.4017827878535068,"(0.373, 0.407]",0.47282608695652173
58666,0.4648721411658072,"(0.442, 0.476]",0.4827586206896552
58667,0.35813519589509357,"(0.338, 0.373]",0.48695652173913045
58668,0.43419031973113376,"(0.407, 0.442]",0.49387755102040815
58669,0.39189400994615453,"(0.373, 0.407]",0.4805194805194805
58670,0.38016324212832286,"(0.373, 0.407]",0.47533632286995514
58671,0.41948968353092925,"(0.407, 0.442]",0.45098039215686275
58704,0.20092787114884827,"(0.2, 0.234]",0.08490566037735849
58705,0.2720467246859467,"(0.269, 0.303]",0.09183673469387756
58706,0.25224598524657055,"(0.234, 0.269]",0.10493827160493827
58707,0.41252333100743466,"(0.407, 0.442]",0.14285714285714285
58709,0.3363108759558575,"(0.303, 0.338]",0.1826086956521739
58710,0.3577930636603263,"(0.338, 0.373]",0.16666666666666666
58711,0.3708643114909851,"(0.338, 0.373]",0.16101694915254236
58712,0.43927356730969447,"(0.407, 0.442]",0.1476510067114094
58713,0.3807642361680134,"(0.373, 0.407]",0.16883116883116883
58715,0.41117637086539083,"(0.407, 0.442]",0.2
58716,0.45634414409509794,"(0.442, 0.476]",0.20134228187919462
58717,0.3459934443504914,"(0.338, 0.373]",0.19411764705882353
58718,0.3240285340441729,"(0.303, 0.338]",0.21693121693121692
58719,0.36590257614645855,"(0.338, 0.373]",0.2300469483568075
58720,0.42511408523147576,"(0.407, 0.442]",0.2694063926940639
58724,0.343940327669547,"(0.338, 0.373]",0.42857142857142855
58725,0.3206378743815742,"(0.303, 0.338]",0.4424778761061947
58726,0.3973481770872646,"(0.373, 0.407]",0.43829787234042555
58727,0.383532650052716,"(0.373, 0.407]",0.416289592760181
58728,0.34507794425001415,"(0.338, 0.373]",0.3875598086124402
58729,0.42372117597106096,"(0.407, 0.442]",0.359375
58762,0.31660141937430764,"(0.303, 0.338]",0.1
58767,0.38890198600535314,"(0.373, 0.407]",0.18518518518518517
58768,0.34749214626595787,"(0.338, 0.373]",0.13043478260869565
58769,0.41480422105506837,"(0.407, 0.442]",0.0970873786407767
58770,0.33972685485693666,"(0.338, 0.373]",0.10948905109489052
58771,0.3781903750149244,"(0.373, 0.407]",0.12658227848101267
58772,0.43641340921248034,"(0.407, 0.442]",0.1443850267379679
58773,0.37827786117785367,"(0.373, 0.407]",0.1518324607329843
58774,0.33368583146079833,"(0.303, 0.338]",0.15656565656565657
58775,0.36902781175696203,"(0.338, 0.373]",0.18303571428571427
58778,0.4155373050266936,"(0.407, 0.442]",0.25957446808510637
58779,0.43079068794728026,"(0.407, 0.442]",0.2757009345794392
58780,0.4095093532152653,"(0.407, 0.442]",0.3333333333333333
58781,0.3199194218451173,"(0.303, 0.338]",0.3439153439153439
58782,0.320052601004246,"(0.303, 0.338]",0.35436893203883496
58783,0.472180789536539,"(0.442, 0.476]",0.35294117647058826
58784,0.42648886224977084,"(0.407, 0.442]",0.3
58785,0.43457129808241,"(0.407, 0.442]",0.2961165048543689
58786,0.3689239150097559,"(0.338, 0.373]",0.26063829787234044
58826,0.35821872392531895,"(0.338, 0.373]",0.09574468085106383
58827,0.35962919772233504,"(0.338, 0.373]",0.11188811188811189
58828,0.3800026062003508,"(0.373, 0.407]",0.12299465240641712
58829,0.4299271838668745,"(0.407, 0.442]",0.14814814814814814
58830,0.3451219894903539,"(0.338, 0.373]",0.13409961685823754
58831,0.37870854745024574,"(0.373, 0.407]",0.12301587301587301
58832,0.4182503080847211,"(0.407, 0.442]",0.137546468401487
58833,0.4215441394867054,"(0.407, 0.442]",0.13937282229965156
58835,0.4011988881481818,"(0.373, 0.407]",0.22088353413654618
58836,0.360890993864829,"(0.338, 0.373]",0.23660714285714285
58837,0.42437831613715593,"(0.407, 0.442]",0.26842105263157895
58838,0.22775724391890328,"(0.2, 0.234]",0.2956989247311828
58839,0.3805120555743314,"(0.373, 0.407]",0.3140096618357488
58840,0.39296005887591945,"(0.373, 0.407]",0.3333333333333333
58841,0.37034823070418615,"(0.338, 0.373]",0.29596412556053814
58842,0.3897480872778535,"(0.373, 0.407]",0.27312775330396477
58843,0.40538802228700604,"(0.373, 0.407]",0.22330097087378642
58844,0.357089388773706,"(0.338, 0.373]",0.19375
58887,0.3527761987480363,"(0.338, 0.373]",0.15584415584415584
58888,0.3162366633635267,"(0.303, 0.338]",0.13157894736842105
58889,0.3784281919984765,"(0.373, 0.407]",0.1301775147928994
58890,0.41916578476227867,"(0.407, 0.442]",0.14102564102564102
58891,0.4079737342345435,"(0.407, 0.442]",0.10266159695817491
58892,0.3643825127404027,"(0.338, 0.373]",0.125
58893,0.3511827755924234,"(0.338, 0.373]",0.11224489795918367
58894,0.38408323395414823,"(0.373, 0.407]",0.10472972972972973
58895,0.34173719410883796,"(0.338, 0.373]",0.1434108527131783
58896,0.37735904587397584,"(0.373, 0.407]",0.13962264150943396
58897,0.295663618656484,"(0.269, 0.303]",0.17886178861788618
58898,0.4193948796032678,"(0.407, 0.442]",0.20952380952380953
58899,0.3064852720681837,"(0.303, 0.338]",0.23214285714285715
58900,0.2726130288553645,"(0.269, 0.303]",0.27155172413793105
58901,0.32271138691691,"(0.303, 0.338]",0.2946859903381642
58902,0.4615974516074328,"(0.442, 0.476]",0.27155172413793105
58903,0.424879226093126,"(0.407, 0.442]",0.2511013215859031
58904,0.39757308552823234,"(0.373, 0.407]",0.20754716981132076
58905,0.24094273460057428,"(0.234, 0.269]",0.1893491124260355
58948,0.27224462507905245,"(0.269, 0.303]",0.18691588785046728
58949,0.29579105030092584,"(0.269, 0.303]",0.17777777777777778
58950,0.4360995102884251,"(0.407, 0.442]",0.16279069767441862
58951,0.3427770161244636,"(0.338, 0.373]",0.15418502202643172
58952,0.24881454587663013,"(0.234, 0.269]",0.11814345991561181
58953,0.2374457712883286,"(0.234, 0.269]",0.14979757085020243
58954,0.3896635272179783,"(0.373, 0.407]",0.1206896551724138
58955,0.3595204357932458,"(0.338, 0.373]",0.10847457627118644
58956,0.397023559272202,"(0.373, 0.407]",0.13768115942028986
58957,0.3797928190012064,"(0.373, 0.407]",0.11387900355871886
58958,0.3150551123783553,"(0.303, 0.338]",0.14960629921259844
58959,0.3673295583662363,"(0.338, 0.373]",0.18807339449541285
58960,0.4034459640525439,"(0.373, 0.407]",0.2025862068965517
58961,0.34105314936303377,"(0.338, 0.373]",0.22540983606557377
58962,0.45157646451149946,"(0.442, 0.476]",0.2687224669603524
58963,0.4687968320082986,"(0.442, 0.476]",0.24899598393574296
58964,0.3365633668679209,"(0.303, 0.338]",0.23478260869565218
58965,0.40258671774479254,"(0.373, 0.407]",0.24019607843137256
58966,0.33349695732684265,"(0.303, 0.338]",0.20754716981132076
59009,0.30980138064538587,"(0.303, 0.338]",0.2198581560283688
59010,0.30024751618061607,"(0.269, 0.303]",0.19760479041916168
59011,0.30497545608121596,"(0.303, 0.338]",0.18222222222222223
59012,0.31814270208793877,"(0.303, 0.338]",0.14893617021276595
59013,0.30847095517458456,"(0.303, 0.338]",0.16115702479338842
59014,0.26777376727019614,"(0.234, 0.269]",0.1347517730496454
59015,0.35180640423401227,"(0.338, 0.373]",0.10175438596491228
59016,0.3063551359278778,"(0.303, 0.338]",0.11678832116788321
59017,0.41160920304596305,"(0.407, 0.442]",0.08303249097472924
59018,0.4411941764832393,"(0.407, 0.442]",0.11155378486055777
59019,0.3597418407790366,"(0.338, 0.373]",0.15789473684210525
59020,0.35369821085263176,"(0.338, 0.373]",0.17488789237668162
59021,0.3215701214946252,"(0.303, 0.338]",0.2217741935483871
59022,0.36484112699224924,"(0.338, 0.373]",0.2631578947368421
59023,0.39516856631161196,"(0.373, 0.407]",0.26171875
59024,0.3936829523165451,"(0.373, 0.407]",0.24782608695652175
59025,0.46478971691622734,"(0.442, 0.476]",0.24731182795698925
59026,0.2805672571399432,"(0.269, 0.303]",0.2125984251968504
59070,0.15792224907501834,"(0.131, 0.165]",0.18867924528301888
59071,0.2715115559611882,"(0.269, 0.303]",0.17676767676767677
59072,0.25889510055932236,"(0.234, 0.269]",0.1641025641025641
59073,0.34448406284479177,"(0.338, 0.373]",0.18981481481481483
59074,0.35801108820263766,"(0.338, 0.373]",0.1590909090909091
59075,0.3489384102299091,"(0.338, 0.373]",0.1206896551724138
59076,0.40165632055306566,"(0.373, 0.407]",0.11513157894736842
59077,0.4265317747628544,"(0.407, 0.442]",0.06930693069306931
59078,0.38696154929529625,"(0.373, 0.407]",0.10294117647058823
59079,0.39318514714942154,"(0.373, 0.407]",0.1318181818181818
59080,0.34394370663652934,"(0.338, 0.373]",0.14957264957264957
59081,0.3415034659271127,"(0.338, 0.373]",0.1794871794871795
59082,0.43421032597482867,"(0.407, 0.442]",0.1916376306620209
59083,0.35523264138589644,"(0.338, 0.373]",0.20068027210884354
59084,0.4305156913041147,"(0.407, 0.442]",0.199203187250996
59085,0.3466763392509219,"(0.338, 0.373]",0.2154696132596685
59086,0.33002642447046004,"(0.303, 0.338]",0.18691588785046728
59129,0.32326529565001194,"(0.303, 0.338]",0.1650485436893204
59130,0.34546872295261283,"(0.338, 0.373]",0.1921182266009852
59131,0.2882670337666819,"(0.269, 0.303]",0.19815668202764977
59132,0.3117100394803049,"(0.303, 0.338]",0.19742489270386265
59133,0.3428893153156043,"(0.338, 0.373]",0.13909774436090225
59134,0.33110276911880704,"(0.303, 0.338]",0.11666666666666667
59135,0.41866782038623457,"(0.407, 0.442]",0.09967845659163987
59136,0.3491800276504493,"(0.338, 0.373]",0.13194444444444445
59137,0.3559470121513193,"(0.338, 0.373]",0.16260162601626016
59138,0.3921652485075102,"(0.373, 0.407]",0.18421052631578946
59139,0.3897553438099392,"(0.373, 0.407]",0.1801470588235294
59140,0.36269580575595944,"(0.338, 0.373]",0.1762820512820513
59141,0.32306566138381765,"(0.303, 0.338]",0.17665615141955837
59142,0.315537237970715,"(0.303, 0.338]",0.17518248175182483
59144,0.28253782133548366,"(0.269, 0.303]",0.18556701030927836
59186,0.3346283389637406,"(0.303, 0.338]",0.15306122448979592
59187,0.32536113905992625,"(0.303, 0.338]",0.18947368421052632
59188,0.35266298013051617,"(0.338, 0.373]",0.1848341232227488
59189,0.41283619539101973,"(0.407, 0.442]",0.20175438596491227
59190,0.36179263219144286,"(0.338, 0.373]",0.15942028985507245
59191,0.3250685375858695,"(0.303, 0.338]",0.12779552715654952
59192,0.3217414366983735,"(0.303, 0.338]",0.13333333333333333
59196,0.356116415248137,"(0.338, 0.373]",0.16433566433566432
59197,0.22349812753527895,"(0.2, 0.234]",0.146875
59198,0.28498432052501976,"(0.269, 0.303]",0.14678899082568808
59199,0.35748604628385466,"(0.338, 0.373]",0.13541666666666666
59200,0.4074919106974075,"(0.407, 0.442]",0.14583333333333334
59201,0.32536778679040324,"(0.303, 0.338]",0.10576923076923077
59252,0.4134779759883464,"(0.407, 0.442]",0.16455696202531644
59253,0.22405528592445717,"(0.2, 0.234]",0.15178571428571427
59254,0.28829398061135864,"(0.269, 0.303]",0.15680473372781065
59255,0.316569210845745,"(0.303, 0.338]",0.13915857605177995
59256,0.32622089982458125,"(0.303, 0.338]",0.14485981308411214
59257,0.209551693363945,"(0.2, 0.234]",0.1297709923664122
59310,0.31820319681967213,"(0.303, 0.338]",0.15384615384615385
59311,0.3050593103677512,"(0.303, 0.338]",0.1590909090909091
59364,0.22031131015382305,"(0.2, 0.234]",0.1511111111111111
60062,0.33068743445528603,"(0.303, 0.338]",0.641860465116279
60067,0.40097414687038574,"(0.373, 0.407]",0.6431924882629108
60081,0.2990028908792154,"(0.269, 0.303]",0.6963350785340314
60220,0.38066464174864306,"(0.373, 0.407]",0.2116788321167883
60234,0.4512753754627057,"(0.442, 0.476]",0.17293233082706766
60286,0.17909770805793188,"(0.165, 0.2]",0.3208955223880597
60304,0.35786211000755147,"(0.338, 0.373]",0.3142857142857143
60326,0.37938782845981783,"(0.373, 0.407]",0.34306569343065696
60349,0.34114934453392737,"(0.338, 0.373]",0.3722627737226277
60350,0.32927083148963393,"(0.303, 0.338]",0.31297709923664124
60351,0.3038256359937584,"(0.303, 0.338]",0.1875
60352,0.2807795798698289,"(0.269, 0.303]",0.23275862068965517
60380,0.43600574242563134,"(0.407, 0.442]",0.40268456375838924
60381,0.4260096461889344,"(0.407, 0.442]",0.1935483870967742
60382,0.194767845761688,"(0.165, 0.2]",0.2283464566929134
60473,0.30300369003262223,"(0.269, 0.303]",0.22556390977443608
60501,0.28484451336216404,"(0.269, 0.303]",0.25
60502,0.19529430529651653,"(0.165, 0.2]",0.23741007194244604
60503,0.3114909078898522,"(0.303, 0.338]",0.1746031746031746
60522,0.33645300909418396,"(0.303, 0.338]",0.2585034013605442
60523,0.20948435348011749,"(0.2, 0.234]",0.23404255319148937
60524,0.3556724434904353,"(0.338, 0.373]",0.1865671641791045
60525,0.2915124439174698,"(0.269, 0.303]",0.17557251908396945
60526,0.2903036798827613,"(0.269, 0.303]",0.15384615384615385
60542,0.3495137426218092,"(0.338, 0.373]",0.36075949367088606
60543,0.40094038900575685,"(0.373, 0.407]",0.2549019607843137
60544,0.3462364779016081,"(0.338, 0.373]",0.24025974025974026
60546,0.35438035965066966,"(0.338, 0.373]",0.145985401459854
60547,0.3804130771946217,"(0.373, 0.407]",0.13114754098360656
60562,0.3871896286854244,"(0.373, 0.407]",0.3525641025641026
60563,0.3756750729102228,"(0.373, 0.407]",0.3063583815028902
60564,0.33072101153773525,"(0.303, 0.338]",0.22377622377622378
60565,0.3708839947011537,"(0.338, 0.373]",0.21379310344827587
60582,0.41861608515357823,"(0.407, 0.442]",0.3691275167785235
60583,0.39955411658102175,"(0.373, 0.407]",0.31736526946107785
60584,0.34303150313724223,"(0.338, 0.373]",0.21666666666666667
60585,0.40370254733614563,"(0.373, 0.407]",0.18045112781954886
60586,0.23119470876489578,"(0.2, 0.234]",0.18439716312056736
60587,0.3613915096865361,"(0.338, 0.373]",0.15436241610738255
60588,0.32745051097007843,"(0.303, 0.338]",0.14705882352941177
60605,0.35855948967266893,"(0.338, 0.373]",0.3815789473684211
60606,0.30776618075717593,"(0.303, 0.338]",0.3248407643312102
60607,0.38635095070709946,"(0.373, 0.407]",0.19230769230769232
60608,0.36414305768531685,"(0.338, 0.373]",0.18181818181818182
60609,0.41787773024710284,"(0.407, 0.442]",0.19333333333333333
60610,0.43028287725987796,"(0.407, 0.442]",0.16216216216216217
60611,0.3877584858544356,"(0.373, 0.407]",0.15384615384615385
60632,0.4216168803333235,"(0.407, 0.442]",0.38095238095238093
60633,0.32366784898297457,"(0.303, 0.338]",0.33783783783783783
60634,0.38647789299464497,"(0.373, 0.407]",0.23448275862068965
60635,0.39382175362160493,"(0.373, 0.407]",0.21333333333333335
60636,0.41388640235023855,"(0.407, 0.442]",0.21818181818181817
60637,0.3320137068632103,"(0.303, 0.338]",0.21764705882352942
60638,0.2769997914473557,"(0.269, 0.303]",0.1566265060240964
60639,0.3458511999959438,"(0.338, 0.373]",0.16891891891891891
60640,0.35258096800566957,"(0.338, 0.373]",0.17692307692307693
60664,0.38620264095145174,"(0.373, 0.407]",0.4
60665,0.37159886819328747,"(0.338, 0.373]",0.21830985915492956
60666,0.45724362427946125,"(0.442, 0.476]",0.23870967741935484
60667,0.45587191999433857,"(0.442, 0.476]",0.21951219512195122
60668,0.3631820688811103,"(0.338, 0.373]",0.23214285714285715
60669,0.36803803873015756,"(0.338, 0.373]",0.20833333333333334
60670,0.3780106637761576,"(0.373, 0.407]",0.17964071856287425
60671,0.3781219372792996,"(0.373, 0.407]",0.18791946308724833
60672,0.3877836528269226,"(0.373, 0.407]",0.2
60673,0.41383220977254814,"(0.407, 0.442]",0.1875
60694,0.1482621945201813,"(0.131, 0.165]",0.23717948717948717
60695,0.35532446785823857,"(0.338, 0.373]",0.23952095808383234
60696,0.35930653868480017,"(0.338, 0.373]",0.21764705882352942
60697,0.37777827808942344,"(0.373, 0.407]",0.2529411764705882
60698,0.36967400587675336,"(0.338, 0.373]",0.21764705882352942
60699,0.39894231501740407,"(0.373, 0.407]",0.2
60700,0.39227965398298925,"(0.373, 0.407]",0.2129032258064516
60701,0.40133604752319674,"(0.373, 0.407]",0.20666666666666667
60702,0.3495788349637094,"(0.338, 0.373]",0.2077922077922078
60704,0.40486051597742356,"(0.373, 0.407]",0.2348993288590604
60705,0.3361546165394486,"(0.303, 0.338]",0.20567375886524822
60724,0.39147522364285037,"(0.373, 0.407]",0.24242424242424243
60725,0.3437273352487824,"(0.338, 0.373]",0.21212121212121213
60726,0.4223200369303609,"(0.407, 0.442]",0.23417721518987342
60727,0.40814866915716796,"(0.407, 0.442]",0.20754716981132076
60728,0.3952796377785508,"(0.373, 0.407]",0.20625
60729,0.4133656246215818,"(0.407, 0.442]",0.20261437908496732
60730,0.2888857165431008,"(0.269, 0.303]",0.1895424836601307
60731,0.3858342080313483,"(0.373, 0.407]",0.18243243243243243
60732,0.4107680850565836,"(0.407, 0.442]",0.18518518518518517
60733,0.3609273403596153,"(0.338, 0.373]",0.20437956204379562
60734,0.35887102638992874,"(0.338, 0.373]",0.17692307692307693
60752,0.3330093889958981,"(0.303, 0.338]",0.23448275862068965
60753,0.19760854482667903,"(0.165, 0.2]",0.19858156028368795
60754,0.35417193606791797,"(0.338, 0.373]",0.21374045801526717
60755,0.38580383964682696,"(0.373, 0.407]",0.18115942028985507
60756,0.38730311465243944,"(0.373, 0.407]",0.21897810218978103
60757,0.35587797044607195,"(0.338, 0.373]",0.20300751879699247
60758,0.3811105269012862,"(0.373, 0.407]",0.1888111888111888
60759,0.3504744423941165,"(0.338, 0.373]",0.2116788321167883
60760,0.39968661955422813,"(0.373, 0.407]",0.21052631578947367
60761,0.3877252364754864,"(0.373, 0.407]",0.23484848484848486
60762,0.2510204332168286,"(0.234, 0.269]",0.21774193548387097
60779,0.33681016453916657,"(0.303, 0.338]",0.20588235294117646
60780,0.4019331237262167,"(0.373, 0.407]",0.2074074074074074
60781,0.3715891768746112,"(0.338, 0.373]",0.19594594594594594
60782,0.41432230601790593,"(0.407, 0.442]",0.20689655172413793
60783,0.2805446209661978,"(0.269, 0.303]",0.20155038759689922
60784,0.39089796949086836,"(0.373, 0.407]",0.1796875
60785,0.32666828482555094,"(0.303, 0.338]",0.2033898305084746
60786,0.3528709739248341,"(0.338, 0.373]",0.19834710743801653
60787,0.37917894056774704,"(0.373, 0.407]",0.22727272727272727
60788,0.2966311248615227,"(0.269, 0.303]",0.208
60806,0.3763888341129731,"(0.373, 0.407]",0.2835820895522388
60807,0.37685527763954035,"(0.373, 0.407]",0.2426470588235294
60808,0.3805009860198055,"(0.373, 0.407]",0.2323943661971831
60809,0.3911759684268828,"(0.373, 0.407]",0.19863013698630136
60810,0.38939128148145746,"(0.373, 0.407]",0.21481481481481482
60811,0.3961909865778824,"(0.373, 0.407]",0.1774193548387097
60812,0.35433709427519977,"(0.338, 0.373]",0.1896551724137931
60813,0.38928100972056695,"(0.373, 0.407]",0.17355371900826447
60814,0.43670772563550125,"(0.407, 0.442]",0.18604651162790697
60828,0.40064169478174183,"(0.373, 0.407]",0.35714285714285715
60829,0.34925615809714916,"(0.338, 0.373]",0.328
60830,0.351322717119556,"(0.338, 0.373]",0.28125
60831,0.4258746031668445,"(0.407, 0.442]",0.27007299270072993
60832,0.40228915604596155,"(0.373, 0.407]",0.21379310344827587
60846,0.3456009043366427,"(0.338, 0.373]",0.3923076923076923
60847,0.40105781025991577,"(0.373, 0.407]",0.4126984126984127
60848,0.4144238618562459,"(0.407, 0.442]",0.3225806451612903
60866,0.37285153663394605,"(0.373, 0.407]",0.38620689655172413
60867,0.4080952886880362,"(0.407, 0.442]",0.38848920863309355
60868,0.45606999879135696,"(0.442, 0.476]",0.3475177304964539
60887,0.3558344609635008,"(0.338, 0.373]",0.4
60888,0.4815499674006025,"(0.476, 0.511]",0.37037037037037035
60889,0.4041397747976841,"(0.373, 0.407]",0.34965034965034963
60890,0.4131056331563751,"(0.407, 0.442]",0.31386861313868614
60907,0.3423337801076443,"(0.338, 0.373]",0.3706293706293706
60908,0.41136218735729474,"(0.407, 0.442]",0.3333333333333333
60909,0.41529405937290453,"(0.407, 0.442]",0.27972027972027974
60910,0.4354476736941659,"(0.407, 0.442]",0.24324324324324326
60913,0.37519859996376104,"(0.373, 0.407]",0.2748091603053435
60930,0.2672010173452495,"(0.234, 0.269]",0.33793103448275863
60931,0.15208085210195377,"(0.131, 0.165]",0.3150684931506849
60932,0.3397262152974487,"(0.338, 0.373]",0.2348993288590604
60935,0.32472535745523423,"(0.303, 0.338]",0.2671232876712329
60936,0.33938910255910126,"(0.338, 0.373]",0.26865671641791045
60945,0.3091758603001396,"(0.303, 0.338]",0.24489795918367346
60946,0.2677064872482835,"(0.234, 0.269]",0.2721518987341772
60947,0.3483880613662737,"(0.338, 0.373]",0.2549019607843137
60948,0.31447395676465767,"(0.303, 0.338]",0.24025974025974026
60949,0.30038101971002984,"(0.269, 0.303]",0.2463768115942029
60950,0.3150938249696805,"(0.303, 0.338]",0.2222222222222222
60951,0.3908432335494947,"(0.373, 0.407]",0.22580645161290322
60952,0.3858596870895846,"(0.373, 0.407]",0.2248062015503876
60962,0.3889823437627387,"(0.373, 0.407]",0.24836601307189543
60963,0.4108532268407501,"(0.407, 0.442]",0.24358974358974358
60964,0.2460108793268687,"(0.234, 0.269]",0.2236842105263158
60965,0.29929780456618754,"(0.269, 0.303]",0.23703703703703705
60966,0.3839111165840509,"(0.373, 0.407]",0.224
60967,0.369535472786311,"(0.338, 0.373]",0.23529411764705882
60968,0.38158919017917303,"(0.373, 0.407]",0.24369747899159663
60969,0.143003643565876,"(0.131, 0.165]",0.20491803278688525
60971,0.1718995738337991,"(0.165, 0.2]",0.2
60972,0.3818154981417303,"(0.373, 0.407]",0.2066115702479339
60973,0.13244837109852758,"(0.131, 0.165]",0.23423423423423423
60974,0.23952463874698404,"(0.234, 0.269]",0.2595419847328244
60986,0.3898884633837475,"(0.373, 0.407]",0.21323529411764705
60987,0.3986860083442429,"(0.373, 0.407]",0.2318840579710145
60988,0.2949575289650043,"(0.269, 0.303]",0.21739130434782608
60989,0.2929574523402411,"(0.269, 0.303]",0.19008264462809918
60990,0.392903843363332,"(0.373, 0.407]",0.17073170731707318
60991,0.2604812526695058,"(0.234, 0.269]",0.19166666666666668
60992,0.2523775293946493,"(0.234, 0.269]",0.1935483870967742
60993,0.24303865890477816,"(0.234, 0.269]",0.1937984496124031
60994,0.2552591249219139,"(0.234, 0.269]",0.18333333333333332
60995,0.3295294759375474,"(0.303, 0.338]",0.17054263565891473
60996,0.3926413763554254,"(0.373, 0.407]",0.15702479338842976
60997,0.36338047987825217,"(0.338, 0.373]",0.16666666666666666
60998,0.28799938119569196,"(0.269, 0.303]",0.1891891891891892
60999,0.3042032163069984,"(0.303, 0.338]",0.18269230769230768
61000,0.3440002415572116,"(0.338, 0.373]",0.1826086956521739
61001,0.3712060338156354,"(0.338, 0.373]",0.1796875
61002,0.3504135414482936,"(0.338, 0.373]",0.15671641791044777
61003,0.4009186606015422,"(0.373, 0.407]",0.14788732394366197
61004,0.4657330195020191,"(0.442, 0.476]",0.14705882352941177
61014,0.2221175717248339,"(0.2, 0.234]",0.16129032258064516
61015,0.40070992001851685,"(0.373, 0.407]",0.15503875968992248
61016,0.313158027496988,"(0.303, 0.338]",0.1893939393939394
61017,0.31494190422268126,"(0.303, 0.338]",0.20588235294117646
61018,0.370406770115574,"(0.338, 0.373]",0.22794117647058823
61020,0.4352190155146069,"(0.407, 0.442]",0.20863309352517986
61021,0.3882373220395629,"(0.373, 0.407]",0.18604651162790697
61022,0.3742223837106386,"(0.373, 0.407]",0.1953125
61023,0.41501298983858176,"(0.407, 0.442]",0.19658119658119658
61026,0.3782535782490877,"(0.373, 0.407]",0.1925925925925926
61027,0.3343244473608598,"(0.303, 0.338]",0.1793103448275862
61028,0.3896052520230472,"(0.373, 0.407]",0.16546762589928057
61029,0.4118455102305187,"(0.407, 0.442]",0.136
61030,0.30924476837721837,"(0.303, 0.338]",0.14049586776859505
61040,0.29102430579698263,"(0.269, 0.303]",0.22142857142857142
61041,0.2814962324752777,"(0.269, 0.303]",0.18181818181818182
61042,0.2993314070256671,"(0.269, 0.303]",0.1958041958041958
61043,0.3536994078554645,"(0.338, 0.373]",0.20437956204379562
61044,0.17634202380172878,"(0.165, 0.2]",0.2074074074074074
61045,0.2813769227120452,"(0.269, 0.303]",0.1875
61046,0.2833043800003808,"(0.269, 0.303]",0.18382352941176472
61047,0.35542432113909994,"(0.338, 0.373]",0.2
61048,0.3815510275891676,"(0.373, 0.407]",0.21232876712328766
61049,0.34578839677219325,"(0.338, 0.373]",0.23776223776223776
61050,0.4371969951914353,"(0.407, 0.442]",0.22302158273381295
61051,0.37892757764300444,"(0.373, 0.407]",0.2127659574468085
61052,0.3879734330230351,"(0.373, 0.407]",0.19166666666666668
61053,0.3733562964397956,"(0.373, 0.407]",0.19298245614035087
61054,0.37617429667241237,"(0.373, 0.407]",0.2
61058,0.3548435510623424,"(0.338, 0.373]",0.1323529411764706
61059,0.4137984831267795,"(0.407, 0.442]",0.12121212121212122
61060,0.38801741970698794,"(0.373, 0.407]",0.13008130081300814
61061,0.31550262184480155,"(0.303, 0.338]",0.14516129032258066
61073,0.3390105574019527,"(0.338, 0.373]",0.16
61074,0.3352860186607856,"(0.303, 0.338]",0.17482517482517482
61075,0.2881416742425449,"(0.269, 0.303]",0.17424242424242425
61076,0.2944659808371267,"(0.269, 0.303]",0.14049586776859505
61077,0.4128120801256037,"(0.407, 0.442]",0.14084507042253522
61078,0.25452258480154855,"(0.234, 0.269]",0.14482758620689656
61079,0.22580566019537598,"(0.2, 0.234]",0.16875
61080,0.3533527819805808,"(0.338, 0.373]",0.20512820512820512
61081,0.37561266570407936,"(0.373, 0.407]",0.2054794520547945
61082,0.35010391852705314,"(0.338, 0.373]",0.2152777777777778
61085,0.36798176934133925,"(0.338, 0.373]",0.22857142857142856
61089,0.26170689268283925,"(0.234, 0.269]",0.1037037037037037
61090,0.3948476942523331,"(0.373, 0.407]",0.08461538461538462
61091,0.3005650615098696,"(0.269, 0.303]",0.12195121951219512
61092,0.35059706536108926,"(0.338, 0.373]",0.14516129032258066
61097,0.32881697472690263,"(0.303, 0.338]",0.2937062937062937
61098,0.22700965265965042,"(0.2, 0.234]",0.1678832116788321
61099,0.3788513146633655,"(0.373, 0.407]",0.17164179104477612
61100,0.28067322912023845,"(0.269, 0.303]",0.14173228346456693
61105,0.3744076145100081,"(0.373, 0.407]",0.2152777777777778
61106,0.3872070913556321,"(0.373, 0.407]",0.2391304347826087
61107,0.39328878548104346,"(0.373, 0.407]",0.19834710743801653
61108,0.3908531370645179,"(0.373, 0.407]",0.23214285714285715
61109,0.3705119230924816,"(0.338, 0.373]",0.23636363636363636
61110,0.38767005108660496,"(0.373, 0.407]",0.2072072072072072
61111,0.254222246569659,"(0.234, 0.269]",0.17094017094017094
61112,0.4213860364979361,"(0.407, 0.442]",0.16666666666666666
61113,0.262342248611118,"(0.234, 0.269]",0.14388489208633093
61114,0.4355968086701613,"(0.407, 0.442]",0.14074074074074075
61115,0.3645011648978888,"(0.338, 0.373]",0.17857142857142858
61116,0.4036423560901181,"(0.373, 0.407]",0.1793103448275862
61123,0.15952806689151805,"(0.131, 0.165]",0.272108843537415
61124,0.27888843423586734,"(0.269, 0.303]",0.3136094674556213
61125,0.352886614304706,"(0.338, 0.373]",0.29518072289156627
61126,0.3446436238187757,"(0.338, 0.373]",0.2679738562091503
61127,0.27904472987588713,"(0.269, 0.303]",0.24666666666666667
61128,0.3949751104793721,"(0.373, 0.407]",0.1958041958041958
61129,0.1856984521509287,"(0.165, 0.2]",0.17006802721088435
61130,0.28828560516195123,"(0.269, 0.303]",0.2014388489208633
61131,0.3451526710991668,"(0.338, 0.373]",0.2112676056338028
61132,0.3492544773814355,"(0.338, 0.373]",0.17164179104477612
61133,0.32628173527859405,"(0.303, 0.338]",0.19047619047619047
61134,0.42339254830109296,"(0.407, 0.442]",0.16326530612244897
61136,0.25131513725943344,"(0.234, 0.269]",0.21019108280254778
61137,0.3800797949438085,"(0.373, 0.407]",0.20245398773006135
61138,0.33921917995580736,"(0.338, 0.373]",0.16666666666666666
61139,0.29200216468657175,"(0.269, 0.303]",0.2127659574468085
61140,0.3229227129942295,"(0.303, 0.338]",0.16806722689075632
61141,0.24342027344744888,"(0.234, 0.269]",0.19444444444444445
61142,0.3540387132652395,"(0.338, 0.373]",0.2336448598130841
61143,0.3828214905228654,"(0.373, 0.407]",0.18691588785046728
61144,0.3667689570114895,"(0.338, 0.373]",0.15833333333333333
61145,0.1463923684980425,"(0.131, 0.165]",0.15748031496062992
61146,0.334091659161581,"(0.303, 0.338]",0.14173228346456693
61147,0.37699690076676895,"(0.373, 0.407]",0.13740458015267176
61148,0.4051014402813907,"(0.373, 0.407]",0.19117647058823528
61149,0.39362298885809477,"(0.373, 0.407]",0.21014492753623187
61150,0.45933053746925434,"(0.442, 0.476]",0.265625
61152,0.3292893148505172,"(0.303, 0.338]",0.2827586206896552
61153,0.3816275242502779,"(0.373, 0.407]",0.3
61154,0.27147881389973855,"(0.269, 0.303]",0.2909090909090909
61155,0.3124817669891009,"(0.303, 0.338]",0.17647058823529413
61156,0.2181124459387695,"(0.2, 0.234]",0.1984732824427481
61157,0.2484291024544268,"(0.234, 0.269]",0.208955223880597
61158,0.25269513038725927,"(0.234, 0.269]",0.1953125
61159,0.30633919604862464,"(0.303, 0.338]",0.18253968253968253
61160,0.35986642318293194,"(0.338, 0.373]",0.16901408450704225
61162,0.3884233582584396,"(0.373, 0.407]",0.2080536912751678
61163,0.3374980481717987,"(0.303, 0.338]",0.2185430463576159
61164,0.4014331145438375,"(0.373, 0.407]",0.19708029197080293
61165,0.40733147819831694,"(0.407, 0.442]",0.2318840579710145
61166,0.4056052672317452,"(0.373, 0.407]",0.19083969465648856
61167,0.36208678259475213,"(0.338, 0.373]",0.208
61168,0.34897202754884166,"(0.338, 0.373]",0.21311475409836064
61169,0.339952467382419,"(0.338, 0.373]",0.1694915254237288
61170,0.32827813901611375,"(0.303, 0.338]",0.16379310344827586
61171,0.3493488686154045,"(0.338, 0.373]",0.16279069767441862
61172,0.35078853667124904,"(0.338, 0.373]",0.16129032258064516
61173,0.41308717349858753,"(0.407, 0.442]",0.16923076923076924
61174,0.4279272698968433,"(0.407, 0.442]",0.18571428571428572
61175,0.4003126560227701,"(0.373, 0.407]",0.19852941176470587
61176,0.4217894008850952,"(0.407, 0.442]",0.25547445255474455
61177,0.3349544709910985,"(0.303, 0.338]",0.25384615384615383
61178,0.3551861575340016,"(0.338, 0.373]",0.26356589147286824
61179,0.37714923798043415,"(0.373, 0.407]",0.23387096774193547
61180,0.2599486623591388,"(0.234, 0.269]",0.2777777777777778
61181,0.3858686940176611,"(0.373, 0.407]",0.2883435582822086
61182,0.40766872130309434,"(0.407, 0.442]",0.29411764705882354
61183,0.36702563798159904,"(0.338, 0.373]",0.21052631578947367
61184,0.27854070261235186,"(0.269, 0.303]",0.2246376811594203
61185,0.28425043020969176,"(0.269, 0.303]",0.2589928057553957
61186,0.3374472047654454,"(0.303, 0.338]",0.2605633802816901
61187,0.3516865866269925,"(0.338, 0.373]",0.2518518518518518
61188,0.31416551767885875,"(0.303, 0.338]",0.22794117647058823
61189,0.3426827232809645,"(0.338, 0.373]",0.17777777777777778
61190,0.3767204752585875,"(0.373, 0.407]",0.18045112781954886
61191,0.15349098072423178,"(0.131, 0.165]",0.21804511278195488
61192,0.37308918868898205,"(0.373, 0.407]",0.2222222222222222
61193,0.42802242053306727,"(0.407, 0.442]",0.19230769230769232
61194,0.37035259205031196,"(0.338, 0.373]",0.20149253731343283
61195,0.38745286083610914,"(0.373, 0.407]",0.15942028985507245
61196,0.44639946715072026,"(0.442, 0.476]",0.17647058823529413
61197,0.3732770497967961,"(0.373, 0.407]",0.17557251908396945
61198,0.3520088651197367,"(0.338, 0.373]",0.14285714285714285
61199,0.32410931021142075,"(0.303, 0.338]",0.14754098360655737
61200,0.3327480363657837,"(0.303, 0.338]",0.14728682170542637
61201,0.39878608849272656,"(0.373, 0.407]",0.17647058823529413
61202,0.34616428076730554,"(0.338, 0.373]",0.2125984251968504
61203,0.3168297093756646,"(0.303, 0.338]",0.20610687022900764
61204,0.4300758575447427,"(0.407, 0.442]",0.20300751879699247
61205,0.4031708422427732,"(0.373, 0.407]",0.24305555555555555
61206,0.420912262978793,"(0.407, 0.442]",0.20422535211267606
61207,0.36134820744682766,"(0.338, 0.373]",0.21678321678321677
61208,0.3301674349021589,"(0.303, 0.338]",0.20422535211267606
61209,0.43200643548860035,"(0.407, 0.442]",0.15827338129496402
61210,0.29749187962918433,"(0.269, 0.303]",0.25547445255474455
61211,0.24197792615989772,"(0.234, 0.269]",0.24836601307189543
61212,0.37936046484817226,"(0.373, 0.407]",0.24647887323943662
61213,0.3259793016405007,"(0.303, 0.338]",0.23225806451612904
61214,0.31782589642706854,"(0.303, 0.338]",0.25157232704402516
61215,0.32815927642147785,"(0.303, 0.338]",0.26490066225165565
61216,0.37382868020413906,"(0.373, 0.407]",0.22535211267605634
61217,0.31529196508821167,"(0.303, 0.338]",0.23404255319148937
61218,0.31363564534378674,"(0.303, 0.338]",0.19858156028368795
61219,0.33455198176007744,"(0.303, 0.338]",0.1956521739130435
61220,0.3594956402224317,"(0.338, 0.373]",0.2248062015503876
61221,0.4210287106970302,"(0.407, 0.442]",0.234375
61222,0.3710515597422978,"(0.338, 0.373]",0.1935483870967742
61223,0.4021264674408328,"(0.373, 0.407]",0.21481481481481482
61224,0.33469394176403866,"(0.303, 0.338]",0.19014084507042253
61225,0.37215240332853144,"(0.338, 0.373]",0.17985611510791366
61229,0.3359287530889621,"(0.303, 0.338]",0.16535433070866143
61230,0.3617035659367679,"(0.338, 0.373]",0.1810344827586207
61231,0.4091936128900522,"(0.407, 0.442]",0.19672131147540983
61232,0.36944672501769305,"(0.338, 0.373]",0.1885245901639344
61233,0.4199099303008959,"(0.407, 0.442]",0.22131147540983606
61234,0.2752281897753103,"(0.269, 0.303]",0.2196969696969697
61235,0.33725496297027857,"(0.303, 0.338]",0.1865671641791045
61236,0.38161044278970946,"(0.373, 0.407]",0.2
61237,0.35031809871785463,"(0.338, 0.373]",0.19148936170212766
61238,0.39188945485706334,"(0.373, 0.407]",0.1891891891891892
61239,0.4089906692428179,"(0.407, 0.442]",0.1893939393939394
61240,0.1394558369836182,"(0.131, 0.165]",0.24822695035460993
61241,0.2290415561733632,"(0.2, 0.234]",0.2653061224489796
61242,0.25213755890223233,"(0.234, 0.269]",0.2517482517482518
61243,0.2558651857340251,"(0.234, 0.269]",0.2608695652173913
61244,0.25519417934739563,"(0.234, 0.269]",0.24324324324324326
61245,0.34765675419584935,"(0.338, 0.373]",0.23529411764705882
61246,0.31585735650770574,"(0.303, 0.338]",0.2689655172413793
61247,0.37463603120751016,"(0.373, 0.407]",0.24444444444444444
61248,0.35154842442228346,"(0.338, 0.373]",0.21897810218978103
61249,0.29579361365071466,"(0.269, 0.303]",0.2158273381294964
61250,0.33419288916591333,"(0.303, 0.338]",0.2116788321167883
61251,0.3181894623293317,"(0.303, 0.338]",0.203125
61252,0.3752550940718792,"(0.373, 0.407]",0.23529411764705882
61253,0.32979459723497057,"(0.303, 0.338]",0.23275862068965517
61254,0.4433029281290114,"(0.442, 0.476]",0.2109375
61255,0.3958849902588871,"(0.373, 0.407]",0.21804511278195488
61256,0.35747384953175293,"(0.338, 0.373]",0.1937984496124031
61259,0.24191085822846,"(0.234, 0.269]",0.19327731092436976
61260,0.37182344799757866,"(0.338, 0.373]",0.1953125
61261,0.40500008661416736,"(0.373, 0.407]",0.1743119266055046
61262,0.25664055538036257,"(0.234, 0.269]",0.19166666666666668
61263,0.3441192093683728,"(0.338, 0.373]",0.16393442622950818
61264,0.35587416436771274,"(0.338, 0.373]",0.2032520325203252
61265,0.3323975613454148,"(0.303, 0.338]",0.19852941176470587
61266,0.3812985129195675,"(0.373, 0.407]",0.19148936170212766
61267,0.4042187248640528,"(0.373, 0.407]",0.2214765100671141
61268,0.33200512563175394,"(0.303, 0.338]",0.21333333333333335
61269,0.37399533436923693,"(0.373, 0.407]",0.22666666666666666
61270,0.4137863776403705,"(0.407, 0.442]",0.20300751879699247
61271,0.31228420123533185,"(0.303, 0.338]",0.2937062937062937
61272,0.40862603276019244,"(0.407, 0.442]",0.2857142857142857
61273,0.3356821072669335,"(0.303, 0.338]",0.275
61274,0.3712983676670073,"(0.338, 0.373]",0.29936305732484075
61275,0.31343619620783797,"(0.303, 0.338]",0.25
61276,0.24328378984979512,"(0.234, 0.269]",0.21830985915492956
61277,0.2637957439031534,"(0.234, 0.269]",0.20714285714285716
61278,0.4785698184981853,"(0.476, 0.511]",0.1984732824427481
61279,0.33487704945271146,"(0.303, 0.338]",0.24786324786324787
61280,0.23040107882146235,"(0.2, 0.234]",0.22413793103448276
61281,0.4269293516281234,"(0.407, 0.442]",0.1893939393939394
61282,0.29822280909542304,"(0.269, 0.303]",0.19083969465648856
61283,0.15660925630242126,"(0.131, 0.165]",0.171875
61284,0.3238212597188271,"(0.303, 0.338]",0.20149253731343283
61285,0.28137920071777317,"(0.269, 0.303]",0.21774193548387097
61286,0.33746201549258004,"(0.303, 0.338]",0.21374045801526717
61287,0.42282136624091965,"(0.407, 0.442]",0.19230769230769232
61288,0.38538321934262976,"(0.373, 0.407]",0.1826086956521739
61289,0.4154321249594026,"(0.407, 0.442]",0.1889763779527559
61290,0.4583933451334464,"(0.442, 0.476]",0.16666666666666666
61291,0.42426813622924536,"(0.407, 0.442]",0.20588235294117646
61292,0.3284915683053191,"(0.303, 0.338]",0.19708029197080293
61293,0.2937587583522438,"(0.269, 0.303]",0.2074074074074074
61294,0.23211555393248104,"(0.2, 0.234]",0.22627737226277372
61295,0.3847007718597396,"(0.373, 0.407]",0.2222222222222222
61296,0.4336005340155985,"(0.407, 0.442]",0.21379310344827587
61297,0.4018092322693087,"(0.373, 0.407]",0.1925925925925926
61299,0.09074235418469881,"(0.0617, 0.0962]",0.2426470588235294
61300,0.26866938255564715,"(0.234, 0.269]",0.2875816993464052
61301,0.10795191376131436,"(0.0962, 0.131]",0.26143790849673204
61302,0.3178537524929688,"(0.303, 0.338]",0.24516129032258063
61303,0.44440263422677784,"(0.442, 0.476]",0.2805755395683453
61304,0.28510891282238854,"(0.269, 0.303]",0.22131147540983606
61305,0.2705136808145939,"(0.269, 0.303]",0.19834710743801653
61306,0.25983009048971467,"(0.234, 0.269]",0.21774193548387097
61307,0.4005969235583543,"(0.373, 0.407]",0.21929824561403508
61308,0.355706192814383,"(0.338, 0.373]",0.18518518518518517
61309,0.392720519843067,"(0.373, 0.407]",0.2109375
61310,0.39980764872507113,"(0.373, 0.407]",0.1968503937007874
61311,0.3819847101128112,"(0.373, 0.407]",0.23880597014925373
61312,0.3510370511625637,"(0.338, 0.373]",0.24
61313,0.31372286138389643,"(0.303, 0.338]",0.22556390977443608
61314,0.3985128012381817,"(0.373, 0.407]",0.22142857142857142
61315,0.34248085901585784,"(0.338, 0.373]",0.2
61316,0.3603672047095944,"(0.338, 0.373]",0.17164179104477612
61317,0.29609144945768845,"(0.269, 0.303]",0.16666666666666666
61318,0.3300672608131233,"(0.303, 0.338]",0.1956521739130435
61319,0.3206891286997636,"(0.303, 0.338]",0.17777777777777778
61320,0.36144114400030647,"(0.338, 0.373]",0.232
61321,0.3515564190592347,"(0.338, 0.373]",0.24369747899159663
61322,0.40204373263265153,"(0.373, 0.407]",0.22123893805309736
61323,0.3288004877872702,"(0.303, 0.338]",0.23333333333333334
61324,0.19408190666920014,"(0.165, 0.2]",0.19008264462809918
61325,0.3758682316519454,"(0.373, 0.407]",0.1724137931034483
61326,0.32208209340510496,"(0.303, 0.338]",0.1953125
61328,0.2726893779346743,"(0.269, 0.303]",0.27007299270072993
61329,0.2327587305875314,"(0.2, 0.234]",0.24812030075187969
61330,0.3514128950486158,"(0.338, 0.373]",0.22857142857142856
61331,0.364867180499751,"(0.338, 0.373]",0.272
61332,0.3689214005470761,"(0.338, 0.373]",0.23893805309734514
61333,0.2501043108627712,"(0.234, 0.269]",0.19469026548672566
61334,0.17475682192763076,"(0.165, 0.2]",0.226890756302521
61335,0.4125839344094382,"(0.407, 0.442]",0.2028985507246377
61336,0.4236535602359775,"(0.407, 0.442]",0.2248062015503876
61337,0.3898856905615194,"(0.373, 0.407]",0.20930232558139536
61338,0.3410923235624012,"(0.338, 0.373]",0.2446043165467626
61339,0.3378464661609718,"(0.303, 0.338]",0.25203252032520324
61340,0.41598969323904234,"(0.407, 0.442]",0.2462686567164179
61341,0.35808747169105065,"(0.338, 0.373]",0.23943661971830985
61342,0.38093745497014353,"(0.373, 0.407]",0.19672131147540983
61343,0.36184886725176163,"(0.338, 0.373]",0.17692307692307693
61344,0.4092789280044339,"(0.407, 0.442]",0.15441176470588236
61345,0.41769870452740554,"(0.407, 0.442]",0.16176470588235295
61346,0.3101903262064192,"(0.303, 0.338]",0.17266187050359713
61347,0.3657103786151014,"(0.338, 0.373]",0.21212121212121213
61348,0.2891278347374205,"(0.269, 0.303]",0.225
61349,0.33241142061202006,"(0.303, 0.338]",0.2072072072072072
61350,0.36107412174326337,"(0.338, 0.373]",0.1891891891891892
61351,0.33212737123848063,"(0.303, 0.338]",0.1652892561983471
61352,0.32853382262922237,"(0.303, 0.338]",0.15966386554621848
61353,0.28019348735111055,"(0.269, 0.303]",0.19548872180451127
61354,0.2730338093519746,"(0.269, 0.303]",0.21014492753623187
61355,0.13697521846541072,"(0.131, 0.165]",0.2231404958677686
61356,0.38173506901822096,"(0.373, 0.407]",0.211864406779661
61357,0.3013080647862025,"(0.269, 0.303]",0.18548387096774194
61358,0.33297963666406716,"(0.303, 0.338]",0.2
61359,0.36087710880149426,"(0.338, 0.373]",0.19852941176470587
61360,0.44122732805049253,"(0.407, 0.442]",0.2074074074074074
61361,0.3682424724749464,"(0.338, 0.373]",0.2097902097902098
61362,0.4011328805832296,"(0.373, 0.407]",0.22758620689655173
61363,0.2823218233190548,"(0.269, 0.303]",0.25384615384615383
61364,0.38154994957136634,"(0.373, 0.407]",0.26356589147286824
61365,0.3339991817336368,"(0.303, 0.338]",0.24031007751937986
61366,0.3276129029402733,"(0.303, 0.338]",0.2396694214876033
61367,0.3865193808618547,"(0.373, 0.407]",0.224
61368,0.3955617859143874,"(0.373, 0.407]",0.21481481481481482
61369,0.3511977763686206,"(0.338, 0.373]",0.22627737226277372
61370,0.31827287550747263,"(0.303, 0.338]",0.22388059701492538
61371,0.33477125582522826,"(0.303, 0.338]",0.21951219512195122
61372,0.36125682975380524,"(0.338, 0.373]",0.13392857142857142
61373,0.35431046973454655,"(0.338, 0.373]",0.128
61374,0.34831695849656097,"(0.338, 0.373]",0.12698412698412698
61375,0.36075106298328563,"(0.338, 0.373]",0.13846153846153847
61383,0.17105828179580793,"(0.165, 0.2]",0.20454545454545456
61384,0.16119113983381397,"(0.131, 0.165]",0.1891891891891892
61385,0.3795601053542354,"(0.373, 0.407]",0.18181818181818182
61386,0.3385050169243477,"(0.338, 0.373]",0.1724137931034483
61387,0.406543410496758,"(0.373, 0.407]",0.18487394957983194
61388,0.3861491717707885,"(0.373, 0.407]",0.21739130434782608
61389,0.35157872503103393,"(0.338, 0.373]",0.2571428571428571
61390,0.36733641588244886,"(0.338, 0.373]",0.2733333333333333
61391,0.4112225400165385,"(0.407, 0.442]",0.2638888888888889
61392,0.35564798745187903,"(0.338, 0.373]",0.2740740740740741
61393,0.34721105138465724,"(0.338, 0.373]",0.2440944881889764
61394,0.3805243722685,"(0.373, 0.407]",0.2689075630252101
61395,0.39414816107466305,"(0.373, 0.407]",0.30158730158730157
61396,0.3429754196244329,"(0.338, 0.373]",0.275
61397,0.3186380036443579,"(0.303, 0.338]",0.12
61405,0.33895874866779513,"(0.338, 0.373]",0.19230769230769232
61406,0.30608198964565797,"(0.303, 0.338]",0.18803418803418803
61407,0.2503903768294314,"(0.234, 0.269]",0.19834710743801653
61408,0.4011075855373353,"(0.373, 0.407]",0.1968503937007874
61409,0.3229232767659714,"(0.303, 0.338]",0.23308270676691728
61413,0.29754830422429274,"(0.269, 0.303]",0.33088235294117646
61414,0.3645974849074485,"(0.338, 0.373]",0.3263888888888889
61415,0.4026024228418972,"(0.373, 0.407]",0.2608695652173913
61416,0.3313409259172296,"(0.303, 0.338]",0.3007518796992481
61423,0.3040862201172737,"(0.303, 0.338]",0.23529411764705882
61424,0.3115894741460897,"(0.303, 0.338]",0.21428571428571427
61425,0.4508261186993115,"(0.442, 0.476]",0.24427480916030533
61426,0.3654506902428497,"(0.338, 0.373]",0.21323529411764705
61427,0.3615561109032907,"(0.338, 0.373]",0.20610687022900764
61428,0.38682516985889853,"(0.373, 0.407]",0.2222222222222222
61429,0.36573251213610886,"(0.338, 0.373]",0.21374045801526717
61430,0.4487189025193795,"(0.442, 0.476]",0.2740740740740741
61431,0.29661580301884516,"(0.269, 0.303]",0.35555555555555557
61432,0.27726113937766317,"(0.269, 0.303]",0.36363636363636365
61441,0.3273719422969104,"(0.303, 0.338]",0.25833333333333336
61442,0.2920763379075335,"(0.269, 0.303]",0.2608695652173913
61443,0.3326015182630111,"(0.303, 0.338]",0.23846153846153847
61444,0.3020767202485127,"(0.269, 0.303]",0.26618705035971224
61445,0.3496405668556526,"(0.338, 0.373]",0.2391304347826087
61446,0.39852526303381586,"(0.373, 0.407]",0.23484848484848486
61447,0.38035650673206906,"(0.373, 0.407]",0.21897810218978103
61448,0.3971798254323236,"(0.373, 0.407]",0.21739130434782608
61449,0.33538702518148167,"(0.303, 0.338]",0.2916666666666667
61450,0.3574135609099274,"(0.338, 0.373]",0.32653061224489793
61454,0.22875316043748414,"(0.2, 0.234]",0.328125
61455,0.31984293690354415,"(0.303, 0.338]",0.2907801418439716
61456,0.3025136036553598,"(0.269, 0.303]",0.28888888888888886
61457,0.4450457939559357,"(0.442, 0.476]",0.31788079470198677
61458,0.41472209241598035,"(0.407, 0.442]",0.2827586206896552
61460,0.4296871081145988,"(0.407, 0.442]",0.25165562913907286
61461,0.41333886011721876,"(0.407, 0.442]",0.24305555555555555
61464,0.33088132134618303,"(0.303, 0.338]",0.41044776119402987
61465,0.3465228365453812,"(0.338, 0.373]",0.3402777777777778
61466,0.3902523004114975,"(0.373, 0.407]",0.33093525179856115
61467,0.4111262677393789,"(0.407, 0.442]",0.3503184713375796
61468,0.44006494158659787,"(0.407, 0.442]",0.3082191780821918
61470,0.3826769250164312,"(0.373, 0.407]",0.2789115646258503
61479,0.2305892334712229,"(0.2, 0.234]",0.45517241379310347
61480,0.3425004270143895,"(0.338, 0.373]",0.3684210526315789
61481,0.3728717374070871,"(0.373, 0.407]",0.3581081081081081
61482,0.34699184448114406,"(0.338, 0.373]",0.3374233128834356
61483,0.40345634877401776,"(0.373, 0.407]",0.3006993006993007
61491,0.31817259195306874,"(0.303, 0.338]",0.47619047619047616
61492,0.19476996818421677,"(0.165, 0.2]",0.38405797101449274
61493,0.37174968655343776,"(0.338, 0.373]",0.3560606060606061
61494,0.4329447331259488,"(0.407, 0.442]",0.3448275862068966
61508,0.32301303682527477,"(0.303, 0.338]",0.6871794871794872
61509,0.22881430404294614,"(0.2, 0.234]",0.6477272727272727
61510,0.34930548289031566,"(0.338, 0.373]",0.5570469798657718
61511,0.30132240135560456,"(0.269, 0.303]",0.4965034965034965
61529,0.3654402207036287,"(0.338, 0.373]",0.6121212121212121
61883,0.07654778305424809,"(0.0617, 0.0962]",0.16265060240963855
61885,0.3877982346327796,"(0.373, 0.407]",0.16
61886,0.38733263292537723,"(0.373, 0.407]",0.1875
61908,0.3683694951844951,"(0.338, 0.373]",0.12648221343873517
61909,0.39449640352196763,"(0.373, 0.407]",0.17254901960784313
61910,0.3593718888683274,"(0.338, 0.373]",0.1532567049808429
61911,0.3451201454847244,"(0.338, 0.373]",0.14473684210526316
61912,0.39169329073787584,"(0.373, 0.407]",0.16055045871559634
61913,0.3038770067207455,"(0.303, 0.338]",0.10480349344978165
61914,0.33901790929720205,"(0.338, 0.373]",0.12560386473429952
61915,0.32202984650587474,"(0.303, 0.338]",0.17708333333333334
61918,0.3857665349243102,"(0.373, 0.407]",0.19230769230769232
61919,0.36072429995611865,"(0.338, 0.373]",0.15294117647058825
61920,0.30798223878652237,"(0.303, 0.338]",0.145
61921,0.3683882689144909,"(0.338, 0.373]",0.17117117117117117
61922,0.25108946306190083,"(0.234, 0.269]",0.208955223880597
61927,0.3721316714369554,"(0.338, 0.373]",0.0847457627118644
61928,0.3485857575850145,"(0.338, 0.373]",0.1891891891891892
61931,0.3279783001659051,"(0.303, 0.338]",0.13970588235294118
61934,0.4308017412969944,"(0.407, 0.442]",0.16129032258064516
61935,0.31268361456445015,"(0.303, 0.338]",0.16267942583732056
61936,0.381444991342463,"(0.373, 0.407]",0.17592592592592593
61937,0.38427301039466255,"(0.373, 0.407]",0.1652542372881356
61941,0.3982620398855243,"(0.373, 0.407]",0.14285714285714285
61942,0.3244836811405745,"(0.303, 0.338]",0.14227642276422764
61943,0.389130315703052,"(0.373, 0.407]",0.12698412698412698
61944,0.32154917584212067,"(0.303, 0.338]",0.1557377049180328
61945,0.3492467623813339,"(0.338, 0.373]",0.138996138996139
61946,0.32333492128999963,"(0.303, 0.338]",0.1111111111111111
61947,0.3211757371319445,"(0.303, 0.338]",0.13584905660377358
61948,0.39303688414227445,"(0.373, 0.407]",0.10507246376811594
61949,0.3375746943024819,"(0.303, 0.338]",0.1213235294117647
61950,0.35677733102143655,"(0.338, 0.373]",0.17316017316017315
61951,0.33551943253274635,"(0.303, 0.338]",0.17857142857142858
61952,0.3783240487588899,"(0.373, 0.407]",0.20930232558139536
61953,0.3317058084788589,"(0.303, 0.338]",0.1910828025477707
61954,0.40423802506420725,"(0.373, 0.407]",0.1712707182320442
61955,0.37987158972486623,"(0.373, 0.407]",0.16591928251121077
61956,0.41085327848012015,"(0.407, 0.442]",0.175
61964,0.38870451909822845,"(0.373, 0.407]",0.1875
61965,0.3839190873432217,"(0.373, 0.407]",0.14925373134328357
61966,0.4012238228522615,"(0.373, 0.407]",0.1746987951807229
61967,0.3285962895906005,"(0.303, 0.338]",0.16049382716049382
61968,0.4158943740067973,"(0.407, 0.442]",0.14285714285714285
61969,0.3835017511275252,"(0.373, 0.407]",0.1583710407239819
61970,0.37264771092086896,"(0.373, 0.407]",0.15207373271889402
61971,0.3942425609725829,"(0.373, 0.407]",0.1350210970464135
61972,0.3927700089222906,"(0.373, 0.407]",0.15450643776824036
61973,0.35650701174501104,"(0.338, 0.373]",0.14903846153846154
61974,0.3334915426093162,"(0.303, 0.338]",0.13191489361702127
61975,0.3749277645636215,"(0.373, 0.407]",0.15416666666666667
61976,0.38273326017033815,"(0.373, 0.407]",0.10915492957746478
61977,0.2773519996350048,"(0.269, 0.303]",0.09271523178807947
61978,0.30449023388450175,"(0.303, 0.338]",0.1079136690647482
61979,0.3406516431753665,"(0.338, 0.373]",0.0944055944055944
61980,0.3324412255253757,"(0.303, 0.338]",0.1
61981,0.31498641394520654,"(0.303, 0.338]",0.14233576642335766
61982,0.37787104458157766,"(0.373, 0.407]",0.11510791366906475
61983,0.33639720951173774,"(0.303, 0.338]",0.1258741258741259
61984,0.3314911969553485,"(0.303, 0.338]",0.1510204081632653
61985,0.3767731123271461,"(0.373, 0.407]",0.13917525773195877
61986,0.3784263093150077,"(0.373, 0.407]",0.15028901734104047
61987,0.33787975615308574,"(0.303, 0.338]",0.14084507042253522
61988,0.3323001067156963,"(0.303, 0.338]",0.13529411764705881
61989,0.38382806004452935,"(0.373, 0.407]",0.13875598086124402
61990,0.38405181922450315,"(0.373, 0.407]",0.056338028169014086
61991,0.35099462504827283,"(0.338, 0.373]",0.09420289855072464
61992,0.39490849331277245,"(0.373, 0.407]",0.14912280701754385
61993,0.34626608672937914,"(0.338, 0.373]",0.1595744680851064
61994,0.40392125140126306,"(0.373, 0.407]",0.23684210526315788
61995,0.3054242539234785,"(0.303, 0.338]",0.20408163265306123
61996,0.37394322613664094,"(0.373, 0.407]",0.1693548387096774
61997,0.3707201363250964,"(0.338, 0.373]",0.14925373134328357
61998,0.36600104116366633,"(0.338, 0.373]",0.1686746987951807
61999,0.4245220183880751,"(0.407, 0.442]",0.15428571428571428
62000,0.2561746489911084,"(0.234, 0.269]",0.12716763005780346
62001,0.3079724005378848,"(0.303, 0.338]",0.13392857142857142
62002,0.357633164610885,"(0.338, 0.373]",0.12558139534883722
62003,0.31910758500809294,"(0.303, 0.338]",0.11682242990654206
62004,0.39453125333670547,"(0.373, 0.407]",0.14285714285714285
62005,0.3272299605033183,"(0.303, 0.338]",0.15625
62006,0.38749738168390374,"(0.373, 0.407]",0.14354066985645933
62007,0.37782470819063513,"(0.373, 0.407]",0.1588785046728972
62008,0.3955690512167909,"(0.373, 0.407]",0.12549019607843137
62009,0.4193795151652528,"(0.407, 0.442]",0.10181818181818182
62010,0.3059507188253754,"(0.303, 0.338]",0.1044776119402985
62011,0.3614056532225273,"(0.338, 0.373]",0.10211267605633803
62012,0.368022168250616,"(0.338, 0.373]",0.0948905109489051
62013,0.353348491660118,"(0.338, 0.373]",0.14233576642335766
62014,0.3675789387352379,"(0.338, 0.373]",0.12949640287769784
62015,0.3933700117001533,"(0.373, 0.407]",0.14028776978417265
62016,0.37711357314939953,"(0.373, 0.407]",0.16666666666666666
62017,0.2951683868651099,"(0.269, 0.303]",0.1485148514851485
62018,0.3201443367630569,"(0.303, 0.338]",0.16279069767441862
62019,0.4003771304022314,"(0.373, 0.407]",0.145985401459854
62020,0.3914607175955947,"(0.373, 0.407]",0.13513513513513514
62021,0.38078647988144626,"(0.373, 0.407]",0.0821917808219178
62022,0.385058338964793,"(0.373, 0.407]",0.11805555555555555
62023,0.4027241684910112,"(0.373, 0.407]",0.15151515151515152
62024,0.36493917212325017,"(0.338, 0.373]",0.16417910447761194
62025,0.3260778588694053,"(0.303, 0.338]",0.21487603305785125
62026,0.3521957335977717,"(0.338, 0.373]",0.21323529411764705
62027,0.4471103758680534,"(0.442, 0.476]",0.22580645161290322
62028,0.37687815734661745,"(0.373, 0.407]",0.2222222222222222
62029,0.4091111607129456,"(0.407, 0.442]",0.2235294117647059
62030,0.32759991511452174,"(0.303, 0.338]",0.19553072625698323
62031,0.3148462265145255,"(0.303, 0.338]",0.1270718232044199
62032,0.33193295040354437,"(0.303, 0.338]",0.1336405529953917
62033,0.3792711587926567,"(0.373, 0.407]",0.13425925925925927
62034,0.34116157771182637,"(0.338, 0.373]",0.1320754716981132
62035,0.3769599873016618,"(0.373, 0.407]",0.17098445595854922
62036,0.31349621016159235,"(0.303, 0.338]",0.1638418079096045
62037,0.4123308580236929,"(0.407, 0.442]",0.16145833333333334
62038,0.42524694475850144,"(0.407, 0.442]",0.14746543778801843
62039,0.3825360901815795,"(0.373, 0.407]",0.12643678160919541
62040,0.45134148399508417,"(0.442, 0.476]",0.11262798634812286
62041,0.3363640776203996,"(0.303, 0.338]",0.1270358306188925
62042,0.33454732383201824,"(0.303, 0.338]",0.15488215488215487
62043,0.40867992754909455,"(0.407, 0.442]",0.16554054054054054
62044,0.41764965780213764,"(0.407, 0.442]",0.22264150943396227
62045,0.31299062318450327,"(0.303, 0.338]",0.23622047244094488
62046,0.40119297106315016,"(0.373, 0.407]",0.22178988326848248
62047,0.36406633608890093,"(0.338, 0.373]",0.2242152466367713
62048,0.32870181115672653,"(0.303, 0.338]",0.20202020202020202
62049,0.4554873227138674,"(0.442, 0.476]",0.18292682926829268
62050,0.34854386417242555,"(0.338, 0.373]",0.19083969465648856
62051,0.3946532969721998,"(0.373, 0.407]",0.14383561643835616
62052,0.4319444182100401,"(0.407, 0.442]",0.16666666666666666
62053,0.37888135385055877,"(0.373, 0.407]",0.17901234567901234
62054,0.4351244951885065,"(0.407, 0.442]",0.17857142857142858
62055,0.3727019346759291,"(0.373, 0.407]",0.20987654320987653
62056,0.40776139193659433,"(0.407, 0.442]",0.19411764705882353
62057,0.4066007905767355,"(0.373, 0.407]",0.2265193370165746
62058,0.41981095897357557,"(0.407, 0.442]",0.21839080459770116
62059,0.3801466720533035,"(0.373, 0.407]",0.2032967032967033
62060,0.3742331260364277,"(0.373, 0.407]",0.2057142857142857
62061,0.3220960456557081,"(0.303, 0.338]",0.12643678160919541
62062,0.22442804963110566,"(0.2, 0.234]",0.1595744680851064
62063,0.3279243966169874,"(0.303, 0.338]",0.16574585635359115
62064,0.37705746091709075,"(0.373, 0.407]",0.17679558011049723
62065,0.3396731443737102,"(0.338, 0.373]",0.22012578616352202
62066,0.39535626819240527,"(0.373, 0.407]",0.20279720279720279
62067,0.40724132559783005,"(0.407, 0.442]",0.2229299363057325
62068,0.39928684873648224,"(0.373, 0.407]",0.18226600985221675
62069,0.39826790768355586,"(0.373, 0.407]",0.1814814814814815
62070,0.37042064011132997,"(0.338, 0.373]",0.15902140672782875
62071,0.386024099777701,"(0.373, 0.407]",0.16338028169014085
62072,0.33270716203033757,"(0.303, 0.338]",0.18562874251497005
62073,0.308757938867096,"(0.303, 0.338]",0.1918238993710692
62074,0.30029682505200334,"(0.269, 0.303]",0.23183391003460208
62075,0.324319707020385,"(0.303, 0.338]",0.23591549295774647
62076,0.33734426768003184,"(0.303, 0.338]",0.2526690391459075
62077,0.38093481414402414,"(0.373, 0.407]",0.25609756097560976
62078,0.38112770171318394,"(0.373, 0.407]",0.2579185520361991
62079,0.3944321953248961,"(0.373, 0.407]",0.2742857142857143
62080,0.4511256456427664,"(0.442, 0.476]",0.1774193548387097
62081,0.39851858367042403,"(0.373, 0.407]",0.15577889447236182
62082,0.403628878789221,"(0.373, 0.407]",0.15789473684210525
62083,0.3857958950447554,"(0.373, 0.407]",0.17307692307692307
62084,0.370825206924248,"(0.338, 0.373]",0.15942028985507245
62085,0.4076937969396144,"(0.407, 0.442]",0.1941747572815534
62086,0.38794534939626435,"(0.373, 0.407]",0.21739130434782608
62087,0.4138949973409705,"(0.407, 0.442]",0.22777777777777777
62088,0.36992557215025773,"(0.338, 0.373]",0.23699421965317918
62089,0.3175668476677534,"(0.303, 0.338]",0.17791411042944785
62090,0.2812958286177705,"(0.269, 0.303]",0.1875
62091,0.38571292819965697,"(0.373, 0.407]",0.19594594594594594
62092,0.3375263934378523,"(0.303, 0.338]",0.2426470588235294
62093,0.3966527152978988,"(0.373, 0.407]",0.2892561983471074
62094,0.4064526391588265,"(0.373, 0.407]",0.2558139534883721
62095,0.39123818456190645,"(0.373, 0.407]",0.2803030303030303
62096,0.39169870870475376,"(0.373, 0.407]",0.21714285714285714
62097,0.4118987478936865,"(0.407, 0.442]",0.242152466367713
62098,0.33544429164671885,"(0.303, 0.338]",0.22265625
62099,0.3834191094589749,"(0.373, 0.407]",0.2251655629139073
62100,0.40338839186698067,"(0.373, 0.407]",0.24561403508771928
62101,0.3927116295160485,"(0.373, 0.407]",0.23508771929824562
62102,0.32909567630913894,"(0.303, 0.338]",0.26181818181818184
62103,0.35384460446782556,"(0.338, 0.373]",0.26545454545454544
62104,0.3888342362896053,"(0.373, 0.407]",0.29927007299270075
62105,0.38481816212581427,"(0.373, 0.407]",0.30833333333333335
62106,0.330867194434682,"(0.303, 0.338]",0.3191489361702128
62107,0.43096241859868634,"(0.407, 0.442]",0.3684210526315789
62108,0.3883900265332034,"(0.373, 0.407]",0.3539325842696629
62109,0.43337286885287446,"(0.407, 0.442]",0.164021164021164
62110,0.4512007342120701,"(0.442, 0.476]",0.12254901960784313
62111,0.34084611568511397,"(0.338, 0.373]",0.11707317073170732
62112,0.4015956513104548,"(0.373, 0.407]",0.1306532663316583
62113,0.4405784463108418,"(0.407, 0.442]",0.15577889447236182
62114,0.4073149256768342,"(0.407, 0.442]",0.2233502538071066
62115,0.4136229365679392,"(0.407, 0.442]",0.26842105263157895
62116,0.3826429418038134,"(0.373, 0.407]",0.32
62118,0.4006176084146053,"(0.373, 0.407]",0.2789115646258503
62119,0.3796958818093716,"(0.373, 0.407]",0.2733812949640288
62120,0.44590303715693363,"(0.442, 0.476]",0.2676056338028169
62121,0.4165764122494913,"(0.407, 0.442]",0.30344827586206896
62122,0.3796482543806218,"(0.373, 0.407]",0.3357142857142857
62123,0.3686795064675086,"(0.338, 0.373]",0.32413793103448274
62124,0.37040805937192767,"(0.338, 0.373]",0.34210526315789475
62125,0.40827149435205334,"(0.407, 0.442]",0.29015544041450775
62126,0.42888066513306833,"(0.407, 0.442]",0.29515418502202645
62127,0.39008016318106714,"(0.373, 0.407]",0.27058823529411763
62128,0.3949718659345482,"(0.373, 0.407]",0.2558922558922559
62129,0.3692039766139295,"(0.338, 0.373]",0.2846975088967972
62130,0.39883720777281884,"(0.373, 0.407]",0.29285714285714287
62131,0.3105142344309712,"(0.303, 0.338]",0.31386861313868614
62132,0.396151217023283,"(0.373, 0.407]",0.33984375
62133,0.35931032745797753,"(0.338, 0.373]",0.33976833976833976
62134,0.4042136581924621,"(0.373, 0.407]",0.41346153846153844
62135,0.40559315892203734,"(0.373, 0.407]",0.441747572815534
62136,0.35239407619523727,"(0.338, 0.373]",0.1407766990291262
62137,0.4215230555840626,"(0.407, 0.442]",0.12135922330097088
62138,0.39074848130621037,"(0.373, 0.407]",0.17412935323383086
62139,0.32757680293701996,"(0.303, 0.338]",0.21578947368421053
62140,0.3988661095990748,"(0.373, 0.407]",0.2978723404255319
62141,0.399118626904884,"(0.373, 0.407]",0.33852140077821014
62142,0.37341068136563965,"(0.373, 0.407]",0.34375
62143,0.4034757712129077,"(0.373, 0.407]",0.30962343096234307
62144,0.3047537832953829,"(0.303, 0.338]",0.325
62145,0.4243172282808668,"(0.407, 0.442]",0.33905579399141633
62146,0.28167801044893154,"(0.269, 0.303]",0.36324786324786323
62147,0.305492354813314,"(0.303, 0.338]",0.59375
62149,0.2622379613199043,"(0.234, 0.269]",0.6313559322033898
62158,0.16415645257630412,"(0.131, 0.165]",0.5708333333333333
62163,0.32949350339401895,"(0.303, 0.338]",0.5923076923076923
62168,0.21474719924308658,"(0.2, 0.234]",0.75
62169,0.346711435958433,"(0.338, 0.373]",0.7446808510638298
62170,0.34686990254685013,"(0.338, 0.373]",0.6359832635983264
62171,0.36791559732561374,"(0.338, 0.373]",0.5817490494296578
62172,0.3205658851387672,"(0.303, 0.338]",0.5346153846153846
62176,0.27036836630059347,"(0.269, 0.303]",0.7637130801687764
62177,0.16851481722090306,"(0.165, 0.2]",0.7509881422924901
62185,0.18450764385962112,"(0.165, 0.2]",0.7479674796747967
62225,0.2865572988858991,"(0.269, 0.303]",0.668918918918919
62226,0.1551193754649675,"(0.131, 0.165]",0.6210526315789474
62238,0.33912501288582375,"(0.338, 0.373]",0.6270096463022508
62239,0.2653408246379663,"(0.234, 0.269]",0.5758620689655173
62249,0.19558939327132543,"(0.165, 0.2]",0.6112852664576802
62258,0.3224250896786565,"(0.303, 0.338]",0.5967213114754099
62284,0.23947126871893096,"(0.234, 0.269]",0.4978723404255319
63241,0.25467825918394466,"(0.234, 0.269]",0.16447368421052633
63242,0.33756533845541303,"(0.303, 0.338]",0.1497005988023952
63250,0.3638602447487597,"(0.338, 0.373]",0.22702702702702704
63251,0.2928575274981453,"(0.269, 0.303]",0.21693121693121692
63252,0.27059911129352365,"(0.269, 0.303]",0.25142857142857145
63253,0.3375510322835729,"(0.303, 0.338]",0.20348837209302326
63288,0.40823196484616825,"(0.407, 0.442]",0.16071428571428573
63289,0.37985439276193633,"(0.373, 0.407]",0.16167664670658682
63290,0.35753867494859776,"(0.338, 0.373]",0.15384615384615385
63291,0.4052873779078435,"(0.373, 0.407]",0.18181818181818182
63298,0.31188054988989045,"(0.303, 0.338]",0.2872340425531915
63299,0.285966303015941,"(0.269, 0.303]",0.26344086021505375
63300,0.342927022129156,"(0.338, 0.373]",0.27932960893854747
63301,0.33779651095756097,"(0.303, 0.338]",0.22905027932960895
63302,0.36863105971352994,"(0.338, 0.373]",0.25139664804469275
63303,0.25256365240375694,"(0.234, 0.269]",0.2677595628415301
63336,0.36831877484887315,"(0.338, 0.373]",0.14367816091954022
63337,0.41634745369843396,"(0.407, 0.442]",0.13609467455621302
63338,0.2336144799364974,"(0.2, 0.234]",0.11875
63339,0.31458255924579187,"(0.303, 0.338]",0.12195121951219512
63346,0.32669779568982665,"(0.303, 0.338]",0.32967032967032966
63347,0.34367498447840716,"(0.338, 0.373]",0.28160919540229884
63348,0.36985111832682405,"(0.338, 0.373]",0.29878048780487804
63349,0.3129800459210024,"(0.303, 0.338]",0.2897727272727273
63350,0.3204677537954692,"(0.303, 0.338]",0.27485380116959063
63351,0.4064817020197414,"(0.373, 0.407]",0.29608938547486036
63357,0.38300485870618317,"(0.373, 0.407]",0.2254335260115607
63358,0.4123543230757926,"(0.407, 0.442]",0.18681318681318682
63359,0.3308684194127221,"(0.303, 0.338]",0.1875
63383,0.3138899234999279,"(0.303, 0.338]",0.16111111111111112
63384,0.39102945682922796,"(0.373, 0.407]",0.15384615384615385
63385,0.3368535935510818,"(0.303, 0.338]",0.14465408805031446
63386,0.43710037628505516,"(0.407, 0.442]",0.1534090909090909
63387,0.3328776463466097,"(0.303, 0.338]",0.20454545454545456
63393,0.3353579525939544,"(0.303, 0.338]",0.3224043715846995
63394,0.4341091455076375,"(0.407, 0.442]",0.2833333333333333
63395,0.40996233208247207,"(0.407, 0.442]",0.3050847457627119
63396,0.34580192224891265,"(0.338, 0.373]",0.3442622950819672
63397,0.33985739137125337,"(0.338, 0.373]",0.3390804597701149
63404,0.34172801110903595,"(0.338, 0.373]",0.1744186046511628
63405,0.3889900203266484,"(0.373, 0.407]",0.16666666666666666
63406,0.3833115887535302,"(0.373, 0.407]",0.16568047337278108
63407,0.4205760460633882,"(0.407, 0.442]",0.13372093023255813
63422,0.4144450242132293,"(0.407, 0.442]",0.23333333333333334
63423,0.45619871706533344,"(0.442, 0.476]",0.2662337662337662
63424,0.34658968729731854,"(0.338, 0.373]",0.2484472049689441
63425,0.4309125570154543,"(0.407, 0.442]",0.25903614457831325
63426,0.3929932486144247,"(0.373, 0.407]",0.24550898203592814
63427,0.33003199400532224,"(0.303, 0.338]",0.22988505747126436
63428,0.4302149551419506,"(0.407, 0.442]",0.2342857142857143
63430,0.4417181183688852,"(0.442, 0.476]",0.21764705882352942
63432,0.3599419782469554,"(0.338, 0.373]",0.22289156626506024
63433,0.40772865573624234,"(0.407, 0.442]",0.2222222222222222
63434,0.3647793709019086,"(0.338, 0.373]",0.24210526315789474
63440,0.3707875793677285,"(0.338, 0.373]",0.33519553072625696
63441,0.36075307170167853,"(0.338, 0.373]",0.3072289156626506
63442,0.425378482763446,"(0.407, 0.442]",0.32926829268292684
63443,0.40632937690924653,"(0.373, 0.407]",0.38271604938271603
63444,0.3742782045203669,"(0.373, 0.407]",0.3719512195121951
63447,0.4219255127274496,"(0.407, 0.442]",0.2802547770700637
63449,0.4042190286037526,"(0.373, 0.407]",0.21794871794871795
63450,0.28615420687031745,"(0.269, 0.303]",0.22784810126582278
63451,0.3856081664112458,"(0.373, 0.407]",0.22413793103448276
63452,0.3877406148913798,"(0.373, 0.407]",0.211340206185567
63453,0.3203661766542838,"(0.303, 0.338]",0.21264367816091953
63454,0.1826194400851278,"(0.165, 0.2]",0.1751412429378531
63469,0.4052478693995111,"(0.373, 0.407]",0.21686746987951808
63470,0.30176937600104714,"(0.269, 0.303]",0.24203821656050956
63471,0.29854447859820876,"(0.269, 0.303]",0.23493975903614459
63472,0.26560793453654313,"(0.234, 0.269]",0.2716049382716049
63473,0.3713661805666,"(0.338, 0.373]",0.2597402597402597
63474,0.27038408624142063,"(0.269, 0.303]",0.25
63479,0.37609061860634346,"(0.373, 0.407]",0.24516129032258063
63480,0.4214871628463192,"(0.407, 0.442]",0.24175824175824176
63481,0.2938141443549721,"(0.269, 0.303]",0.24719101123595505
63487,0.36600102797706857,"(0.338, 0.373]",0.3611111111111111
63488,0.3916670543566284,"(0.373, 0.407]",0.32926829268292684
63489,0.49089135638576975,"(0.476, 0.511]",0.34146341463414637
63490,0.39269656649551005,"(0.373, 0.407]",0.38125
63491,0.36160579390190034,"(0.338, 0.373]",0.37349397590361444
63494,0.4149255277371963,"(0.407, 0.442]",0.25675675675675674
63495,0.4803000616040198,"(0.476, 0.511]",0.25547445255474455
63496,0.34037173210221383,"(0.338, 0.373]",0.24503311258278146
63497,0.39572690729111143,"(0.373, 0.407]",0.2375
63498,0.3672076669684118,"(0.338, 0.373]",0.2261904761904762
63499,0.34892886455727484,"(0.338, 0.373]",0.19553072625698323
63500,0.3509954945955721,"(0.338, 0.373]",0.19653179190751446
63501,0.3495063772105767,"(0.338, 0.373]",0.1878453038674033
63515,0.44016476588167025,"(0.407, 0.442]",0.2392638036809816
63516,0.4119789623198481,"(0.407, 0.442]",0.2692307692307692
63517,0.2729539969866385,"(0.269, 0.303]",0.24848484848484848
63518,0.3476017474334329,"(0.338, 0.373]",0.2777777777777778
63519,0.3311350998771206,"(0.303, 0.338]",0.29012345679012347
63525,0.30900249859603585,"(0.303, 0.338]",0.310126582278481
63526,0.31265998768592196,"(0.303, 0.338]",0.32
63527,0.46258577646024285,"(0.442, 0.476]",0.31137724550898205
63528,0.3536521973019647,"(0.338, 0.373]",0.31666666666666665
63537,0.39451836549309593,"(0.373, 0.407]",0.40476190476190477
63538,0.26515997470651576,"(0.234, 0.269]",0.38011695906432746
63539,0.3860539248559245,"(0.373, 0.407]",0.33548387096774196
63540,0.3944995227617235,"(0.373, 0.407]",0.2981366459627329
63541,0.42896484354844394,"(0.407, 0.442]",0.2894736842105263
63542,0.3691645526015939,"(0.338, 0.373]",0.26875
63543,0.4138082537043093,"(0.407, 0.442]",0.22289156626506024
63545,0.3482282478426731,"(0.338, 0.373]",0.16666666666666666
63546,0.3972818292298895,"(0.373, 0.407]",0.1631578947368421
63547,0.4253395386365358,"(0.407, 0.442]",0.17258883248730963
63548,0.32410209527831013,"(0.303, 0.338]",0.16908212560386474
63558,0.4262968479624833,"(0.407, 0.442]",0.25
63559,0.40281502241493833,"(0.373, 0.407]",0.2608695652173913
63560,0.36518169399230704,"(0.338, 0.373]",0.2777777777777778
63561,0.4121007087901137,"(0.407, 0.442]",0.2894736842105263
63562,0.40722870593482424,"(0.407, 0.442]",0.2654320987654321
63563,0.3111637099210426,"(0.303, 0.338]",0.2727272727272727
63568,0.3474429840602875,"(0.338, 0.373]",0.375
63569,0.35942959852129414,"(0.338, 0.373]",0.36
63570,0.22215267517146123,"(0.2, 0.234]",0.3668639053254438
63571,0.4011305009239512,"(0.373, 0.407]",0.3693181818181818
63574,0.429163586923529,"(0.407, 0.442]",0.4277456647398844
63582,0.37060109124313684,"(0.338, 0.373]",0.3620689655172414
63583,0.4191276838565573,"(0.407, 0.442]",0.3485714285714286
63584,0.430449470328112,"(0.407, 0.442]",0.32926829268292684
63585,0.33211727728180457,"(0.303, 0.338]",0.34104046242774566
63586,0.4037094321827834,"(0.373, 0.407]",0.36257309941520466
63587,0.3722785126049668,"(0.338, 0.373]",0.3409090909090909
63588,0.43895182057935395,"(0.407, 0.442]",0.2777777777777778
63589,0.4378868253457998,"(0.407, 0.442]",0.23626373626373626
63590,0.4074487723641053,"(0.407, 0.442]",0.20418848167539266
63591,0.38743708469966276,"(0.373, 0.407]",0.19095477386934673
63592,0.37849000468071137,"(0.373, 0.407]",0.1921182266009852
63593,0.38150743035208323,"(0.373, 0.407]",0.17674418604651163
63594,0.3216282959297157,"(0.303, 0.338]",0.14646464646464646
63603,0.37957199988011836,"(0.373, 0.407]",0.24822695035460993
63604,0.4363296604642007,"(0.407, 0.442]",0.26143790849673204
63605,0.39861407441110963,"(0.373, 0.407]",0.2913907284768212
63606,0.3365838844234725,"(0.303, 0.338]",0.31125827814569534
63607,0.40853881184072627,"(0.407, 0.442]",0.3051948051948052
63608,0.3792986288988117,"(0.373, 0.407]",0.33098591549295775
63609,0.3254165969941744,"(0.303, 0.338]",0.32450331125827814
63612,0.4095777667331486,"(0.407, 0.442]",0.3764705882352941
63613,0.38480623962361205,"(0.373, 0.407]",0.39156626506024095
63614,0.3677480480882528,"(0.338, 0.373]",0.3735632183908046
63615,0.40126456976790714,"(0.373, 0.407]",0.40718562874251496
63616,0.3624247278737256,"(0.338, 0.373]",0.41566265060240964
63619,0.23576733650108903,"(0.234, 0.269]",0.4891304347826087
63622,0.41013514166481585,"(0.407, 0.442]",0.5126903553299492
63629,0.40502813683746247,"(0.373, 0.407]",0.3532934131736527
63630,0.25039246063482934,"(0.234, 0.269]",0.37362637362637363
63631,0.4255770779981951,"(0.407, 0.442]",0.39106145251396646
63632,0.4184074993999744,"(0.407, 0.442]",0.3701657458563536
63633,0.4353252987045643,"(0.407, 0.442]",0.2864864864864865
63634,0.25541756432751633,"(0.234, 0.269]",0.2222222222222222
63635,0.4208445583629455,"(0.407, 0.442]",0.18652849740932642
63636,0.42275467514940346,"(0.407, 0.442]",0.1791044776119403
63637,0.26852124958124307,"(0.234, 0.269]",0.18095238095238095
63638,0.36845617539215675,"(0.338, 0.373]",0.1761904761904762
63639,0.360180379334357,"(0.338, 0.373]",0.1553398058252427
63640,0.3927204322596199,"(0.373, 0.407]",0.1683673469387755
63647,0.3924343011253041,"(0.373, 0.407]",0.2727272727272727
63648,0.4246574739385615,"(0.407, 0.442]",0.3194444444444444
63649,0.42288811095554707,"(0.407, 0.442]",0.35
63650,0.4241673313006139,"(0.407, 0.442]",0.3660130718954248
63651,0.3654148954175014,"(0.338, 0.373]",0.36423841059602646
63652,0.3768436241801761,"(0.373, 0.407]",0.37349397590361444
63654,0.3905907983249916,"(0.373, 0.407]",0.4319526627218935
63655,0.3390928266721762,"(0.338, 0.373]",0.43315508021390375
63656,0.4025290318114592,"(0.373, 0.407]",0.46551724137931033
63657,0.4020098648709361,"(0.373, 0.407]",0.45251396648044695
63658,0.39934686381159995,"(0.373, 0.407]",0.4581005586592179
63659,0.31849720073532584,"(0.303, 0.338]",0.48502994011976047
63676,0.40715015670673965,"(0.407, 0.442]",0.31840796019900497
63677,0.3460370107830995,"(0.338, 0.373]",0.25365853658536586
63678,0.43582635344658277,"(0.407, 0.442]",0.20707070707070707
63679,0.328087904024067,"(0.303, 0.338]",0.1717171717171717
63680,0.29034669605892116,"(0.269, 0.303]",0.16666666666666666
63681,0.3723397341219802,"(0.338, 0.373]",0.1625615763546798
63682,0.3958855391512624,"(0.373, 0.407]",0.13636363636363635
63683,0.3549627963156369,"(0.338, 0.373]",0.17010309278350516
63684,0.36238500825566866,"(0.338, 0.373]",0.20634920634920634
63690,0.37459987626246105,"(0.373, 0.407]",0.3835616438356164
63691,0.4169833838674222,"(0.407, 0.442]",0.3825503355704698
63692,0.3001230921688631,"(0.269, 0.303]",0.3939393939393939
63693,0.3359756728722437,"(0.303, 0.338]",0.5060975609756098
63694,0.41148724051604985,"(0.407, 0.442]",0.49230769230769234
63695,0.4163444215649939,"(0.407, 0.442]",0.5425531914893617
63696,0.41051596959152475,"(0.407, 0.442]",0.5076142131979695
63697,0.4270201482804631,"(0.407, 0.442]",0.5
63698,0.31341345443171653,"(0.303, 0.338]",0.5274725274725275
63704,0.4459907727037974,"(0.442, 0.476]",0.5545023696682464
63706,0.38827261613583575,"(0.373, 0.407]",0.48936170212765956
63714,0.1967408785676863,"(0.165, 0.2]",0.35323383084577115
63715,0.36146867260382076,"(0.338, 0.373]",0.31443298969072164
63716,0.38136479621697117,"(0.373, 0.407]",0.25252525252525254
63717,0.4048945139807069,"(0.373, 0.407]",0.21505376344086022
63718,0.45096944130634103,"(0.442, 0.476]",0.18888888888888888
63719,0.349916077497064,"(0.338, 0.373]",0.1787709497206704
63720,0.39845078605645967,"(0.373, 0.407]",0.1837837837837838
63721,0.29209428142015886,"(0.269, 0.303]",0.1693121693121693
63722,0.28470285182378263,"(0.269, 0.303]",0.19473684210526315
63723,0.3589440934136605,"(0.338, 0.373]",0.22777777777777777
63728,0.40758520169402207,"(0.407, 0.442]",0.4066666666666667
63729,0.4074858275751105,"(0.407, 0.442]",0.42207792207792205
63730,0.350103690180679,"(0.338, 0.373]",0.463855421686747
63731,0.3433542356933695,"(0.338, 0.373]",0.5621621621621622
63732,0.23956178881209053,"(0.234, 0.269]",0.5528846153846154
63733,0.2887776588434688,"(0.269, 0.303]",0.6358974358974359
63734,0.38152523936769456,"(0.373, 0.407]",0.6062176165803109
63742,0.32408055209067943,"(0.303, 0.338]",0.547085201793722
63744,0.3926386047747274,"(0.373, 0.407]",0.5369458128078818
63745,0.3972565221254665,"(0.373, 0.407]",0.4481132075471698
63751,0.400859475912981,"(0.373, 0.407]",0.37967914438502676
63752,0.4259752698661592,"(0.407, 0.442]",0.3415841584158416
63753,0.4128153847506031,"(0.407, 0.442]",0.3128205128205128
63754,0.43519676142365027,"(0.407, 0.442]",0.24479166666666666
63755,0.4274411314649399,"(0.407, 0.442]",0.18435754189944134
63756,0.3818559179634172,"(0.373, 0.407]",0.17575757575757575
63757,0.38070482748091733,"(0.373, 0.407]",0.16463414634146342
63758,0.3586153071248401,"(0.338, 0.373]",0.192090395480226
63759,0.29815704709335705,"(0.269, 0.303]",0.2222222222222222
63760,0.4054575637857682,"(0.373, 0.407]",0.23711340206185566
63761,0.3269267258037277,"(0.303, 0.338]",0.27225130890052357
63778,0.3814481096376924,"(0.373, 0.407]",0.5441176470588235
63779,0.4142589526792011,"(0.407, 0.442]",0.5221674876847291
63780,0.43496767609837644,"(0.407, 0.442]",0.44390243902439025
63781,0.4435103827237044,"(0.442, 0.476]",0.4489795918367347
63782,0.39240083486572425,"(0.373, 0.407]",0.43147208121827413
63785,0.32152605068696893,"(0.303, 0.338]",0.36065573770491804
63786,0.34478482420771656,"(0.338, 0.373]",0.3520408163265306
63787,0.3712513503968619,"(0.338, 0.373]",0.32673267326732675
63788,0.4081165390900868,"(0.407, 0.442]",0.32323232323232326
63789,0.37223542085763445,"(0.338, 0.373]",0.26595744680851063
63790,0.4184456300247842,"(0.407, 0.442]",0.20118343195266272
63791,0.35667543474417934,"(0.338, 0.373]",0.1935483870967742
63792,0.3875667237463653,"(0.373, 0.407]",0.17482517482517482
63793,0.35811867616608806,"(0.338, 0.373]",0.18125
63794,0.34913449609693153,"(0.338, 0.373]",0.22099447513812154
63795,0.31725204945959207,"(0.303, 0.338]",0.23076923076923078
63800,0.40569273507500014,"(0.373, 0.407]",0.5947368421052631
63801,0.4031587426827551,"(0.373, 0.407]",0.6256410256410256
63814,0.33388188316372436,"(0.303, 0.338]",0.572139303482587
63815,0.30562771406474176,"(0.303, 0.338]",0.54
63816,0.35719370282795954,"(0.338, 0.373]",0.5138888888888888
63817,0.3490689758273425,"(0.338, 0.373]",0.4841628959276018
63818,0.3073976365160167,"(0.303, 0.338]",0.48214285714285715
63821,0.3051509730305042,"(0.303, 0.338]",0.4427083333333333
63822,0.33885513800743416,"(0.338, 0.373]",0.40555555555555556
63823,0.4205275336205596,"(0.407, 0.442]",0.3502824858757062
63824,0.3217280954718977,"(0.303, 0.338]",0.31351351351351353
63825,0.43403984807634916,"(0.407, 0.442]",0.291005291005291
63826,0.3516846116490169,"(0.338, 0.373]",0.24324324324324326
63827,0.3428303312746604,"(0.338, 0.373]",0.2154696132596685
63828,0.3748200143525591,"(0.373, 0.407]",0.2155688622754491
63829,0.3839803759041068,"(0.373, 0.407]",0.18867924528301888
63830,0.3944381679736188,"(0.373, 0.407]",0.2155688622754491
63831,0.3467040453383943,"(0.338, 0.373]",0.26595744680851063
63832,0.3480585003203329,"(0.338, 0.373]",0.26666666666666666
63836,0.3604033721671216,"(0.338, 0.373]",0.6231155778894473
63850,0.409322319838387,"(0.407, 0.442]",0.5561224489795918
63851,0.3910678505306423,"(0.373, 0.407]",0.5463414634146342
63852,0.34351520323520623,"(0.338, 0.373]",0.5188679245283019
63853,0.4199352549464029,"(0.407, 0.442]",0.5130434782608696
63854,0.39885373199377,"(0.373, 0.407]",0.5132743362831859
63855,0.36672279743836395,"(0.338, 0.373]",0.5108225108225108
63856,0.3834834890228354,"(0.373, 0.407]",0.5265486725663717
63857,0.37439975148850035,"(0.373, 0.407]",0.5123152709359606
63858,0.37715061050467963,"(0.373, 0.407]",0.46153846153846156
63859,0.3927836388412146,"(0.373, 0.407]",0.41847826086956524
63860,0.24963775678441075,"(0.234, 0.269]",0.3567567567567568
63862,0.3808311621261677,"(0.373, 0.407]",0.2727272727272727
63863,0.3987853966430255,"(0.373, 0.407]",0.24324324324324326
63864,0.4543555243493442,"(0.442, 0.476]",0.22777777777777777
63865,0.282129260503458,"(0.269, 0.303]",0.23780487804878048
63866,0.32427373469324317,"(0.303, 0.338]",0.2052980132450331
63867,0.4466016416795084,"(0.442, 0.476]",0.2088607594936709
63886,0.3846613971078945,"(0.373, 0.407]",0.51010101010101
63887,0.2671624810046167,"(0.234, 0.269]",0.49029126213592233
63888,0.322040687394258,"(0.303, 0.338]",0.49777777777777776
63889,0.4721249944687222,"(0.442, 0.476]",0.5324074074074074
63890,0.4043847226489024,"(0.373, 0.407]",0.5066079295154186
63891,0.3862144417919288,"(0.373, 0.407]",0.5068493150684932
63892,0.42531551567889947,"(0.407, 0.442]",0.4623115577889447
63893,0.41383903866192095,"(0.407, 0.442]",0.4010416666666667
63894,0.46744763155329117,"(0.442, 0.476]",0.36363636363636365
63895,0.32576050790301664,"(0.303, 0.338]",0.2897727272727273
63897,0.42331941555922353,"(0.407, 0.442]",0.25
63898,0.3444521817268772,"(0.338, 0.373]",0.2564102564102564
63899,0.4488653238067614,"(0.442, 0.476]",0.26288659793814434
63900,0.40574857548353455,"(0.373, 0.407]",0.25
63901,0.4088241363368918,"(0.407, 0.442]",0.2222222222222222
63902,0.382700971596633,"(0.373, 0.407]",0.20606060606060606
63920,0.38005934127884017,"(0.373, 0.407]",0.5467289719626168
63921,0.342548923783745,"(0.338, 0.373]",0.5161290322580645
63924,0.3544264327367477,"(0.338, 0.373]",0.49557522123893805
63925,0.3205994484259959,"(0.303, 0.338]",0.4855769230769231
63926,0.38368566460471354,"(0.373, 0.407]",0.4148936170212766
63927,0.31559244347823723,"(0.303, 0.338]",0.3695652173913043
63928,0.3007964248550968,"(0.269, 0.303]",0.3532934131736527
63929,0.2741377860114753,"(0.269, 0.303]",0.27218934911242604
63931,0.41283182548877195,"(0.407, 0.442]",0.21578947368421053
63932,0.3845093845129403,"(0.373, 0.407]",0.24210526315789474
63933,0.41194887795973,"(0.407, 0.442]",0.26666666666666666
63934,0.36005974420623343,"(0.338, 0.373]",0.26666666666666666
63958,0.3904928303017918,"(0.373, 0.407]",0.4950980392156863
63959,0.3687837426224288,"(0.338, 0.373]",0.450261780104712
63960,0.2780662316255546,"(0.269, 0.303]",0.35195530726256985
63961,0.30872325500526726,"(0.303, 0.338]",0.3128491620111732
63962,0.4577231886212504,"(0.442, 0.476]",0.28994082840236685
63963,0.42643948060891484,"(0.407, 0.442]",0.21893491124260356
63964,0.37036101082540945,"(0.338, 0.373]",0.2046783625730994
63965,0.43355070543134727,"(0.407, 0.442]",0.17391304347826086
63966,0.37278203633723467,"(0.373, 0.407]",0.21390374331550802
63967,0.4084044800977291,"(0.407, 0.442]",0.24870466321243523
63968,0.3455041279090414,"(0.338, 0.373]",0.2864583333333333
63992,0.34425061787071365,"(0.338, 0.373]",0.4744897959183674
63993,0.4419297468755143,"(0.442, 0.476]",0.3978494623655914
63994,0.3993545731871686,"(0.373, 0.407]",0.3181818181818182
63995,0.3541350059560426,"(0.338, 0.373]",0.2768361581920904
63996,0.39133292645306533,"(0.373, 0.407]",0.25862068965517243
63997,0.4035352795088107,"(0.373, 0.407]",0.2215909090909091
63998,0.3657280626207321,"(0.338, 0.373]",0.20786516853932585
63999,0.36870002175246486,"(0.338, 0.373]",0.20108695652173914
64000,0.41178965272443424,"(0.407, 0.442]",0.22340425531914893
64001,0.3707004765894601,"(0.338, 0.373]",0.234375
64002,0.38538297601363514,"(0.373, 0.407]",0.25257731958762886
64028,0.483007997661529,"(0.476, 0.511]",0.359375
64029,0.434985433706467,"(0.407, 0.442]",0.29347826086956524
64030,0.4619815745006636,"(0.442, 0.476]",0.25
64031,0.41165501230403767,"(0.407, 0.442]",0.22162162162162163
64032,0.42757073477081603,"(0.407, 0.442]",0.1925133689839572
64033,0.3927873172148807,"(0.373, 0.407]",0.1881720430107527
64034,0.4163232707843882,"(0.407, 0.442]",0.16574585635359115
64035,0.39836583028700984,"(0.373, 0.407]",0.17777777777777778
64036,0.3813918436896089,"(0.373, 0.407]",0.18181818181818182
64059,0.4056433742679901,"(0.373, 0.407]",0.31382978723404253
64060,0.34571339777620136,"(0.338, 0.373]",0.28
64061,0.39325928511014263,"(0.373, 0.407]",0.25274725274725274
64062,0.43205543318698925,"(0.407, 0.442]",0.2023121387283237
64063,0.36277961815048015,"(0.338, 0.373]",0.18478260869565216
64064,0.40510546116379204,"(0.373, 0.407]",0.18032786885245902
64065,0.3790497796335293,"(0.373, 0.407]",0.14857142857142858
64066,0.39159318577397245,"(0.373, 0.407]",0.16574585635359115
64093,0.40749126393670054,"(0.407, 0.442]",0.26344086021505375
64094,0.35323490274096225,"(0.338, 0.373]",0.24705882352941178
64095,0.4091004296914826,"(0.407, 0.442]",0.22727272727272727
64096,0.3081852702746465,"(0.303, 0.338]",0.2
64097,0.30871961640687295,"(0.303, 0.338]",0.20918367346938777
64098,0.4579315944773599,"(0.442, 0.476]",0.205
64117,0.4502085916090215,"(0.442, 0.476]",0.3333333333333333
64118,0.4216599284986227,"(0.407, 0.442]",0.3225806451612903
64119,0.44702486666654173,"(0.442, 0.476]",0.2648648648648649
64120,0.4179161654104342,"(0.407, 0.442]",0.2681564245810056
64121,0.31727894922083244,"(0.303, 0.338]",0.23369565217391305
64122,0.3461581485040345,"(0.338, 0.373]",0.1807909604519774
64123,0.3993793069692662,"(0.373, 0.407]",0.17766497461928935
64124,0.4151362015668037,"(0.407, 0.442]",0.17010309278350516
64147,0.3225164511834642,"(0.303, 0.338]",0.44041450777202074
64148,0.3727289584200923,"(0.373, 0.407]",0.366120218579235
64149,0.4096484138916822,"(0.407, 0.442]",0.3333333333333333
64150,0.431937366629013,"(0.407, 0.442]",0.3188405797101449
64151,0.4076857308952909,"(0.407, 0.442]",0.30158730158730157
64152,0.38292395476303565,"(0.373, 0.407]",0.3333333333333333
64153,0.38917908627920766,"(0.373, 0.407]",0.32105263157894737
64154,0.3110908466366596,"(0.303, 0.338]",0.2789473684210526
64155,0.37647434372634603,"(0.373, 0.407]",0.255
64156,0.2749021906288622,"(0.269, 0.303]",0.203125
64174,0.38583729580132164,"(0.373, 0.407]",0.4869109947643979
64177,0.36053396049760217,"(0.338, 0.373]",0.40437158469945356
64178,0.35330696111268695,"(0.338, 0.373]",0.3372093023255814
64179,0.35901395053878954,"(0.338, 0.373]",0.3027027027027027
64180,0.4151611574561158,"(0.407, 0.442]",0.3165829145728643
64181,0.41768019226872155,"(0.407, 0.442]",0.3160621761658031
64182,0.37059849253780003,"(0.338, 0.373]",0.335
64183,0.4056221091240618,"(0.373, 0.407]",0.3054187192118227
64184,0.366167107691627,"(0.338, 0.373]",0.2619047619047619
64185,0.3226266634281599,"(0.303, 0.338]",0.24644549763033174
64186,0.3732846959352056,"(0.373, 0.407]",0.20673076923076922
64210,0.3977904476287597,"(0.373, 0.407]",0.3806818181818182
64211,0.43130882599620235,"(0.407, 0.442]",0.31736526946107785
64212,0.32466980140277524,"(0.303, 0.338]",0.3131868131868132
64213,0.3715773227412771,"(0.338, 0.373]",0.3217821782178218
64214,0.43370420561900397,"(0.407, 0.442]",0.3282828282828283
64215,0.3471920117817271,"(0.338, 0.373]",0.36585365853658536
64216,0.3570279587465754,"(0.338, 0.373]",0.35406698564593303
64217,0.3443063714186101,"(0.338, 0.373]",0.30927835051546393
64218,0.4089042449626378,"(0.407, 0.442]",0.2864583333333333
64242,0.41608989064189117,"(0.407, 0.442]",0.4759036144578313
64243,0.4104037003825461,"(0.407, 0.442]",0.3764705882352941
64244,0.40310989366072797,"(0.373, 0.407]",0.3275862068965517
64245,0.43907217650633007,"(0.407, 0.442]",0.30726256983240224
64246,0.41869637561234474,"(0.407, 0.442]",0.28342245989304815
64249,0.4348191601315304,"(0.407, 0.442]",0.3640776699029126
64250,0.4242202719963357,"(0.407, 0.442]",0.3487179487179487
64251,0.2872855522287795,"(0.269, 0.303]",0.3131868131868132
64275,0.30912251686885167,"(0.303, 0.338]",0.3583815028901734
64276,0.44915959531492367,"(0.442, 0.476]",0.3076923076923077
64277,0.37338677983162744,"(0.373, 0.407]",0.31746031746031744
64278,0.3752958327221832,"(0.373, 0.407]",0.2918918918918919
64281,0.4117445534861261,"(0.407, 0.442]",0.295
64282,0.2128841194745332,"(0.2, 0.234]",0.2670157068062827
64308,0.3677947214008881,"(0.338, 0.373]",0.4127906976744186
64309,0.44296486537896584,"(0.442, 0.476]",0.3387096774193548
64310,0.4320723966529831,"(0.407, 0.442]",0.34444444444444444
64311,0.31669990108323076,"(0.303, 0.338]",0.28651685393258425
64339,0.3641798449646121,"(0.338, 0.373]",0.45251396648044695
64340,0.4727383949590814,"(0.442, 0.476]",0.3924731182795699
64341,0.4358855106673509,"(0.407, 0.442]",0.33505154639175255
64342,0.4315752198260593,"(0.407, 0.442]",0.32085561497326204
64343,0.3516398831573185,"(0.338, 0.373]",0.2774566473988439
64344,0.400750095939095,"(0.373, 0.407]",0.2569832402234637
64345,0.41691700511934304,"(0.407, 0.442]",0.2543352601156069
64365,0.2856480784473729,"(0.269, 0.303]",0.5666666666666667
64367,0.3548982905932324,"(0.338, 0.373]",0.49038461538461536
64368,0.3947196389326906,"(0.373, 0.407]",0.475
64369,0.35968482893702647,"(0.338, 0.373]",0.43523316062176165
64370,0.3788924251374721,"(0.373, 0.407]",0.40860215053763443
64371,0.34155652315413276,"(0.338, 0.373]",0.372972972972973
64372,0.3245231802834534,"(0.303, 0.338]",0.30601092896174864
64373,0.43956894748582354,"(0.407, 0.442]",0.29347826086956524
64374,0.28876728559570286,"(0.269, 0.303]",0.2556818181818182
64375,0.3387610635072188,"(0.338, 0.373]",0.22857142857142856
64376,0.41846709566945783,"(0.407, 0.442]",0.2261904761904762
64377,0.3612456962428072,"(0.338, 0.373]",0.19186046511627908
64395,0.355865513912818,"(0.338, 0.373]",0.5302325581395348
64398,0.40165956797665103,"(0.373, 0.407]",0.4292929292929293
64399,0.43956850085117416,"(0.407, 0.442]",0.41968911917098445
64400,0.33697045928201513,"(0.303, 0.338]",0.4
64401,0.41501176236509657,"(0.407, 0.442]",0.3626943005181347
64402,0.3900087716367104,"(0.373, 0.407]",0.328125
64403,0.37909793566236116,"(0.373, 0.407]",0.28272251308900526
64406,0.42143111997841426,"(0.407, 0.442]",0.21965317919075145
64421,0.22980408576642972,"(0.2, 0.234]",0.568075117370892
64422,0.4514321613550622,"(0.442, 0.476]",0.518348623853211
64423,0.37118077227913965,"(0.338, 0.373]",0.4774774774774775
64425,0.3902284744606459,"(0.373, 0.407]",0.4200913242009132
64427,0.4387516155162085,"(0.407, 0.442]",0.3626943005181347
64428,0.4648712537146889,"(0.442, 0.476]",0.3316062176165803
64429,0.40537337766272585,"(0.373, 0.407]",0.2896174863387978
64430,0.38455680725345603,"(0.373, 0.407]",0.25654450261780104
64432,0.39482277428685597,"(0.373, 0.407]",0.2215909090909091
64433,0.31902817793436083,"(0.303, 0.338]",0.2413793103448276
64450,0.39140586245087455,"(0.373, 0.407]",0.5256410256410257
64451,0.40679196764454784,"(0.373, 0.407]",0.49783549783549785
64455,0.28453490629640604,"(0.269, 0.303]",0.43283582089552236
64456,0.436341745705561,"(0.407, 0.442]",0.41836734693877553
64457,0.42738787648804183,"(0.407, 0.442]",0.3407821229050279
64458,0.4111327603235825,"(0.407, 0.442]",0.2905027932960894
64484,0.3629625340710883,"(0.338, 0.373]",0.41414141414141414
64485,0.3341078313909561,"(0.303, 0.338]",0.3386243386243386
64486,0.41563308328072496,"(0.407, 0.442]",0.30612244897959184
64510,0.41924136604296836,"(0.407, 0.442]",0.4861111111111111
64511,0.3899341013298759,"(0.373, 0.407]",0.45098039215686275
64512,0.4254544210303759,"(0.407, 0.442]",0.4427083333333333
64513,0.4245623753327165,"(0.407, 0.442]",0.3181818181818182
64514,0.38956710973852593,"(0.373, 0.407]",0.2896174863387978
64537,0.38650101127985437,"(0.373, 0.407]",0.48444444444444446
64538,0.37056155227671767,"(0.338, 0.373]",0.4858490566037736
64539,0.38079500278916983,"(0.373, 0.407]",0.4717948717948718
64540,0.39513701227798154,"(0.373, 0.407]",0.3655913978494624
64541,0.40663435373468976,"(0.373, 0.407]",0.32275132275132273
64562,0.39385204783320826,"(0.373, 0.407]",0.5546875
64563,0.27478780412612547,"(0.269, 0.303]",0.504424778761062
64564,0.3771354221156147,"(0.373, 0.407]",0.4950980392156863
64565,0.39953848786436885,"(0.373, 0.407]",0.43956043956043955
64566,0.4260760088469939,"(0.407, 0.442]",0.3670212765957447
64567,0.37412584416951183,"(0.373, 0.407]",0.325
64588,0.3870289852174712,"(0.373, 0.407]",0.5643153526970954
64589,0.4232319638440999,"(0.407, 0.442]",0.5110132158590308
64590,0.37080672655938474,"(0.338, 0.373]",0.4852941176470588
64591,0.30351136522389927,"(0.303, 0.338]",0.45108695652173914
64592,0.33720228703160704,"(0.303, 0.338]",0.3967391304347826
64593,0.4293928303939364,"(0.407, 0.442]",0.3351063829787234
64594,0.3819984201986674,"(0.373, 0.407]",0.2681564245810056
64595,0.27465318874271877,"(0.269, 0.303]",0.2191780821917808
64609,0.42417472071773044,"(0.407, 0.442]",0.5670995670995671
64610,0.4164373970238037,"(0.407, 0.442]",0.5186915887850467
64611,0.38310125445277166,"(0.373, 0.407]",0.485
64612,0.3470326133730156,"(0.338, 0.373]",0.45989304812834225
64613,0.4333324303752178,"(0.407, 0.442]",0.4308510638297872
64614,0.339467067378696,"(0.338, 0.373]",0.38202247191011235
64615,0.3416372472903408,"(0.338, 0.373]",0.3092105263157895
64631,0.3357977476622091,"(0.303, 0.338]",0.5
64632,0.4035266113190647,"(0.373, 0.407]",0.4919786096256685
64633,0.4529594142547988,"(0.442, 0.476]",0.4606741573033708
64634,0.38769483113186537,"(0.373, 0.407]",0.4144736842105263
64649,0.44751276607783125,"(0.442, 0.476]",0.5
64651,0.34805606670844275,"(0.338, 0.373]",0.4276729559748428
65018,0.3701905355076772,"(0.338, 0.373]",0.19548872180451127
65019,0.17864815425840325,"(0.165, 0.2]",0.14084507042253522
65020,0.3164990203316834,"(0.303, 0.338]",0.1456953642384106
65021,0.42986100184172704,"(0.407, 0.442]",0.1342281879194631
65022,0.3243225136320958,"(0.303, 0.338]",0.12244897959183673
65046,0.344073691907226,"(0.338, 0.373]",0.30935251798561153
65047,0.39101452932203357,"(0.373, 0.407]",0.24489795918367346
65048,0.37982011901332086,"(0.373, 0.407]",0.19760479041916168
65049,0.3589292083061641,"(0.338, 0.373]",0.16184971098265896
65050,0.38702944490501917,"(0.373, 0.407]",0.16042780748663102
65051,0.3709707071992487,"(0.338, 0.373]",0.14673913043478262
65052,0.3744157206378808,"(0.373, 0.407]",0.14367816091954022
65078,0.3735329049210019,"(0.373, 0.407]",0.45664739884393063
65079,0.365431121470201,"(0.338, 0.373]",0.3532934131736527
65080,0.3816753036059329,"(0.373, 0.407]",0.2804878048780488
65081,0.3140952946788981,"(0.303, 0.338]",0.23214285714285715
65082,0.36473992904615526,"(0.338, 0.373]",0.18452380952380953
65083,0.3508431009974597,"(0.338, 0.373]",0.1590909090909091
65084,0.37099761922668534,"(0.338, 0.373]",0.15428571428571428
65085,0.3374214379458858,"(0.303, 0.338]",0.15028901734104047
65086,0.3313074415168157,"(0.303, 0.338]",0.15343915343915343
65119,0.3667039628913856,"(0.338, 0.373]",0.6273584905660378
65120,0.43950125295811354,"(0.407, 0.442]",0.5462962962962963
65121,0.3754581460433086,"(0.373, 0.407]",0.5102040816326531
65122,0.3464213547349927,"(0.338, 0.373]",0.4627659574468085
65123,0.3461708394420825,"(0.338, 0.373]",0.38922155688622756
65124,0.32700220130785623,"(0.303, 0.338]",0.3
65125,0.3788582239581245,"(0.373, 0.407]",0.2152777777777778
65126,0.34535958911802933,"(0.338, 0.373]",0.18181818181818182
65127,0.36235757879742453,"(0.338, 0.373]",0.14705882352941177
65128,0.3502584433426437,"(0.338, 0.373]",0.15060240963855423
65129,0.3754490999547847,"(0.373, 0.407]",0.15568862275449102
65130,0.3165082024422978,"(0.303, 0.338]",0.14835164835164835
65172,0.32585663197290693,"(0.303, 0.338]",0.5482456140350878
65173,0.1558111747987084,"(0.131, 0.165]",0.5138888888888888
65174,0.1606602443525489,"(0.131, 0.165]",0.4723618090452261
65175,0.28877226650251664,"(0.269, 0.303]",0.43373493975903615
65177,0.36004974596713835,"(0.338, 0.373]",0.21428571428571427
65178,0.3814744968223728,"(0.373, 0.407]",0.18248175182481752
65179,0.37829141595533816,"(0.373, 0.407]",0.13664596273291926
65180,0.4265149932229625,"(0.407, 0.442]",0.1393939393939394
65181,0.34962352720084217,"(0.338, 0.373]",0.1411764705882353
65182,0.3740979379422182,"(0.373, 0.407]",0.140625
65223,0.3298772041424295,"(0.303, 0.338]",0.5984848484848485
65224,0.3422120120174823,"(0.338, 0.373]",0.5269230769230769
65225,0.29084178796231486,"(0.269, 0.303]",0.5
65226,0.3092432868486474,"(0.303, 0.338]",0.4581497797356828
65227,0.24107315825043593,"(0.234, 0.269]",0.44502617801047123
65228,0.3905258336806983,"(0.373, 0.407]",0.43137254901960786
65230,0.17906092347619523,"(0.165, 0.2]",0.26277372262773724
65231,0.23927272005604674,"(0.234, 0.269]",0.21333333333333335
65232,0.40709009729179413,"(0.407, 0.442]",0.15606936416184972
65233,0.25845776372718104,"(0.234, 0.269]",0.15428571428571428
65234,0.3840690053736088,"(0.373, 0.407]",0.13114754098360656
65235,0.3802820830439977,"(0.373, 0.407]",0.13043478260869565
65276,0.4046208412108424,"(0.373, 0.407]",0.5617977528089888
65277,0.32873685737578484,"(0.303, 0.338]",0.5057915057915058
65278,0.339825558034227,"(0.338, 0.373]",0.48559670781893005
65279,0.36123986516558476,"(0.338, 0.373]",0.43776824034334766
65280,0.27854060160114563,"(0.269, 0.303]",0.4213197969543147
65282,0.2832219920762717,"(0.269, 0.303]",0.2857142857142857
65283,0.44482670530197627,"(0.442, 0.476]",0.2251655629139073
65284,0.41663465422595425,"(0.407, 0.442]",0.2
65285,0.3714320962578771,"(0.338, 0.373]",0.18518518518518517
65286,0.3539492141768973,"(0.338, 0.373]",0.17582417582417584
65288,0.2848367030876886,"(0.269, 0.303]",0.14942528735632185
65289,0.1866926231365341,"(0.165, 0.2]",0.12994350282485875
65324,0.06566981407339476,"(0.0617, 0.0962]",0.6618705035971223
65325,0.3092545357353875,"(0.303, 0.338]",0.6423357664233577
65327,0.4090099925318733,"(0.407, 0.442]",0.5783582089552238
65328,0.35317856154198934,"(0.338, 0.373]",0.5296296296296297
65329,0.4145517765362823,"(0.407, 0.442]",0.47388059701492535
65330,0.37098134602748134,"(0.338, 0.373]",0.45867768595041325
65331,0.22163640798345824,"(0.2, 0.234]",0.42727272727272725
65332,0.34672696645050666,"(0.338, 0.373]",0.3924731182795699
65333,0.15357253327387269,"(0.131, 0.165]",0.3581081081081081
65334,0.42259410189808877,"(0.407, 0.442]",0.2857142857142857
65335,0.4135590704314649,"(0.407, 0.442]",0.225
65336,0.3622858612524894,"(0.338, 0.373]",0.2046783625730994
65337,0.3478375858186878,"(0.338, 0.373]",0.18652849740932642
65338,0.38067565689336746,"(0.373, 0.407]",0.18461538461538463
65372,0.41013654804208577,"(0.407, 0.442]",0.6091549295774648
65373,0.4388380944405042,"(0.407, 0.442]",0.5754385964912281
65374,0.3758301523755126,"(0.373, 0.407]",0.5709090909090909
65375,0.4285563080957943,"(0.407, 0.442]",0.5320754716981132
65376,0.44225022513951545,"(0.442, 0.476]",0.49606299212598426
65377,0.370322074373435,"(0.338, 0.373]",0.4826086956521739
65378,0.42350578230288344,"(0.407, 0.442]",0.44776119402985076
65379,0.18239422455181895,"(0.165, 0.2]",0.38953488372093026
65380,0.4188082774985768,"(0.407, 0.442]",0.3402777777777778
65381,0.30362756048185385,"(0.303, 0.338]",0.2605633802816901
65382,0.3514110957583411,"(0.338, 0.373]",0.2236024844720497
65383,0.3265329578014621,"(0.303, 0.338]",0.2087912087912088
65384,0.3979512961336896,"(0.373, 0.407]",0.21428571428571427
65385,0.379943909252812,"(0.373, 0.407]",0.21081081081081082
65386,0.287493343105519,"(0.269, 0.303]",0.19889502762430938
65387,0.2874033112676465,"(0.269, 0.303]",0.22085889570552147
65388,0.28077886203118096,"(0.269, 0.303]",0.18333333333333332
65416,0.38770187658614086,"(0.373, 0.407]",0.643598615916955
65417,0.4076451532943261,"(0.407, 0.442]",0.5833333333333334
65418,0.3592568892990422,"(0.338, 0.373]",0.5714285714285714
65419,0.27568651864986926,"(0.269, 0.303]",0.562753036437247
65420,0.382727427492,"(0.373, 0.407]",0.5086206896551724
65421,0.3625355238945525,"(0.338, 0.373]",0.5046296296296297
65422,0.351037856940477,"(0.338, 0.373]",0.47804878048780486
65423,0.36338539619181365,"(0.338, 0.373]",0.47668393782383417
65424,0.3808187979219032,"(0.373, 0.407]",0.4088397790055249
65425,0.2909494646017823,"(0.269, 0.303]",0.36257309941520466
65426,0.3543005929100622,"(0.338, 0.373]",0.27218934911242604
65427,0.4184952578665735,"(0.407, 0.442]",0.2
65428,0.3405882283430083,"(0.338, 0.373]",0.2
65429,0.3905354047839607,"(0.373, 0.407]",0.21081081081081082
65430,0.32882310620906247,"(0.303, 0.338]",0.2265193370165746
65431,0.34868604109938467,"(0.338, 0.373]",0.2215909090909091
65432,0.3292859713397228,"(0.303, 0.338]",0.23529411764705882
65433,0.31074028516863506,"(0.303, 0.338]",0.19230769230769232
65463,0.392903710132472,"(0.373, 0.407]",0.5793650793650794
65464,0.40933170450340184,"(0.407, 0.442]",0.5387931034482759
65465,0.4026891549955908,"(0.373, 0.407]",0.5114155251141552
65466,0.4634409720731281,"(0.442, 0.476]",0.5096153846153846
65467,0.4072593790287409,"(0.407, 0.442]",0.518324607329843
65468,0.350008255615176,"(0.338, 0.373]",0.43859649122807015
65469,0.3849693670941439,"(0.373, 0.407]",0.39751552795031053
65470,0.3806428236310014,"(0.373, 0.407]",0.32051282051282054
65471,0.3693919636199905,"(0.338, 0.373]",0.25308641975308643
65472,0.38850004742933947,"(0.373, 0.407]",0.24571428571428572
65473,0.37893093439940756,"(0.373, 0.407]",0.22485207100591717
65474,0.29942504209089654,"(0.269, 0.303]",0.21176470588235294
65475,0.3452595979317904,"(0.338, 0.373]",0.19653179190751446
65476,0.32438197820727865,"(0.303, 0.338]",0.19875776397515527
65505,0.2949209312993238,"(0.269, 0.303]",0.6356275303643725
65506,0.3527468566897417,"(0.338, 0.373]",0.5956521739130435
65507,0.41650135489929846,"(0.407, 0.442]",0.5550239234449761
65508,0.418756087805783,"(0.407, 0.442]",0.5625
65509,0.40631309421664,"(0.373, 0.407]",0.5647668393782384
65510,0.31378982630835334,"(0.303, 0.338]",0.4913294797687861
65511,0.3450966634457202,"(0.338, 0.373]",0.4311377245508982
65512,0.3598216371834929,"(0.338, 0.373]",0.33540372670807456
65513,0.3358889879614687,"(0.303, 0.338]",0.3023255813953488
65514,0.3677224964688282,"(0.338, 0.373]",0.2681564245810056
65515,0.3698619898408988,"(0.338, 0.373]",0.2603550295857988
65516,0.3974652798422995,"(0.373, 0.407]",0.23121387283236994
65517,0.4604376369592726,"(0.442, 0.476]",0.16363636363636364
65518,0.39218018226580625,"(0.373, 0.407]",0.17575757575757575
65519,0.1005163716668343,"(0.0962, 0.131]",0.13829787234042554
65541,0.28780888469723076,"(0.269, 0.303]",0.7303754266211604
65550,0.3948834457655954,"(0.373, 0.407]",0.5982905982905983
65551,0.368569656961513,"(0.338, 0.373]",0.5540540540540541
65552,0.328407201684613,"(0.303, 0.338]",0.5585585585585585
65553,0.3765795702166271,"(0.373, 0.407]",0.5648148148148148
65554,0.4211863370769672,"(0.407, 0.442]",0.5204081632653061
65555,0.350726045807314,"(0.338, 0.373]",0.48044692737430167
65556,0.3642963431567246,"(0.338, 0.373]",0.38285714285714284
65557,0.34821646946737744,"(0.338, 0.373]",0.3081395348837209
65558,0.4128862273756914,"(0.407, 0.442]",0.27472527472527475
65559,0.3841040924726072,"(0.373, 0.407]",0.22988505747126436
65560,0.29955801388051195,"(0.269, 0.303]",0.2087912087912088
65561,0.3892947275656913,"(0.373, 0.407]",0.14917127071823205
65562,0.3404346202653049,"(0.338, 0.373]",0.1329479768786127
65563,0.3722965469047738,"(0.338, 0.373]",0.12953367875647667
65584,0.3100021622839092,"(0.303, 0.338]",0.7180451127819549
65585,0.29133612525487146,"(0.269, 0.303]",0.7299270072992701
65586,0.2885996168017871,"(0.269, 0.303]",0.7148014440433214
65587,0.3459784392841523,"(0.338, 0.373]",0.7022058823529411
65595,0.39998836145334177,"(0.373, 0.407]",0.5899581589958159
65596,0.35062724497235787,"(0.338, 0.373]",0.5905172413793104
65597,0.043026817462757466,"(0.0271, 0.0617]",0.5799086757990868
65598,0.4653249398402764,"(0.442, 0.476]",0.5408163265306123
65600,0.3494188531010764,"(0.338, 0.373]",0.4034090909090909
65601,0.4250475733261018,"(0.407, 0.442]",0.3275862068965517
65602,0.40154783148872064,"(0.373, 0.407]",0.25668449197860965
65603,0.40171235199073196,"(0.373, 0.407]",0.21839080459770116
65604,0.3929284421696061,"(0.373, 0.407]",0.1791907514450867
65605,0.326163279627179,"(0.303, 0.338]",0.13333333333333333
65606,0.36257852661907486,"(0.338, 0.373]",0.12138728323699421
65607,0.2860502307668528,"(0.269, 0.303]",0.14210526315789473
65630,0.3847789637619813,"(0.373, 0.407]",0.7007575757575758
65631,0.32075872112555104,"(0.303, 0.338]",0.7169811320754716
65632,0.3343032167961164,"(0.303, 0.338]",0.7099236641221374
65633,0.38379778208413623,"(0.373, 0.407]",0.7248062015503876
65641,0.32988275528174726,"(0.303, 0.338]",0.5899581589958159
65642,0.321441188693424,"(0.303, 0.338]",0.548936170212766
65643,0.4057426495086254,"(0.373, 0.407]",0.5068493150684932
65646,0.4144355161183065,"(0.407, 0.442]",0.37222222222222223
65647,0.4185573302078043,"(0.407, 0.442]",0.3068181818181818
65648,0.4020366801773818,"(0.373, 0.407]",0.23529411764705882
65649,0.4069863029899943,"(0.373, 0.407]",0.21714285714285714
65650,0.33587306741495193,"(0.303, 0.338]",0.1834319526627219
65651,0.3985863823454855,"(0.373, 0.407]",0.1301775147928994
65652,0.3529841214970103,"(0.338, 0.373]",0.14285714285714285
65653,0.32487053772147434,"(0.303, 0.338]",0.171875
65676,0.4067084913507653,"(0.373, 0.407]",0.7300380228136882
65677,0.3249248927338793,"(0.303, 0.338]",0.7397769516728625
65678,0.35856779053184556,"(0.338, 0.373]",0.7462121212121212
65684,0.1607317797081747,"(0.131, 0.165]",0.6690909090909091
65686,0.3272349301814335,"(0.303, 0.338]",0.6330645161290323
65687,0.29981812970077976,"(0.269, 0.303]",0.5641025641025641
65688,0.3105632371036661,"(0.303, 0.338]",0.5288888888888889
65689,0.21673733149593535,"(0.2, 0.234]",0.4811320754716981
65690,0.2711953696150587,"(0.269, 0.303]",0.4411764705882353
65693,0.3758103759352025,"(0.373, 0.407]",0.2754491017964072
65694,0.4268233354831721,"(0.407, 0.442]",0.22033898305084745
65695,0.35662773170706086,"(0.338, 0.373]",0.20118343195266272
65696,0.3089866147190813,"(0.303, 0.338]",0.16666666666666666
65697,0.3475991201256073,"(0.338, 0.373]",0.15432098765432098
65698,0.3027624065175657,"(0.269, 0.303]",0.1411042944785276
65722,0.3412525873895687,"(0.338, 0.373]",0.7447552447552448
65723,0.3938336549075848,"(0.373, 0.407]",0.7490909090909091
65724,0.3015677017903081,"(0.269, 0.303]",0.7428571428571429
65725,0.27934328063566766,"(0.269, 0.303]",0.7105263157894737
65731,0.3645310213832937,"(0.338, 0.373]",0.685823754789272
65732,0.3003058724220259,"(0.269, 0.303]",0.6532258064516129
65733,0.17904174824735838,"(0.165, 0.2]",0.5847457627118644
65734,0.27445820865283366,"(0.269, 0.303]",0.5321888412017167
65735,0.3991143376294589,"(0.373, 0.407]",0.460093896713615
65736,0.34731415758765544,"(0.338, 0.373]",0.4221105527638191
65737,0.3915567704521387,"(0.373, 0.407]",0.3684210526315789
65738,0.45296549725800417,"(0.442, 0.476]",0.3333333333333333
65739,0.43532703226095015,"(0.407, 0.442]",0.26900584795321636
65740,0.3444470719706248,"(0.338, 0.373]",0.19101123595505617
65741,0.2542744818395355,"(0.234, 0.269]",0.18902439024390244
65742,0.28719748207877055,"(0.269, 0.303]",0.1503267973856209
65743,0.3382607792955636,"(0.338, 0.373]",0.14465408805031446
65770,0.23392726764514762,"(0.2, 0.234]",0.7509881422924901
65775,0.3323254982708132,"(0.303, 0.338]",0.6678832116788321
65776,0.32904778402000295,"(0.303, 0.338]",0.6617100371747212
65777,0.2064179523595785,"(0.2, 0.234]",0.6363636363636364
65778,0.34892352949118277,"(0.338, 0.373]",0.5594713656387665
65779,0.32979372039316823,"(0.303, 0.338]",0.5067264573991032
65780,0.41472615529395523,"(0.407, 0.442]",0.4467005076142132
65781,0.39879369726824837,"(0.373, 0.407]",0.3978494623655914
65782,0.4001264820547958,"(0.373, 0.407]",0.375
65783,0.4640910121035953,"(0.442, 0.476]",0.3575757575757576
65784,0.4452343375174525,"(0.442, 0.476]",0.2839506172839506
65785,0.3475585395103451,"(0.338, 0.373]",0.20481927710843373
65786,0.2542245166271914,"(0.234, 0.269]",0.2046783625730994
65787,0.3433245859404194,"(0.338, 0.373]",0.1411042944785276
65788,0.2881762915006543,"(0.269, 0.303]",0.13580246913580246
65815,0.2841978010451919,"(0.269, 0.303]",0.7019607843137254
65820,0.44346978567690837,"(0.442, 0.476]",0.6340579710144928
65821,0.3650266066174133,"(0.338, 0.373]",0.6245210727969349
65822,0.3514076043020632,"(0.338, 0.373]",0.5984251968503937
65823,0.33982621787406486,"(0.338, 0.373]",0.5555555555555556
65824,0.3942034848391951,"(0.373, 0.407]",0.5373831775700935
65825,0.40315176747301634,"(0.373, 0.407]",0.4895833333333333
65826,0.4515954883206347,"(0.442, 0.476]",0.42696629213483145
65827,0.4376955762851615,"(0.407, 0.442]",0.40555555555555556
65828,0.44180462038698787,"(0.442, 0.476]",0.34285714285714286
65829,0.412039689231839,"(0.407, 0.442]",0.2752808988764045
65830,0.38745860057046705,"(0.373, 0.407]",0.2
65831,0.34923996287320336,"(0.338, 0.373]",0.17297297297297298
65832,0.16604214051032676,"(0.165, 0.2]",0.12777777777777777
65833,0.2840548887791742,"(0.269, 0.303]",0.12359550561797752
65834,0.28979901215264303,"(0.269, 0.303]",0.11494252873563218
65860,0.27336724993872996,"(0.269, 0.303]",0.6837944664031621
65861,0.1319120713263611,"(0.131, 0.165]",0.6610878661087866
65862,0.32261172993098025,"(0.303, 0.338]",0.6171875
65863,0.3420892862540965,"(0.338, 0.373]",0.623574144486692
65865,0.35537325141118054,"(0.338, 0.373]",0.6028880866425993
65866,0.3224001709277263,"(0.303, 0.338]",0.6068702290076335
65867,0.3931233271154286,"(0.373, 0.407]",0.5887096774193549
65868,0.3822483015630893,"(0.373, 0.407]",0.5758928571428571
65869,0.3985552250669546,"(0.373, 0.407]",0.545045045045045
65870,0.40054543867668885,"(0.373, 0.407]",0.5151515151515151
65871,0.393127492889357,"(0.373, 0.407]",0.4918032786885246
65872,0.4183636872660503,"(0.407, 0.442]",0.42162162162162165
65873,0.39243025567723483,"(0.373, 0.407]",0.366120218579235
65874,0.3940439629520829,"(0.373, 0.407]",0.3112244897959184
65875,0.4127430725503848,"(0.407, 0.442]",0.2019704433497537
65876,0.28536147048096944,"(0.269, 0.303]",0.185
65877,0.37786629738301697,"(0.373, 0.407]",0.1518324607329843
65878,0.3308540920654522,"(0.303, 0.338]",0.12972972972972974
65879,0.3636040182420537,"(0.338, 0.373]",0.14124293785310735
65880,0.29689174508782373,"(0.269, 0.303]",0.12790697674418605
65903,0.14516296447066623,"(0.131, 0.165]",0.6882591093117408
65904,0.3468077498290944,"(0.338, 0.373]",0.6612244897959184
65905,0.3435347133113007,"(0.338, 0.373]",0.6305220883534136
65906,0.2930565940536682,"(0.269, 0.303]",0.6264591439688716
65907,0.26599037411176113,"(0.234, 0.269]",0.5977011494252874
65908,0.39785941375129125,"(0.373, 0.407]",0.5670498084291188
65909,0.3945403554706619,"(0.373, 0.407]",0.5528455284552846
65910,0.3674635766900176,"(0.338, 0.373]",0.5324675324675324
65911,0.3108856861491821,"(0.303, 0.338]",0.5145631067961165
65912,0.36192410808420117,"(0.338, 0.373]",0.5175879396984925
65913,0.43038844522162045,"(0.407, 0.442]",0.5238095238095238
65914,0.34360467238800835,"(0.338, 0.373]",0.4943181818181818
65915,0.4347032415351208,"(0.407, 0.442]",0.4685714285714286
65916,0.32045930336808076,"(0.303, 0.338]",0.3942857142857143
65917,0.32168321124603627,"(0.303, 0.338]",0.31216931216931215
65918,0.4358043832592336,"(0.407, 0.442]",0.2193877551020408
65919,0.3546802710557799,"(0.338, 0.373]",0.18848167539267016
65920,0.39583394969339636,"(0.373, 0.407]",0.15846994535519127
65921,0.32202746225842327,"(0.303, 0.338]",0.13068181818181818
65922,0.39792320571570067,"(0.373, 0.407]",0.13953488372093023
65923,0.39156402719028593,"(0.373, 0.407]",0.11797752808988764
65940,0.3907101308840673,"(0.373, 0.407]",0.6884615384615385
65943,0.08796201141212735,"(0.0617, 0.0962]",0.6553191489361702
65944,0.28434594033206084,"(0.269, 0.303]",0.6348547717842323
65945,0.21424202502460107,"(0.2, 0.234]",0.5975103734439834
65946,0.31195660496873545,"(0.303, 0.338]",0.5679012345679012
65947,0.39232970119628924,"(0.373, 0.407]",0.5228215767634855
65948,0.40004658980021474,"(0.373, 0.407]",0.5137614678899083
65949,0.41719128157597485,"(0.407, 0.442]",0.5
65950,0.3515406691032303,"(0.338, 0.373]",0.5025906735751295
65951,0.2762885795881685,"(0.269, 0.303]",0.5263157894736842
65952,0.4208601409829931,"(0.407, 0.442]",0.5157894736842106
65953,0.3490173053679169,"(0.338, 0.373]",0.47752808988764045
65954,0.43413057806410277,"(0.407, 0.442]",0.43023255813953487
65955,0.3127475493071929,"(0.303, 0.338]",0.3216374269005848
65956,0.3602505159927409,"(0.338, 0.373]",0.25268817204301075
65957,0.34466575775749536,"(0.338, 0.373]",0.18407960199004975
65958,0.3258018679424118,"(0.303, 0.338]",0.14736842105263157
65959,0.34787225259700877,"(0.338, 0.373]",0.15469613259668508
65960,0.3008384476237054,"(0.269, 0.303]",0.13953488372093023
65961,0.3611698038080205,"(0.338, 0.373]",0.15853658536585366
65962,0.31742822021659683,"(0.303, 0.338]",0.1358695652173913
65977,0.37497494621136385,"(0.373, 0.407]",0.6888888888888889
65978,0.40987434025385067,"(0.407, 0.442]",0.6740088105726872
65979,0.3460999516076554,"(0.338, 0.373]",0.6929460580912863
65980,0.3973799437150406,"(0.373, 0.407]",0.6837606837606838
65981,0.34817031105445834,"(0.338, 0.373]",0.6548672566371682
65982,0.4182244175864779,"(0.407, 0.442]",0.625531914893617
65983,0.34597948552044033,"(0.338, 0.373]",0.5826086956521739
65984,0.21649810029533648,"(0.2, 0.234]",0.5570776255707762
65985,0.31015888450377854,"(0.303, 0.338]",0.5219512195121951
65986,0.38043445863159386,"(0.373, 0.407]",0.5208333333333334
65987,0.40620618639080314,"(0.373, 0.407]",0.49142857142857144
65988,0.3970208793955228,"(0.373, 0.407]",0.4913294797687861
65989,0.35774223702785607,"(0.338, 0.373]",0.4946236559139785
65990,0.3358143508523434,"(0.303, 0.338]",0.4888888888888889
65991,0.3870032828109229,"(0.373, 0.407]",0.48554913294797686
65992,0.43222689257845315,"(0.407, 0.442]",0.4260355029585799
65993,0.4051181424060157,"(0.373, 0.407]",0.3431952662721893
65994,0.38277534809414887,"(0.373, 0.407]",0.28415300546448086
65995,0.2634933089130552,"(0.234, 0.269]",0.21256038647342995
65996,0.33792753482726656,"(0.303, 0.338]",0.18181818181818182
65997,0.3893597292325364,"(0.373, 0.407]",0.19170984455958548
65998,0.29545901592170976,"(0.269, 0.303]",0.1518324607329843
65999,0.44057891673145516,"(0.407, 0.442]",0.15428571428571428
66000,0.373074186427527,"(0.373, 0.407]",0.13333333333333333
66016,0.4593315594288795,"(0.442, 0.476]",0.5873015873015873
66017,0.37209718317811025,"(0.338, 0.373]",0.6150234741784038
66018,0.3552048425786464,"(0.338, 0.373]",0.6132075471698113
66019,0.39531520535639064,"(0.373, 0.407]",0.6108597285067874
66020,0.26668955007497597,"(0.234, 0.269]",0.5770925110132159
66021,0.37180975608487293,"(0.338, 0.373]",0.5482456140350878
66022,0.33637378765920833,"(0.303, 0.338]",0.5324074074074074
66023,0.36137269646028775,"(0.338, 0.373]",0.5051020408163265
66024,0.3640550761931634,"(0.338, 0.373]",0.5333333333333333
66025,0.4242677705414941,"(0.407, 0.442]",0.5222929936305732
66026,0.3693074486112269,"(0.338, 0.373]",0.5031847133757962
66027,0.37681755552475105,"(0.373, 0.407]",0.5031055900621118
66028,0.39427268642062296,"(0.373, 0.407]",0.4634146341463415
66029,0.36050893240345744,"(0.338, 0.373]",0.42592592592592593
66030,0.43301161432872765,"(0.407, 0.442]",0.37058823529411766
66031,0.4379310450058689,"(0.407, 0.442]",0.28654970760233917
66032,0.3087886124795249,"(0.303, 0.338]",0.23863636363636365
66033,0.3659172471283758,"(0.338, 0.373]",0.195
66034,0.3104528071421036,"(0.303, 0.338]",0.1702127659574468
66035,0.39418622183386504,"(0.373, 0.407]",0.17525773195876287
66036,0.45167925457397295,"(0.442, 0.476]",0.13846153846153847
66037,0.34149912517218856,"(0.338, 0.373]",0.14516129032258066
66038,0.31189624629205054,"(0.303, 0.338]",0.12060301507537688
66054,0.3386400715469907,"(0.338, 0.373]",0.5449438202247191
66055,0.42261673441144754,"(0.407, 0.442]",0.5434782608695652
66056,0.3156602439961256,"(0.303, 0.338]",0.5025380710659898
66057,0.28161612270737135,"(0.269, 0.303]",0.4975609756097561
66058,0.27511630800556985,"(0.269, 0.303]",0.47959183673469385
66059,0.21043095438629345,"(0.2, 0.234]",0.4587628865979381
66060,0.36798139016336046,"(0.338, 0.373]",0.5026178010471204
66061,0.331230933260531,"(0.303, 0.338]",0.5
66064,0.36013529603242417,"(0.338, 0.373]",0.45454545454545453
66065,0.4273729248961911,"(0.407, 0.442]",0.40828402366863903
66066,0.4124543120891801,"(0.407, 0.442]",0.313953488372093
66067,0.38936833264843224,"(0.373, 0.407]",0.2388888888888889
66068,0.30929818900849865,"(0.303, 0.338]",0.20441988950276244
66069,0.31497468264161016,"(0.303, 0.338]",0.17073170731707318
66070,0.39866961100745657,"(0.373, 0.407]",0.1568627450980392
66071,0.31487101196253053,"(0.303, 0.338]",0.1619047619047619
66090,0.33893577168660405,"(0.338, 0.373]",0.4457831325301205
66091,0.35714930994636657,"(0.338, 0.373]",0.4
66092,0.39320702274345354,"(0.373, 0.407]",0.419811320754717
66093,0.41835703721986794,"(0.407, 0.442]",0.4238095238095238
66094,0.408261805304736,"(0.407, 0.442]",0.4142857142857143
66095,0.29586415685661926,"(0.269, 0.303]",0.4519230769230769
66096,0.31864197386369947,"(0.303, 0.338]",0.43258426966292135
66097,0.42076902507392866,"(0.407, 0.442]",0.4482758620689655
66098,0.42256120838543654,"(0.407, 0.442]",0.44970414201183434
66099,0.4079879088768212,"(0.407, 0.442]",0.425
66100,0.41951196957034137,"(0.407, 0.442]",0.4127906976744186
66101,0.37175163669533134,"(0.338, 0.373]",0.32065217391304346
66102,0.3752866031799703,"(0.373, 0.407]",0.26344086021505375
66103,0.4130309946635233,"(0.407, 0.442]",0.23118279569892472
66104,0.3622632812796448,"(0.338, 0.373]",0.1778846153846154
66105,0.28160839326220855,"(0.269, 0.303]",0.16097560975609757
66123,0.44546659844766323,"(0.442, 0.476]",0.2929936305732484
66124,0.34918517031003043,"(0.338, 0.373]",0.33678756476683935
66125,0.3696595462489172,"(0.338, 0.373]",0.3448275862068966
66126,0.39853895142485296,"(0.373, 0.407]",0.3490566037735849
66127,0.3357817592150654,"(0.303, 0.338]",0.3981042654028436
66128,0.31210477191900404,"(0.303, 0.338]",0.3743016759776536
66129,0.4634714493032459,"(0.442, 0.476]",0.3888888888888889
66130,0.4102003818832231,"(0.407, 0.442]",0.38823529411764707
66131,0.44633047502752665,"(0.442, 0.476]",0.38857142857142857
66132,0.45507436780366795,"(0.442, 0.476]",0.3675675675675676
66133,0.4182664658710991,"(0.407, 0.442]",0.28865979381443296
66134,0.4493591073630064,"(0.442, 0.476]",0.25257731958762886
66135,0.3641781921001362,"(0.338, 0.373]",0.18652849740932642
66136,0.34907258379485345,"(0.338, 0.373]",0.14705882352941177
66137,0.3306517640872939,"(0.303, 0.338]",0.13756613756613756
66138,0.3449431293828331,"(0.338, 0.373]",0.13
66139,0.3781054807987506,"(0.373, 0.407]",0.14215686274509803
66155,0.4140856259950615,"(0.407, 0.442]",0.2792207792207792
66156,0.3265488873619179,"(0.303, 0.338]",0.2802197802197802
66157,0.40293939281246033,"(0.373, 0.407]",0.25742574257425743
66158,0.44554222241790653,"(0.442, 0.476]",0.3037383177570093
66159,0.39673900433953757,"(0.373, 0.407]",0.2774869109947644
66160,0.43663628558239753,"(0.407, 0.442]",0.28804347826086957
66161,0.4227565778993121,"(0.407, 0.442]",0.3076923076923077
66162,0.3964529477728236,"(0.373, 0.407]",0.30978260869565216
66163,0.4118687255843056,"(0.407, 0.442]",0.296875
66164,0.4294893141769425,"(0.407, 0.442]",0.24615384615384617
66165,0.29342861265528686,"(0.269, 0.303]",0.22994652406417113
66166,0.35061341178603944,"(0.338, 0.373]",0.17204301075268819
66167,0.3105868979147896,"(0.303, 0.338]",0.14213197969543148
66168,0.3124121242452633,"(0.303, 0.338]",0.12041884816753927
66169,0.3111080383942344,"(0.303, 0.338]",0.10362694300518134
66170,0.32480759245161284,"(0.303, 0.338]",0.12376237623762376
66183,0.3940583497529586,"(0.373, 0.407]",0.24050632911392406
66184,0.41291579004834844,"(0.407, 0.442]",0.2185792349726776
66185,0.31193274266027954,"(0.303, 0.338]",0.24102564102564103
66186,0.3586355044150574,"(0.338, 0.373]",0.2159090909090909
66187,0.2978121483046816,"(0.269, 0.303]",0.20588235294117646
66188,0.3649271312108925,"(0.338, 0.373]",0.23121387283236994
66189,0.3648865362740017,"(0.338, 0.373]",0.2303370786516854
66190,0.30371008349915196,"(0.303, 0.338]",0.23243243243243245
66191,0.3551631945338078,"(0.338, 0.373]",0.20707070707070707
66192,0.36599916383252445,"(0.338, 0.373]",0.21164021164021163
66193,0.31782593035193324,"(0.303, 0.338]",0.1945945945945946
66194,0.37284638188773533,"(0.373, 0.407]",0.165
66195,0.29081752281742007,"(0.269, 0.303]",0.14594594594594595
66196,0.2874110652965731,"(0.269, 0.303]",0.12568306010928962
66197,0.20583456122251736,"(0.2, 0.234]",0.13402061855670103
66210,0.3998782883326562,"(0.373, 0.407]",0.1885245901639344
66211,0.3567215137533558,"(0.338, 0.373]",0.18674698795180722
66212,0.27961856527384416,"(0.269, 0.303]",0.16
66213,0.3080658072226714,"(0.303, 0.338]",0.16756756756756758
66214,0.3093490679507896,"(0.303, 0.338]",0.1702127659574468
66215,0.3106995006309149,"(0.303, 0.338]",0.17647058823529413
66216,0.29567465673905996,"(0.269, 0.303]",0.18579234972677597
66217,0.34358588906782667,"(0.338, 0.373]",0.1702127659574468
66218,0.43465235711949396,"(0.407, 0.442]",0.17708333333333334
66219,0.3050338220680305,"(0.303, 0.338]",0.16759776536312848
66220,0.3311838465795787,"(0.303, 0.338]",0.15343915343915343
66221,0.3482922636183188,"(0.338, 0.373]",0.15
66222,0.29103444505107756,"(0.269, 0.303]",0.14367816091954022
66223,0.2584505201008364,"(0.234, 0.269]",0.15591397849462366
66224,0.3005550939724765,"(0.269, 0.303]",0.1631578947368421
66225,0.29593707347975506,"(0.269, 0.303]",0.1691542288557214
66235,0.2708829912527444,"(0.269, 0.303]",0.14285714285714285
66236,0.28762815727324476,"(0.269, 0.303]",0.15
66237,0.2754275108746115,"(0.269, 0.303]",0.1534090909090909
66238,0.31134368202415486,"(0.303, 0.338]",0.1404494382022472
66239,0.3519933171988101,"(0.338, 0.373]",0.15168539325842698
66240,0.26532219698241954,"(0.234, 0.269]",0.11956521739130435
66241,0.29016691015336377,"(0.269, 0.303]",0.11702127659574468
66242,0.3757926323303879,"(0.373, 0.407]",0.14367816091954022
66243,0.2965465118167991,"(0.269, 0.303]",0.12972972972972974
66244,0.3553771229978878,"(0.338, 0.373]",0.14285714285714285
66246,0.3030335666888664,"(0.269, 0.303]",0.13978494623655913
66248,0.21815045155888407,"(0.2, 0.234]",0.15254237288135594
66257,0.31945800788048817,"(0.303, 0.338]",0.13432835820895522
66258,0.24213270516214494,"(0.234, 0.269]",0.12337662337662338
66259,0.3423579088853003,"(0.338, 0.373]",0.1165644171779141
66261,0.3228500335525472,"(0.303, 0.338]",0.10240963855421686
66262,0.3029897066331499,"(0.269, 0.303]",0.096045197740113
66263,0.3289973616142929,"(0.303, 0.338]",0.12269938650306748
66264,0.2876874234057439,"(0.269, 0.303]",0.11931818181818182
66265,0.3154569860267022,"(0.303, 0.338]",0.12352941176470589
66266,0.338117440679038,"(0.338, 0.373]",0.15432098765432098
66267,0.3141864570782787,"(0.303, 0.338]",0.1452513966480447
66268,0.3264704842907752,"(0.303, 0.338]",0.14673913043478262
66278,0.27202495411270927,"(0.269, 0.303]",0.1
66279,0.32757537454268487,"(0.303, 0.338]",0.1
66283,0.27806607861502597,"(0.269, 0.303]",0.12337662337662338
66284,0.29838969301656654,"(0.269, 0.303]",0.1069182389937107
66285,0.2815257974193949,"(0.269, 0.303]",0.1282051282051282
66298,0.3380678552282702,"(0.338, 0.373]",0.10303030303030303
66299,0.32936296787564073,"(0.303, 0.338]",0.11428571428571428
66300,0.279544161160075,"(0.269, 0.303]",0.13372093023255813
66301,0.2864241046794558,"(0.269, 0.303]",0.16071428571428573
66313,0.3429051668978567,"(0.338, 0.373]",0.13496932515337423
66532,0.3905855109065696,"(0.373, 0.407]",0.2198581560283688
66535,0.35722724102237624,"(0.338, 0.373]",0.22077922077922077
66536,0.3511897422853848,"(0.338, 0.373]",0.2356687898089172
66537,0.3491341606857631,"(0.338, 0.373]",0.23178807947019867
66538,0.39819040855822696,"(0.373, 0.407]",0.2638888888888889
66540,0.33091701083379715,"(0.303, 0.338]",0.15966386554621848
66541,0.3497506775679618,"(0.338, 0.373]",0.12396694214876033
66542,0.4194980967104655,"(0.407, 0.442]",0.12396694214876033
66543,0.4277715298170949,"(0.407, 0.442]",0.1532258064516129
66544,0.3556389079833774,"(0.338, 0.373]",0.25517241379310346
66545,0.31937898536443815,"(0.303, 0.338]",0.2222222222222222
66546,0.35934664022942514,"(0.338, 0.373]",0.2246376811594203
66548,0.34980068872835524,"(0.338, 0.373]",0.192
66549,0.3573846453051425,"(0.338, 0.373]",0.2
66550,0.3821430816852062,"(0.373, 0.407]",0.21367521367521367
66551,0.30310339933234604,"(0.269, 0.303]",0.2457627118644068
66552,0.40891586254492845,"(0.407, 0.442]",0.23478260869565218
66553,0.31919181255025,"(0.303, 0.338]",0.24
66554,0.3178605168751263,"(0.303, 0.338]",0.2
66555,0.3564804764671144,"(0.338, 0.373]",0.15671641791044777
66556,0.31295352774475854,"(0.303, 0.338]",0.14814814814814814
66557,0.4036807752427701,"(0.373, 0.407]",0.12698412698412698
66558,0.3182944242304755,"(0.303, 0.338]",0.168
66559,0.3857729120085806,"(0.373, 0.407]",0.22807017543859648
66560,0.3434686450618224,"(0.338, 0.373]",0.2204724409448819
66561,0.3920274976280623,"(0.373, 0.407]",0.2827586206896552
66562,0.30277996087084263,"(0.269, 0.303]",0.2638888888888889
66563,0.2510136396024429,"(0.234, 0.269]",0.23880597014925373
66564,0.3272752760661149,"(0.303, 0.338]",0.22627737226277372
66565,0.21816831498957534,"(0.2, 0.234]",0.21374045801526717
66568,0.28312435952092063,"(0.269, 0.303]",0.23684210526315788
66570,0.3649581265284481,"(0.338, 0.373]",0.20833333333333334
66571,0.3503863730627277,"(0.338, 0.373]",0.208
66572,0.4103284368382622,"(0.407, 0.442]",0.224
66573,0.43976975694366643,"(0.407, 0.442]",0.21875
66574,0.40175776169326005,"(0.373, 0.407]",0.22627737226277372
66575,0.3841845228727777,"(0.373, 0.407]",0.18181818181818182
66576,0.32873205830648067,"(0.303, 0.338]",0.17293233082706766
66577,0.2984530930142595,"(0.269, 0.303]",0.15671641791044777
66578,0.27190881569082853,"(0.269, 0.303]",0.1487603305785124
66579,0.3252629812150586,"(0.303, 0.338]",0.19469026548672566
66580,0.3880782979635713,"(0.373, 0.407]",0.2971014492753623
66581,0.37419455584691114,"(0.373, 0.407]",0.2826086956521739
66582,0.38316153586206303,"(0.373, 0.407]",0.2426470588235294
66583,0.4136327707543758,"(0.407, 0.442]",0.22
66584,0.3588548904422746,"(0.338, 0.373]",0.26
66585,0.38580246737842444,"(0.373, 0.407]",0.24675324675324675
66586,0.37223159159350255,"(0.338, 0.373]",0.25
66587,0.343089677635921,"(0.338, 0.373]",0.21739130434782608
66589,0.38511248201972653,"(0.373, 0.407]",0.2537313432835821
66590,0.3562078226011513,"(0.338, 0.373]",0.19
66591,0.28470985108644464,"(0.269, 0.303]",0.2037037037037037
66592,0.29528213401880815,"(0.269, 0.303]",0.17857142857142858
66593,0.1393853169440495,"(0.131, 0.165]",0.1826086956521739
66594,0.3251027927397534,"(0.303, 0.338]",0.19130434782608696
66595,0.2085052280811351,"(0.2, 0.234]",0.19658119658119658
66596,0.2784738945937676,"(0.269, 0.303]",0.21774193548387097
66597,0.3469169943101839,"(0.338, 0.373]",0.2222222222222222
66598,0.3625033776764978,"(0.338, 0.373]",0.183206106870229
66599,0.3790875898521954,"(0.373, 0.407]",0.18045112781954886
66600,0.3230143623371033,"(0.303, 0.338]",0.18461538461538463
66601,0.26146517301743893,"(0.234, 0.269]",0.1885245901639344
66602,0.27250634387242434,"(0.269, 0.303]",0.23728813559322035
66603,0.26448572586037405,"(0.234, 0.269]",0.26495726495726496
66604,0.3066145573769561,"(0.303, 0.338]",0.3007518796992481
66605,0.4223263444654172,"(0.407, 0.442]",0.2932330827067669
66606,0.41675750169204157,"(0.407, 0.442]",0.26666666666666666
66607,0.31356933824346556,"(0.303, 0.338]",0.2808219178082192
66609,0.3701464974138077,"(0.338, 0.373]",0.2676056338028169
66610,0.3054321439066696,"(0.303, 0.338]",0.24161073825503357
66611,0.203666103817613,"(0.2, 0.234]",0.20833333333333334
66612,0.3857216319075597,"(0.373, 0.407]",0.21641791044776118
66613,0.3018723484947567,"(0.269, 0.303]",0.26618705035971224
66614,0.32316933126669695,"(0.303, 0.338]",0.25190839694656486
66615,0.347591515585872,"(0.338, 0.373]",0.23741007194244604
66616,0.3699781533798437,"(0.338, 0.373]",0.23741007194244604
66619,0.2406478904352172,"(0.234, 0.269]",0.15306122448979592
66620,0.3568364351426235,"(0.338, 0.373]",0.15841584158415842
66621,0.31980640969904633,"(0.303, 0.338]",0.1743119266055046
66622,0.3041096576944495,"(0.303, 0.338]",0.176
66623,0.35156548188432946,"(0.338, 0.373]",0.18461538461538463
66624,0.3031974436054691,"(0.269, 0.303]",0.18382352941176472
66625,0.41224431801908185,"(0.407, 0.442]",0.1984126984126984
66626,0.42071029381607067,"(0.407, 0.442]",0.1935483870967742
66627,0.2622407296013886,"(0.234, 0.269]",0.21428571428571427
66628,0.35644895411444877,"(0.338, 0.373]",0.24603174603174602
66629,0.39552865671455634,"(0.373, 0.407]",0.2028985507246377
66630,0.39916611564027227,"(0.373, 0.407]",0.19230769230769232
66631,0.327425505277567,"(0.303, 0.338]",0.18548387096774194
66632,0.18207671367114955,"(0.165, 0.2]",0.18333333333333332
66633,0.11582367364487736,"(0.0962, 0.131]",0.2358490566037736
66634,0.3003427108613064,"(0.269, 0.303]",0.272108843537415
66635,0.4117283003947094,"(0.407, 0.442]",0.2152777777777778
66636,0.22776876800543797,"(0.2, 0.234]",0.23622047244094488
66637,0.23219260964570326,"(0.2, 0.234]",0.23846153846153847
66638,0.2538495024133352,"(0.234, 0.269]",0.22727272727272727
66639,0.36418557376827465,"(0.338, 0.373]",0.23622047244094488
66640,0.43384338317379817,"(0.407, 0.442]",0.25735294117647056
66641,0.313638207604041,"(0.303, 0.338]",0.16853932584269662
66642,0.26746402574999667,"(0.234, 0.269]",0.16831683168316833
66643,0.36106883335910434,"(0.338, 0.373]",0.18032786885245902
66644,0.3309964531538478,"(0.303, 0.338]",0.14393939393939395
66645,0.41353362382817377,"(0.407, 0.442]",0.14388489208633093
66646,0.35451872659393935,"(0.338, 0.373]",0.140625
66647,0.35740426278440085,"(0.338, 0.373]",0.13333333333333333
66648,0.2620692527530147,"(0.234, 0.269]",0.24324324324324326
66649,0.3834412169263233,"(0.373, 0.407]",0.2396694214876033
66650,0.32272584418154476,"(0.303, 0.338]",0.20869565217391303
66651,0.2561471487788302,"(0.234, 0.269]",0.1896551724137931
66652,0.2317734529840191,"(0.2, 0.234]",0.17094017094017094
66653,0.37378483108655447,"(0.373, 0.407]",0.2847222222222222
66654,0.3281761142562339,"(0.303, 0.338]",0.29927007299270075
66656,0.3355589248891083,"(0.303, 0.338]",0.2727272727272727
66657,0.31728689181760844,"(0.303, 0.338]",0.23333333333333334
66658,0.36476710279780666,"(0.338, 0.373]",0.25
66660,0.27745740492500404,"(0.269, 0.303]",0.25961538461538464
66661,0.24942675573336373,"(0.234, 0.269]",0.25742574257425743
66662,0.2871160396777911,"(0.269, 0.303]",0.17525773195876287
66663,0.30658932473417977,"(0.303, 0.338]",0.14912280701754385
66664,0.3458482025207022,"(0.338, 0.373]",0.15748031496062992
66665,0.32816232081927854,"(0.303, 0.338]",0.125
66666,0.3785051405510248,"(0.373, 0.407]",0.13194444444444445
66667,0.41703077812479167,"(0.407, 0.442]",0.14960629921259844
66668,0.3584926038115524,"(0.338, 0.373]",0.1487603305785124
66669,0.323509952602681,"(0.303, 0.338]",0.24786324786324787
66670,0.39766332103399343,"(0.373, 0.407]",0.25
66672,0.258146800509894,"(0.234, 0.269]",0.23076923076923078
66674,0.3469610770601596,"(0.338, 0.373]",0.25203252032520324
66675,0.2928167432534426,"(0.269, 0.303]",0.211864406779661
66676,0.2949755485035249,"(0.269, 0.303]",0.2413793103448276
66677,0.3217637430382981,"(0.303, 0.338]",0.2777777777777778
66678,0.3144208958046614,"(0.303, 0.338]",0.2619047619047619
66679,0.2345302403060636,"(0.234, 0.269]",0.29927007299270075
66680,0.2287969913529879,"(0.2, 0.234]",0.2753623188405797
66681,0.1409854373995597,"(0.131, 0.165]",0.27972027972027974
66682,0.29613277536693045,"(0.269, 0.303]",0.2642857142857143
66684,0.04697741588892863,"(0.0271, 0.0617]",0.28695652173913044
66687,0.2818800429705177,"(0.269, 0.303]",0.1553398058252427
66688,0.2991945428842327,"(0.269, 0.303]",0.13274336283185842
66689,0.35341071199831786,"(0.338, 0.373]",0.16546762589928057
66690,0.3135860877169755,"(0.303, 0.338]",0.14666666666666667
66691,0.39661819256301317,"(0.373, 0.407]",0.13245033112582782
66692,0.25020842781810215,"(0.234, 0.269]",0.15714285714285714
66693,0.34945195333223855,"(0.338, 0.373]",0.13636363636363635
66694,0.3189375424664847,"(0.303, 0.338]",0.152
66695,0.31783026744818793,"(0.303, 0.338]",0.2204724409448819
66696,0.36458440874593573,"(0.338, 0.373]",0.2391304347826087
66697,0.283499823307846,"(0.269, 0.303]",0.25396825396825395
66698,0.2162814249018863,"(0.2, 0.234]",0.25
66699,0.3309695306523729,"(0.303, 0.338]",0.3225806451612903
66702,0.25778634697101005,"(0.234, 0.269]",0.24603174603174602
66703,0.39463156421015777,"(0.373, 0.407]",0.26153846153846155
66704,0.3549929080390556,"(0.338, 0.373]",0.25757575757575757
66705,0.3077911163297267,"(0.303, 0.338]",0.2361111111111111
66706,0.3218173336548861,"(0.303, 0.338]",0.2482758620689655
66707,0.21912886676036902,"(0.2, 0.234]",0.23943661971830985
66708,0.2230027009743841,"(0.2, 0.234]",0.2537313432835821
66709,0.2017569660287712,"(0.2, 0.234]",0.2589928057553957
66710,0.35319059553940535,"(0.338, 0.373]",0.24305555555555555
66711,0.24942654859234809,"(0.234, 0.269]",0.16030534351145037
66712,0.25423605046362896,"(0.234, 0.269]",0.3
66713,0.2908634606428792,"(0.269, 0.303]",0.27184466019417475
66714,0.2430241910378508,"(0.234, 0.269]",0.17142857142857143
66715,0.286923552331311,"(0.269, 0.303]",0.1415929203539823
66716,0.20908413165774845,"(0.2, 0.234]",0.15625
66717,0.2644496573139621,"(0.234, 0.269]",0.15827338129496402
66718,0.26216869777893165,"(0.234, 0.269]",0.13333333333333333
66719,0.41264478603291077,"(0.407, 0.442]",0.17777777777777778
66720,0.3448530380990516,"(0.338, 0.373]",0.1678832116788321
66721,0.2870989115340087,"(0.269, 0.303]",0.15267175572519084
66722,0.25789418960298116,"(0.234, 0.269]",0.1893939393939394
66723,0.3201454801646981,"(0.303, 0.338]",0.21052631578947367
66724,0.39500152618979406,"(0.373, 0.407]",0.30656934306569344
66725,0.4012965080329739,"(0.373, 0.407]",0.3014705882352941
66726,0.3700697201014168,"(0.338, 0.373]",0.30714285714285716
66727,0.40162087226518506,"(0.373, 0.407]",0.30597014925373134
66728,0.3233459244825768,"(0.303, 0.338]",0.2773109243697479
66729,0.3333558260135946,"(0.303, 0.338]",0.2782608695652174
66730,0.2604559752699294,"(0.234, 0.269]",0.26956521739130435
66731,0.37729789932900504,"(0.373, 0.407]",0.22764227642276422
66732,0.3167649646692796,"(0.303, 0.338]",0.2248062015503876
66733,0.11172912977904202,"(0.0962, 0.131]",0.2878787878787879
66734,0.27244559210064373,"(0.269, 0.303]",0.27007299270072993
66735,0.2840741958693655,"(0.269, 0.303]",0.26277372262773724
66736,0.3084166423796074,"(0.303, 0.338]",0.2595419847328244
66737,0.2989022600300969,"(0.269, 0.303]",0.32061068702290074
66738,0.3728399472847913,"(0.373, 0.407]",0.2845528455284553
66739,0.28158603503374796,"(0.269, 0.303]",0.2711864406779661
66740,0.28431745989768814,"(0.269, 0.303]",0.2
66743,0.4175561038455861,"(0.407, 0.442]",0.19718309859154928
66744,0.3191531917880176,"(0.303, 0.338]",0.17829457364341086
66745,0.25382505519718945,"(0.234, 0.269]",0.21052631578947367
66746,0.394721301383149,"(0.373, 0.407]",0.21897810218978103
66747,0.2749437321959707,"(0.269, 0.303]",0.18181818181818182
66748,0.3569229532334295,"(0.338, 0.373]",0.20279720279720279
66749,0.3569333522194351,"(0.338, 0.373]",0.2803030303030303
66750,0.3477921238059704,"(0.338, 0.373]",0.2803030303030303
66751,0.3941771387757534,"(0.373, 0.407]",0.3007518796992481
66752,0.4491952804229152,"(0.442, 0.476]",0.3412698412698413
66753,0.3094387666028882,"(0.303, 0.338]",0.2578125
66754,0.25011395828827,"(0.234, 0.269]",0.21774193548387097
66755,0.33362764211889595,"(0.303, 0.338]",0.20610687022900764
66757,0.2659515551556093,"(0.234, 0.269]",0.2
66758,0.38327510965462225,"(0.373, 0.407]",0.21568627450980393
66759,0.40188170437444615,"(0.373, 0.407]",0.18055555555555555
66760,0.23046161174863028,"(0.2, 0.234]",0.2
66761,0.4255467368586702,"(0.407, 0.442]",0.21428571428571427
66762,0.40494643351399257,"(0.373, 0.407]",0.2012987012987013
66763,0.35861791105761204,"(0.338, 0.373]",0.22
66767,0.31145582550134365,"(0.303, 0.338]",0.2671232876712329
66768,0.2683885246381538,"(0.234, 0.269]",0.2847682119205298
66769,0.357970376442879,"(0.338, 0.373]",0.2978723404255319
66770,0.3053381926198024,"(0.303, 0.338]",0.30597014925373134
66771,0.36552159819813257,"(0.338, 0.373]",0.234375
66772,0.2673023260162282,"(0.234, 0.269]",0.18253968253968253
66773,0.4058376020021963,"(0.373, 0.407]",0.1925925925925926
66774,0.38839672143174403,"(0.373, 0.407]",0.2248062015503876
66775,0.35194322915666804,"(0.338, 0.373]",0.20833333333333334
66776,0.3266222747094829,"(0.303, 0.338]",0.2413793103448276
66777,0.29873878770658613,"(0.269, 0.303]",0.22058823529411764
66778,0.37864304859934916,"(0.373, 0.407]",0.22297297297297297
66779,0.31719839035594505,"(0.303, 0.338]",0.31851851851851853
66780,0.2798305821309494,"(0.269, 0.303]",0.2777777777777778
66781,0.41754652974357287,"(0.407, 0.442]",0.27702702702702703
66782,0.3654122976023264,"(0.338, 0.373]",0.29285714285714287
66783,0.4096764819241732,"(0.407, 0.442]",0.2805755395683453
66784,0.3448713852587747,"(0.338, 0.373]",0.24285714285714285
66785,0.2991936220415235,"(0.269, 0.303]",0.23357664233576642
66786,0.2823876281841208,"(0.269, 0.303]",0.2196969696969697
66787,0.31605752323087083,"(0.303, 0.338]",0.21481481481481482
66788,0.38613532199005735,"(0.373, 0.407]",0.23404255319148937
66789,0.32160970418061263,"(0.303, 0.338]",0.2077922077922078
66790,0.41560567338805715,"(0.407, 0.442]",0.2064516129032258
66791,0.27783410968949435,"(0.269, 0.303]",0.21333333333333335
66792,0.3439750884885334,"(0.338, 0.373]",0.21052631578947367
66793,0.37854462037985287,"(0.373, 0.407]",0.3161764705882353
66794,0.3625731034242774,"(0.338, 0.373]",0.2689655172413793
66795,0.3591904295614236,"(0.338, 0.373]",0.2785714285714286
66796,0.34998007142073295,"(0.338, 0.373]",0.184
66797,0.34949514883728133,"(0.338, 0.373]",0.2857142857142857
66798,0.26931108708414636,"(0.269, 0.303]",0.26811594202898553
66799,0.3741320440594516,"(0.373, 0.407]",0.2536231884057971
66800,0.34793121130344307,"(0.338, 0.373]",0.24817518248175183
66801,0.3580839404930695,"(0.338, 0.373]",0.21897810218978103
66802,0.2629303002783,"(0.234, 0.269]",0.20300751879699247
66803,0.38844668258820136,"(0.373, 0.407]",0.22302158273381295
66804,0.4579086190515272,"(0.442, 0.476]",0.2
66805,0.3196067539129361,"(0.303, 0.338]",0.21710526315789475
66806,0.32880681323967037,"(0.303, 0.338]",0.21935483870967742
66807,0.40306540092826426,"(0.373, 0.407]",0.3925925925925926
66809,0.334217309595163,"(0.303, 0.338]",0.17037037037037037
66810,0.2651761104419208,"(0.234, 0.269]",0.17687074829931973
66811,0.26578640593731884,"(0.234, 0.269]",0.23741007194244604
66812,0.3281377210333201,"(0.303, 0.338]",0.2127659574468085
66813,0.42443517051935137,"(0.407, 0.442]",0.27007299270072993
66814,0.2610709701537345,"(0.234, 0.269]",0.23308270676691728
66815,0.31419499913492965,"(0.303, 0.338]",0.20134228187919462
66816,0.2977192484524818,"(0.269, 0.303]",0.14965986394557823
66818,0.23199513789494666,"(0.2, 0.234]",0.1875
66819,0.30956974437527923,"(0.303, 0.338]",0.21333333333333335
66820,0.35281993600881273,"(0.338, 0.373]",0.2462686567164179
66821,0.29277115114769764,"(0.269, 0.303]",0.22875816993464052
66822,0.30425386547420674,"(0.303, 0.338]",0.2534246575342466
66823,0.18058646541575443,"(0.165, 0.2]",0.2753623188405797
66825,0.27722819404356197,"(0.269, 0.303]",0.1956521739130435
66828,0.3216313930998933,"(0.303, 0.338]",0.22962962962962963
66889,0.2050411138662623,"(0.2, 0.234]",0.08759124087591241
66890,0.13431527869478596,"(0.131, 0.165]",0.11486486486486487
66893,0.1543385007808483,"(0.131, 0.165]",0.1
66894,0.11304490461984636,"(0.0962, 0.131]",0.11510791366906475
66897,0.11120352848492016,"(0.0962, 0.131]",0.13076923076923078
66899,0.17385905868418883,"(0.165, 0.2]",0.17424242424242425
67468,0.29684722993827495,"(0.269, 0.303]",0.1391304347826087
67517,0.3261855998828188,"(0.303, 0.338]",0.16842105263157894
67518,0.2314641677491543,"(0.2, 0.234]",0.16666666666666666
67519,0.21980649209141653,"(0.2, 0.234]",0.1527777777777778
67563,0.1615218036412706,"(0.131, 0.165]",0.13924050632911392
67564,0.2225814807017834,"(0.2, 0.234]",0.15454545454545454
67565,0.3342366701180638,"(0.303, 0.338]",0.17164179104477612
67566,0.16212988623956484,"(0.131, 0.165]",0.14074074074074075
67571,0.3024340514593243,"(0.269, 0.303]",0.08695652173913043
67572,0.3012780949103353,"(0.269, 0.303]",0.09420289855072464
67608,0.2467046723120438,"(0.234, 0.269]",0.1619047619047619
67609,0.2845410194404643,"(0.269, 0.303]",0.16129032258064516
67610,0.1515042193827145,"(0.131, 0.165]",0.18840579710144928
67611,0.29866056825301407,"(0.269, 0.303]",0.17557251908396945
67616,0.17142358275422256,"(0.165, 0.2]",0.09210526315789473
67617,0.18475662213973776,"(0.165, 0.2]",0.11333333333333333
67620,0.1774271821486827,"(0.165, 0.2]",0.08088235294117647
67648,0.29923650115806877,"(0.269, 0.303]",0.15151515151515152
67649,0.35883514664576294,"(0.338, 0.373]",0.14285714285714285
67650,0.3174905724585221,"(0.303, 0.338]",0.13445378151260504
67651,0.24367514683518204,"(0.234, 0.269]",0.18518518518518517
67652,0.25977055677901467,"(0.234, 0.269]",0.15702479338842976
67653,0.21692804556779618,"(0.2, 0.234]",0.13008130081300814
67654,0.3351677298182596,"(0.303, 0.338]",0.11029411764705882
67655,0.32984524641228463,"(0.303, 0.338]",0.07086614173228346
67656,0.3046190789566868,"(0.303, 0.338]",0.07746478873239436
67657,0.22392643151495847,"(0.2, 0.234]",0.12
67658,0.26429894956870814,"(0.234, 0.269]",0.1292517006802721
67659,-0.08803517797658456,"(-0.111, -0.0765]",0.10256410256410256
67660,0.21367241634939116,"(0.2, 0.234]",0.09395973154362416
67661,0.12604497573284515,"(0.0962, 0.131]",0.04794520547945205
67662,0.24188682217335458,"(0.234, 0.269]",0.05732484076433121
67663,0.28700787726231763,"(0.269, 0.303]",0.07741935483870968
67664,0.22877058788088378,"(0.2, 0.234]",0.09142857142857143
67688,0.426283154324088,"(0.407, 0.442]",0.1188118811881188
67689,0.2701576476366842,"(0.269, 0.303]",0.152
67690,0.3056370339643796,"(0.303, 0.338]",0.15789473684210525
67691,0.3500092802617048,"(0.338, 0.373]",0.16
67692,0.3144312783632032,"(0.303, 0.338]",0.19083969465648856
67693,0.29080028085556203,"(0.269, 0.303]",0.16363636363636364
67694,0.29004889879885154,"(0.269, 0.303]",0.13636363636363635
67695,0.29392270645085694,"(0.269, 0.303]",0.1322314049586777
67696,0.3366994011921566,"(0.303, 0.338]",0.10256410256410256
67697,0.3024368877873346,"(0.269, 0.303]",0.09420289855072464
67698,0.24675585517147078,"(0.234, 0.269]",0.12080536912751678
67699,0.1432378914686498,"(0.131, 0.165]",0.13245033112582782
67700,0.19201057983095612,"(0.165, 0.2]",0.11464968152866242
67701,0.2599420434170194,"(0.234, 0.269]",0.12244897959183673
67702,0.3089395014876079,"(0.303, 0.338]",0.09210526315789473
67703,0.35364421892353776,"(0.338, 0.373]",0.0880503144654088
67704,0.2621956460379953,"(0.234, 0.269]",0.0880503144654088
67705,0.35088737959522875,"(0.338, 0.373]",0.11864406779661017
67728,0.32925407798944717,"(0.303, 0.338]",0.20833333333333334
67729,0.36043378442325574,"(0.338, 0.373]",0.22962962962962963
67730,0.36076442463321745,"(0.338, 0.373]",0.18115942028985507
67731,0.3330386596658278,"(0.303, 0.338]",0.19230769230769232
67732,0.24825566036837474,"(0.234, 0.269]",0.1925925925925926
67733,0.314588009990542,"(0.303, 0.338]",0.14634146341463414
67734,0.2647043134099061,"(0.234, 0.269]",0.14634146341463414
67735,0.3417262362906597,"(0.338, 0.373]",0.13076923076923078
67736,0.34038932393193444,"(0.338, 0.373]",0.09302325581395349
67737,0.29146883000143303,"(0.269, 0.303]",0.1360544217687075
67738,0.23478075438205231,"(0.234, 0.269]",0.15
67739,0.24667181380179734,"(0.234, 0.269]",0.17901234567901234
67740,0.3431124691601253,"(0.338, 0.373]",0.16477272727272727
67741,0.3256112766178367,"(0.303, 0.338]",0.1419753086419753
67742,0.3127245556120428,"(0.303, 0.338]",0.14465408805031446
67743,0.34390341819412007,"(0.338, 0.373]",0.1411042944785276
67745,0.37291777582509184,"(0.373, 0.407]",0.18128654970760233
67746,0.16282180901370158,"(0.131, 0.165]",0.19662921348314608
67747,-0.03796204820403545,"(-0.042, -0.00742]",0.1907514450867052
67767,0.4224626319888876,"(0.407, 0.442]",0.24060150375939848
67768,0.3746276315271856,"(0.373, 0.407]",0.2348993288590604
67769,0.329894600643828,"(0.303, 0.338]",0.19863013698630136
67770,0.35136726551500563,"(0.338, 0.373]",0.21333333333333335
67771,0.28553260752821585,"(0.269, 0.303]",0.19858156028368795
67772,0.3723725740155749,"(0.338, 0.373]",0.1297709923664122
67773,0.2847758369770417,"(0.269, 0.303]",0.12403100775193798
67774,0.27756777169991426,"(0.269, 0.303]",0.109375
67775,0.3321450411176993,"(0.303, 0.338]",0.09302325581395349
67776,0.3949012349947514,"(0.373, 0.407]",0.15217391304347827
67777,0.3526761361724691,"(0.338, 0.373]",0.16901408450704225
67778,0.2749819229343272,"(0.269, 0.303]",0.18840579710144928
67779,0.30980409958843114,"(0.303, 0.338]",0.16455696202531644
67780,0.34453087166858865,"(0.338, 0.373]",0.13125
67781,0.18173000604279407,"(0.165, 0.2]",0.14705882352941177
67782,0.3121622316539465,"(0.303, 0.338]",0.15
67784,0.3335753115238722,"(0.303, 0.338]",0.17613636363636365
67785,0.3492408237226319,"(0.338, 0.373]",0.1694915254237288
67786,0.24037896955592988,"(0.234, 0.269]",0.18285714285714286
67787,0.3137096265790038,"(0.303, 0.338]",0.15625
67788,0.3303947932662758,"(0.303, 0.338]",0.13253012048192772
67792,0.2781561587794522,"(0.269, 0.303]",0.047058823529411764
67793,0.1887239829249165,"(0.165, 0.2]",0.08125
67794,0.2985489976970619,"(0.269, 0.303]",0.09615384615384616
67795,0.1932376804982103,"(0.165, 0.2]",0.08187134502923976
67803,0.3141145108715304,"(0.303, 0.338]",0.2604166666666667
67804,0.3206698772241322,"(0.303, 0.338]",0.27586206896551724
67805,0.3707701309807982,"(0.338, 0.373]",0.2727272727272727
67806,0.28521863581436385,"(0.269, 0.303]",0.23333333333333334
67807,0.3463898878983161,"(0.338, 0.373]",0.2422360248447205
67808,0.3207083841754571,"(0.303, 0.338]",0.21052631578947367
67809,0.28181070539826664,"(0.269, 0.303]",0.1323529411764706
67810,0.3641043779328995,"(0.338, 0.373]",0.1386861313868613
67811,0.18933405192397681,"(0.165, 0.2]",0.12408759124087591
67812,0.2493953306032834,"(0.234, 0.269]",0.11920529801324503
67813,0.30996365679669025,"(0.303, 0.338]",0.18064516129032257
67814,0.3790655863277897,"(0.373, 0.407]",0.1592356687898089
67815,0.2306249419661469,"(0.2, 0.234]",0.18666666666666668
67816,0.26432403811699656,"(0.234, 0.269]",0.1951219512195122
67817,0.3842658867216178,"(0.373, 0.407]",0.16091954022988506
67818,0.38510874448010357,"(0.373, 0.407]",0.1978021978021978
67820,0.3244192820027942,"(0.303, 0.338]",0.16292134831460675
67821,0.29094953569480403,"(0.269, 0.303]",0.16042780748663102
67822,0.17246777511469036,"(0.165, 0.2]",0.14136125654450263
67823,0.26507520914087174,"(0.234, 0.269]",0.14285714285714285
67824,0.3407983522551695,"(0.338, 0.373]",0.12631578947368421
67825,0.21300598576511412,"(0.2, 0.234]",0.10365853658536585
67826,0.3375557981270045,"(0.303, 0.338]",0.08235294117647059
67827,0.2200619316559964,"(0.2, 0.234]",0.04891304347826087
67828,0.3352129640176474,"(0.303, 0.338]",0.059782608695652176
67829,0.2671586996013395,"(0.234, 0.269]",0.061224489795918366
67830,0.3596970701843468,"(0.338, 0.373]",0.0847457627118644
67831,0.26988730004655476,"(0.269, 0.303]",0.10404624277456648
67832,0.15991682544489638,"(0.131, 0.165]",0.09836065573770492
67833,0.2726402927357825,"(0.269, 0.303]",0.10824742268041238
67834,0.22197602625026955,"(0.2, 0.234]",0.078125
67835,0.2971803580711247,"(0.269, 0.303]",0.07453416149068323
67838,0.4123249582583046,"(0.407, 0.442]",0.2982456140350877
67839,0.3923674055245313,"(0.373, 0.407]",0.31901840490797545
67840,0.37527099558551863,"(0.373, 0.407]",0.2962962962962963
67841,0.38508010709448576,"(0.373, 0.407]",0.27848101265822783
67842,0.33134762830868214,"(0.303, 0.338]",0.2658959537572254
67843,0.3818530105019433,"(0.373, 0.407]",0.22297297297297297
67844,0.30568916132449614,"(0.303, 0.338]",0.18120805369127516
67845,0.34368342694321136,"(0.338, 0.373]",0.2037037037037037
67846,0.4010318617464719,"(0.373, 0.407]",0.1910828025477707
67847,0.30754593501587024,"(0.303, 0.338]",0.18181818181818182
67848,0.29623724723110834,"(0.269, 0.303]",0.24550898203592814
67849,0.33303796891222043,"(0.303, 0.338]",0.2
67850,0.29412530975636675,"(0.269, 0.303]",0.21333333333333335
67851,0.29458557398678153,"(0.269, 0.303]",0.21637426900584794
67852,0.3681538358148525,"(0.338, 0.373]",0.1590909090909091
67853,0.3074175253564055,"(0.303, 0.338]",0.1896551724137931
67855,0.3573173850357348,"(0.338, 0.373]",0.17341040462427745
67856,0.30832859525858713,"(0.303, 0.338]",0.15135135135135136
67857,0.33558712346770686,"(0.303, 0.338]",0.12435233160621761
67858,0.24675228332644414,"(0.234, 0.269]",0.13612565445026178
67859,0.3358168947044751,"(0.303, 0.338]",0.109375
67860,0.26611554033681045,"(0.234, 0.269]",0.1111111111111111
67861,0.26744499293566676,"(0.234, 0.269]",0.11299435028248588
67862,0.3251797213822128,"(0.303, 0.338]",0.08379888268156424
67863,0.2763513320274813,"(0.269, 0.303]",0.1092896174863388
67864,0.2565859080214614,"(0.234, 0.269]",0.11518324607329843
67865,0.3383635250188274,"(0.338, 0.373]",0.13095238095238096
67866,0.35617656255795954,"(0.338, 0.373]",0.14285714285714285
67867,0.3310326650968368,"(0.303, 0.338]",0.1165644171779141
67868,0.2421006955529515,"(0.234, 0.269]",0.12048192771084337
67869,0.2726314256712947,"(0.269, 0.303]",0.09316770186335403
67870,0.2939812924439668,"(0.269, 0.303]",0.06818181818181818
67871,0.32745727114518164,"(0.303, 0.338]",0.3140495867768595
67872,0.3721080957427895,"(0.338, 0.373]",0.32926829268292684
67873,0.43208421737386615,"(0.407, 0.442]",0.2948717948717949
67874,0.3878416154937813,"(0.373, 0.407]",0.2948717948717949
67875,0.36346022547154283,"(0.338, 0.373]",0.28313253012048195
67876,0.3268844745188198,"(0.303, 0.338]",0.26277372262773724
67877,0.3371964928269132,"(0.303, 0.338]",0.2569444444444444
67878,0.3087934955019245,"(0.303, 0.338]",0.2894736842105263
67879,0.38175926194190635,"(0.373, 0.407]",0.2896551724137931
67880,0.36501116236315245,"(0.338, 0.373]",0.26973684210526316
67881,0.2856503989725996,"(0.269, 0.303]",0.2893081761006289
67882,0.26468718516911305,"(0.234, 0.269]",0.21794871794871795
67883,0.3532004277369808,"(0.338, 0.373]",0.21768707482993196
67884,0.2563683680264128,"(0.234, 0.269]",0.24096385542168675
67885,0.3460020656412154,"(0.338, 0.373]",0.2222222222222222
67886,0.3482809292107231,"(0.338, 0.373]",0.23809523809523808
67887,0.23691052563277212,"(0.234, 0.269]",0.21311475409836064
67888,0.2740508469393647,"(0.269, 0.303]",0.18435754189944134
67889,0.31651067101191954,"(0.303, 0.338]",0.16042780748663102
67890,0.2840965768141572,"(0.269, 0.303]",0.13432835820895522
67891,0.25101376376377116,"(0.234, 0.269]",0.1643192488262911
67892,0.2942960338668021,"(0.269, 0.303]",0.15348837209302327
67893,0.29185379889380253,"(0.269, 0.303]",0.13636363636363635
67894,0.32033782231667235,"(0.303, 0.338]",0.15422885572139303
67895,0.3141963233118679,"(0.303, 0.338]",0.11458333333333333
67896,0.2789869075306883,"(0.269, 0.303]",0.12244897959183673
67897,0.2809762140182719,"(0.269, 0.303]",0.12886597938144329
67898,0.34659626731431026,"(0.338, 0.373]",0.14285714285714285
67899,0.28404941922443666,"(0.269, 0.303]",0.13815789473684212
67900,0.3371956053752328,"(0.303, 0.338]",0.11029411764705882
67901,0.35893631783554525,"(0.338, 0.373]",0.12121212121212122
67902,0.30228580762722956,"(0.269, 0.303]",0.38571428571428573
67903,0.4650775651308145,"(0.442, 0.476]",0.3772455089820359
67904,0.41833943521465544,"(0.407, 0.442]",0.38311688311688313
67905,0.3550025095691418,"(0.338, 0.373]",0.3767123287671233
67906,0.43230087262672234,"(0.407, 0.442]",0.3684210526315789
67907,0.3466376754976454,"(0.338, 0.373]",0.3700787401574803
67908,0.3667134043282157,"(0.338, 0.373]",0.3458646616541353
67910,0.3098726354577756,"(0.303, 0.338]",0.37410071942446044
67911,0.3836429204130309,"(0.373, 0.407]",0.3333333333333333
67912,0.28795608229061664,"(0.269, 0.303]",0.34615384615384615
67913,0.3377681567525349,"(0.303, 0.338]",0.2468354430379747
67914,0.36955877289051087,"(0.338, 0.373]",0.25806451612903225
67915,0.27813979892162505,"(0.269, 0.303]",0.26627218934911245
67916,0.2777701012280097,"(0.269, 0.303]",0.25595238095238093
67917,0.3579432444362231,"(0.338, 0.373]",0.28104575163398693
67918,0.34407335693897495,"(0.338, 0.373]",0.23493975903614459
67919,0.36807430987188144,"(0.338, 0.373]",0.22023809523809523
67920,0.2950387380752537,"(0.269, 0.303]",0.2
67921,0.3339582051206126,"(0.303, 0.338]",0.1650485436893204
67922,0.3521255236499289,"(0.338, 0.373]",0.18981481481481483
67923,0.3547361456375994,"(0.338, 0.373]",0.17050691244239632
67924,0.3818444697181115,"(0.373, 0.407]",0.13942307692307693
67925,0.3216835441385655,"(0.303, 0.338]",0.1619047619047619
67926,0.3127226339566831,"(0.303, 0.338]",0.14215686274509803
67927,0.2585498955815037,"(0.234, 0.269]",0.15384615384615385
67928,0.31522042501020964,"(0.303, 0.338]",0.17010309278350516
67930,0.31534374473250154,"(0.303, 0.338]",0.13114754098360656
67931,0.29830079754818967,"(0.269, 0.303]",0.4094488188976378
67932,0.39280590444140934,"(0.373, 0.407]",0.41333333333333333
67933,0.407251168730867,"(0.407, 0.442]",0.42073170731707316
67934,0.3928299677301524,"(0.373, 0.407]",0.4246575342465753
67935,0.3721196689225948,"(0.338, 0.373]",0.4166666666666667
67936,0.17304023663429863,"(0.165, 0.2]",0.41975308641975306
67937,0.36508091405854354,"(0.338, 0.373]",0.39864864864864863
67943,0.35871044322033985,"(0.338, 0.373]",0.3108108108108108
67944,0.3833076196499782,"(0.373, 0.407]",0.3051948051948052
67945,0.3864723243330317,"(0.373, 0.407]",0.296969696969697
67946,0.3603167816348024,"(0.338, 0.373]",0.27631578947368424
67947,0.3994228457066647,"(0.373, 0.407]",0.28776978417266186
67948,0.36071255783367234,"(0.338, 0.373]",0.2605633802816901
67949,0.3577196397371384,"(0.338, 0.373]",0.2535211267605634
67950,0.38479942417633906,"(0.373, 0.407]",0.22839506172839505
67951,0.368281845870343,"(0.338, 0.373]",0.20212765957446807
67952,0.3699958309553307,"(0.338, 0.373]",0.215311004784689
67953,0.2842006929960588,"(0.269, 0.303]",0.2018348623853211
67954,0.3689619930716702,"(0.338, 0.373]",0.17567567567567569
67955,0.34753869085943684,"(0.338, 0.373]",0.18807339449541285
67956,0.3194124720088098,"(0.303, 0.338]",0.16981132075471697
67957,0.34959957724949287,"(0.338, 0.373]",0.1724137931034483
67958,0.3018841960472638,"(0.269, 0.303]",0.1834319526627219
67962,0.30326022237816536,"(0.269, 0.303]",0.5328947368421053
67963,0.2670673973743531,"(0.234, 0.269]",0.5255474452554745
67964,0.22875735717283546,"(0.2, 0.234]",0.4696969696969697
67965,0.37386858418444,"(0.373, 0.407]",0.46938775510204084
67966,0.27344983631761177,"(0.269, 0.303]",0.44360902255639095
67972,0.3597336892428213,"(0.338, 0.373]",0.39473684210526316
67973,0.2806111175358509,"(0.269, 0.303]",0.3950617283950617
67974,0.35907993585693637,"(0.338, 0.373]",0.40119760479041916
67975,0.30318359239298853,"(0.269, 0.303]",0.3719512195121951
67976,0.4312339712288884,"(0.407, 0.442]",0.38666666666666666
67977,0.39443824419982093,"(0.373, 0.407]",0.35036496350364965
67978,0.39756988656456543,"(0.373, 0.407]",0.3115942028985507
67979,0.3970133724122862,"(0.373, 0.407]",0.2689655172413793
67980,0.3487463281416356,"(0.338, 0.373]",0.25308641975308643
67981,0.3762283612265237,"(0.373, 0.407]",0.2568306010928962
67982,0.31906428771745643,"(0.303, 0.338]",0.2376237623762376
67983,0.38369553150454777,"(0.373, 0.407]",0.2336448598130841
67984,0.37055098170217976,"(0.338, 0.373]",0.22935779816513763
67985,0.3260934106328287,"(0.303, 0.338]",0.20276497695852536
67986,0.34564786434785116,"(0.338, 0.373]",0.19895287958115182
67987,0.1785163346806228,"(0.165, 0.2]",0.18620689655172415
67990,0.28943879116102683,"(0.269, 0.303]",0.6012658227848101
67991,0.3077759379786005,"(0.303, 0.338]",0.5866666666666667
67992,0.2984863387364913,"(0.269, 0.303]",0.5547945205479452
67993,0.3098316868469878,"(0.303, 0.338]",0.5555555555555556
67994,0.33371564234637896,"(0.303, 0.338]",0.5337837837837838
67995,0.3543046794100416,"(0.338, 0.373]",0.5182481751824818
67998,0.3105820937990131,"(0.303, 0.338]",0.496
68000,0.4039391057967826,"(0.373, 0.407]",0.5106382978723404
68001,0.3802535455150008,"(0.373, 0.407]",0.5063291139240507
68002,0.41101283262142674,"(0.407, 0.442]",0.4838709677419355
68003,0.3623291493832436,"(0.338, 0.373]",0.45161290322580644
68004,0.39710942537685645,"(0.373, 0.407]",0.4482758620689655
68005,0.4876748316739104,"(0.476, 0.511]",0.4122137404580153
68006,0.374551634213639,"(0.373, 0.407]",0.40625
68007,0.32756299508918074,"(0.303, 0.338]",0.31496062992125984
68008,0.42574219211305214,"(0.407, 0.442]",0.2898550724637681
68009,0.4011847230223639,"(0.373, 0.407]",0.28662420382165604
68010,0.3638833209023358,"(0.338, 0.373]",0.2346368715083799
68011,0.3731061888251158,"(0.373, 0.407]",0.24873096446700507
68012,0.40825553926823555,"(0.407, 0.442]",0.245
68013,0.35643203917315724,"(0.338, 0.373]",0.21875
68014,0.28246754691294107,"(0.269, 0.303]",0.25308641975308643
68017,0.3440652920399842,"(0.338, 0.373]",0.6325301204819277
68018,0.18184038358273524,"(0.165, 0.2]",0.6060606060606061
68019,0.22779314121953045,"(0.2, 0.234]",0.591715976331361
68020,0.26870735991090544,"(0.234, 0.269]",0.5895953757225434
68021,0.28567137292070854,"(0.269, 0.303]",0.5696969696969697
68022,0.3577580916327897,"(0.338, 0.373]",0.5576923076923077
68023,0.3910108260262948,"(0.373, 0.407]",0.5472972972972973
68024,0.3927227697587818,"(0.373, 0.407]",0.5639097744360902
68025,0.2876302523883116,"(0.269, 0.303]",0.5851851851851851
68027,0.43212413525077964,"(0.407, 0.442]",0.6344827586206897
68028,0.40410092491303745,"(0.373, 0.407]",0.5864197530864198
68029,0.3703802282708291,"(0.338, 0.373]",0.5875
68030,0.4405570327956468,"(0.407, 0.442]",0.5569620253164557
68031,0.3868946115362109,"(0.373, 0.407]",0.5503355704697986
68033,0.45071271506473354,"(0.442, 0.476]",0.532258064516129
68034,0.37649028077410984,"(0.373, 0.407]",0.425
68035,0.38153475454852837,"(0.373, 0.407]",0.43902439024390244
68036,0.4045067994655492,"(0.373, 0.407]",0.4125874125874126
68037,0.328223900095147,"(0.303, 0.338]",0.37341772151898733
68038,0.32105303728751206,"(0.303, 0.338]",0.37988826815642457
68039,0.337257533589961,"(0.303, 0.338]",0.33707865168539325
68041,0.3526282793648938,"(0.338, 0.373]",0.3402777777777778
68047,0.3370322982852622,"(0.303, 0.338]",0.6666666666666666
68048,0.2689613015444698,"(0.269, 0.303]",0.6763005780346821
68049,0.3405191473626514,"(0.338, 0.373]",0.6459627329192547
68050,0.24445801009761653,"(0.234, 0.269]",0.6428571428571429
68051,0.23551501363752583,"(0.234, 0.269]",0.6788321167883211
68055,0.28101979450823655,"(0.269, 0.303]",0.6748466257668712
68056,0.3823401283748307,"(0.373, 0.407]",0.6602564102564102
68057,0.34614955321242835,"(0.338, 0.373]",0.625
68058,0.4005910804772741,"(0.373, 0.407]",0.6242038216560509
68063,0.3910001534753047,"(0.373, 0.407]",0.5507246376811594
68066,0.35351896365396634,"(0.338, 0.373]",0.4691358024691358
68067,0.27133961149314484,"(0.269, 0.303]",0.4485294117647059
68068,0.25855997060355496,"(0.234, 0.269]",0.7688172043010753
68074,0.29198221755547327,"(0.269, 0.303]",0.7383177570093458
68076,0.20581528402385785,"(0.2, 0.234]",0.7164179104477612
68077,0.21578493343875302,"(0.2, 0.234]",0.7307692307692307
68093,0.32308643616625626,"(0.303, 0.338]",0.5735294117647058
68094,0.2779079141590035,"(0.269, 0.303]",0.7411167512690355
68095,0.33620260734257434,"(0.303, 0.338]",0.774869109947644
68119,0.3644843047343501,"(0.338, 0.373]",0.7524271844660194
68120,0.1545374335798543,"(0.131, 0.165]",0.7801047120418848
68139,0.31540493165410555,"(0.303, 0.338]",0.6935483870967742
68142,0.3173779286492659,"(0.303, 0.338]",0.6573426573426573
68144,0.2584770949420171,"(0.234, 0.269]",0.7880184331797235
68145,0.22123470513086882,"(0.2, 0.234]",0.8167539267015707
68164,0.2567696979976933,"(0.234, 0.269]",0.7142857142857143
68166,0.32855749693988867,"(0.303, 0.338]",0.6598639455782312
68186,0.14904272570889568,"(0.131, 0.165]",0.7292817679558011
68585,0.34459667193911797,"(0.338, 0.373]",0.08148148148148149
69006,0.2670475802697288,"(0.234, 0.269]",0.5636363636363636
69007,0.3898452484622773,"(0.373, 0.407]",0.5757575757575758
69009,0.3144426775148307,"(0.303, 0.338]",0.6826086956521739
69044,0.33968646356687765,"(0.338, 0.373]",0.4146341463414634
69045,0.3434733965062945,"(0.338, 0.373]",0.42857142857142855
69046,0.3795546374404472,"(0.373, 0.407]",0.49056603773584906
69047,0.35199645198566193,"(0.338, 0.373]",0.5022222222222222
69061,0.3338269374599473,"(0.303, 0.338]",0.2983425414364641
69062,0.4247208142187081,"(0.407, 0.442]",0.3623853211009174
69063,0.3926014662873853,"(0.373, 0.407]",0.3788546255506608
69064,0.3195347279813036,"(0.303, 0.338]",0.44583333333333336
69065,0.33928643616636917,"(0.338, 0.373]",0.4689922480620155
69066,0.3785840571886416,"(0.373, 0.407]",0.5038167938931297
69078,0.22867092380277446,"(0.2, 0.234]",0.2185430463576159
69079,0.387981072327959,"(0.373, 0.407]",0.22857142857142856
69080,0.3219311766865426,"(0.303, 0.338]",0.27586206896551724
69081,0.41397489669689325,"(0.407, 0.442]",0.3438914027149321
69082,0.4518053781309796,"(0.442, 0.476]",0.37327188940092165
69083,0.4001207618802312,"(0.373, 0.407]",0.41409691629955947
69084,0.3547803547168962,"(0.338, 0.373]",0.444
69085,0.31613694501851713,"(0.303, 0.338]",0.4795539033457249
69099,0.39988233537637613,"(0.373, 0.407]",0.24193548387096775
69100,0.3556395021720354,"(0.338, 0.373]",0.27884615384615385
69101,0.4158136188820766,"(0.407, 0.442]",0.3273542600896861
69102,0.45796340329576557,"(0.442, 0.476]",0.3829787234042553
69103,0.3901606120750736,"(0.373, 0.407]",0.3964757709251101
69104,0.3246215872013596,"(0.303, 0.338]",0.4222222222222222
69105,0.3622323075523593,"(0.338, 0.373]",0.44129554655870445
69106,0.3864224093766022,"(0.373, 0.407]",0.4743083003952569
69107,0.3843297825531399,"(0.373, 0.407]",0.5090252707581228
69121,0.40276062941423346,"(0.373, 0.407]",0.235
69122,0.3980031412775588,"(0.373, 0.407]",0.27358490566037735
69123,0.4359561808758459,"(0.407, 0.442]",0.3378995433789954
69124,0.45305933958678574,"(0.442, 0.476]",0.3829787234042553
69125,0.41246684294666097,"(0.407, 0.442]",0.3949579831932773
69126,0.4454581942770274,"(0.442, 0.476]",0.4180327868852459
69127,0.3486470888744699,"(0.338, 0.373]",0.43866171003717475
69128,0.42316280434882236,"(0.407, 0.442]",0.4714828897338403
69144,0.3732191846359505,"(0.373, 0.407]",0.21890547263681592
69145,0.37298180729328584,"(0.373, 0.407]",0.27403846153846156
69146,0.38373248744454697,"(0.373, 0.407]",0.3350253807106599
69147,0.3532339143356438,"(0.338, 0.373]",0.3875598086124402
69148,0.29062937379904225,"(0.269, 0.303]",0.3981042654028436
69149,0.38650226330094595,"(0.373, 0.407]",0.41706161137440756
69150,0.47052120815636017,"(0.442, 0.476]",0.43946188340807174
69151,0.3974265197475664,"(0.373, 0.407]",0.47555555555555556
69152,0.34463994173605433,"(0.338, 0.373]",0.49159663865546216
69169,0.3624610219919999,"(0.338, 0.373]",0.21105527638190955
69170,0.38953787186746347,"(0.373, 0.407]",0.22164948453608246
69171,0.40739222330080277,"(0.407, 0.442]",0.27450980392156865
69172,0.4211841666852199,"(0.407, 0.442]",0.31216931216931215
69173,0.4302932442535386,"(0.407, 0.442]",0.36538461538461536
69174,0.4312644433601282,"(0.407, 0.442]",0.37727272727272726
69175,0.2768592397362058,"(0.269, 0.303]",0.41964285714285715
69176,0.33459707381662396,"(0.303, 0.338]",0.4675324675324675
69195,0.37000148246950754,"(0.338, 0.373]",0.21782178217821782
69196,0.39206197077062777,"(0.373, 0.407]",0.20304568527918782
69197,0.3881011116683102,"(0.373, 0.407]",0.25757575757575757
69198,0.42790602267205546,"(0.407, 0.442]",0.2864864864864865
69199,0.3238779659299275,"(0.303, 0.338]",0.3350253807106599
69200,0.37251277826726525,"(0.338, 0.373]",0.36097560975609755
69201,0.3799706777208002,"(0.373, 0.407]",0.3981042654028436
69202,0.42597942100456493,"(0.407, 0.442]",0.44144144144144143
69205,0.33379790280732313,"(0.303, 0.338]",0.5170940170940171
69226,0.40131535889398073,"(0.373, 0.407]",0.24528301886792453
69227,0.4318036157661166,"(0.407, 0.442]",0.22660098522167488
69228,0.34244226680238277,"(0.338, 0.373]",0.28865979381443296
69229,0.3919015641115177,"(0.373, 0.407]",0.27071823204419887
69230,0.40395660410835565,"(0.373, 0.407]",0.32065217391304346
69231,0.41579446160270545,"(0.407, 0.442]",0.32663316582914576
69232,0.40686104594459976,"(0.373, 0.407]",0.36097560975609755
69233,0.42023012672777954,"(0.407, 0.442]",0.41706161137440756
69234,0.39915800928546297,"(0.373, 0.407]",0.4155251141552511
69235,0.3864517605232218,"(0.373, 0.407]",0.4773662551440329
69236,0.38633570563022057,"(0.373, 0.407]",0.4980237154150198
69237,0.34129980515785546,"(0.338, 0.373]",0.52734375
69238,0.3451578285907323,"(0.338, 0.373]",0.6037735849056604
69258,0.3871640861855748,"(0.373, 0.407]",0.24
69259,0.46080999701498465,"(0.442, 0.476]",0.23444976076555024
69260,0.4489478797236763,"(0.442, 0.476]",0.28061224489795916
69261,0.4186049292078157,"(0.407, 0.442]",0.2864864864864865
69263,0.3923773046867721,"(0.373, 0.407]",0.3717277486910995
69264,0.2855871421069027,"(0.269, 0.303]",0.4057971014492754
69265,0.39434263981248446,"(0.373, 0.407]",0.44954128440366975
69266,0.39608293564157726,"(0.373, 0.407]",0.42358078602620086
69268,0.40779272351161056,"(0.407, 0.442]",0.4962962962962963
69291,0.3559294713769174,"(0.338, 0.373]",0.22026431718061673
69292,0.408301499308115,"(0.407, 0.442]",0.2347417840375587
69293,0.3734081448182617,"(0.373, 0.407]",0.3137254901960784
69294,0.4520067497771236,"(0.442, 0.476]",0.3403141361256545
69297,0.36134239345575003,"(0.338, 0.373]",0.40487804878048783
69298,0.3869678190973826,"(0.373, 0.407]",0.4383561643835616
69299,0.32249477710662416,"(0.303, 0.338]",0.4329004329004329
69300,0.25166725325297057,"(0.234, 0.269]",0.5134099616858238
69301,0.421940827804343,"(0.407, 0.442]",0.5166051660516605
69324,0.4037035680490284,"(0.373, 0.407]",0.2457627118644068
69325,0.39834082103282126,"(0.373, 0.407]",0.2681818181818182
69326,0.345577497361316,"(0.338, 0.373]",0.3177570093457944
69327,0.43948002825676225,"(0.407, 0.442]",0.33
69331,0.3696127515175228,"(0.338, 0.373]",0.4793388429752066
69332,0.3136563519088535,"(0.303, 0.338]",0.4846153846153846
69333,0.3028765900046132,"(0.269, 0.303]",0.5677655677655677
69359,0.4159930202936699,"(0.407, 0.442]",0.3062200956937799
69360,0.3975303307993967,"(0.373, 0.407]",0.3492822966507177
69361,0.26836416976435534,"(0.234, 0.269]",0.37755102040816324
69391,0.3527465785832791,"(0.338, 0.373]",0.31840796019900497
69392,0.3584744538509432,"(0.338, 0.373]",0.27884615384615385
69393,0.41914777792158014,"(0.407, 0.442]",0.3282051282051282
69395,0.4458229485848886,"(0.442, 0.476]",0.3401015228426396
69427,0.3418114933998873,"(0.338, 0.373]",0.27918781725888325
69428,0.2905370593351355,"(0.269, 0.303]",0.3105263157894737
69429,0.32794565730333747,"(0.303, 0.338]",0.325
69430,0.3860873379079151,"(0.373, 0.407]",0.3989071038251366
69431,0.3768206103772933,"(0.373, 0.407]",0.39361702127659576
69432,0.40527946622678346,"(0.373, 0.407]",0.39378238341968913
69433,0.3502023433805165,"(0.338, 0.373]",0.3862433862433862
69434,0.3000324047999932,"(0.269, 0.303]",0.38190954773869346
69465,0.35454492264719717,"(0.338, 0.373]",0.23076923076923078
69466,0.2582743150467125,"(0.234, 0.269]",0.28
69467,0.33664579272359807,"(0.303, 0.338]",0.30288461538461536
69468,0.38468117764933235,"(0.373, 0.407]",0.34782608695652173
69469,0.3521088499075019,"(0.338, 0.373]",0.3924731182795699
69470,0.35640889069822007,"(0.338, 0.373]",0.36597938144329895
69471,0.3539787983721923,"(0.338, 0.373]",0.37755102040816324
69501,0.3342340177637386,"(0.303, 0.338]",0.2
69502,0.42353457783567156,"(0.407, 0.442]",0.1939655172413793
69503,0.3152608115099593,"(0.303, 0.338]",0.2076271186440678
69504,0.4002518495371,"(0.373, 0.407]",0.2465753424657534
69505,0.3569306498487497,"(0.338, 0.373]",0.2935323383084577
69506,0.3677018528707275,"(0.338, 0.373]",0.3175355450236967
69507,0.2980862765269012,"(0.269, 0.303]",0.3402061855670103
69508,0.381925360606693,"(0.373, 0.407]",0.37799043062200954
69510,0.4649013000109174,"(0.442, 0.476]",0.35398230088495575
69540,0.4140152506449923,"(0.407, 0.442]",0.1774891774891775
69541,0.3677365568189443,"(0.338, 0.373]",0.17446808510638298
69542,0.2888123467234152,"(0.269, 0.303]",0.19327731092436976
69543,0.3243760436116747,"(0.303, 0.338]",0.23829787234042554
69544,0.3772217862681833,"(0.373, 0.407]",0.2922374429223744
69545,0.3819464068882026,"(0.373, 0.407]",0.3271889400921659
69546,0.4341240097172143,"(0.407, 0.442]",0.3444976076555024
69547,0.45422927056029977,"(0.442, 0.476]",0.3835616438356164
69549,0.2812186479051317,"(0.269, 0.303]",0.3702127659574468
69578,0.3329574383318436,"(0.303, 0.338]",0.19469026548672566
69579,0.3754926715937224,"(0.373, 0.407]",0.18376068376068377
69580,0.3699031155582591,"(0.338, 0.373]",0.18777292576419213
69581,0.35950263497567925,"(0.338, 0.373]",0.2052401746724891
69584,0.4056642721414375,"(0.373, 0.407]",0.3302752293577982
69585,0.3763677330450694,"(0.373, 0.407]",0.3378995433789954
69586,0.35189078067650165,"(0.338, 0.373]",0.3755656108597285
69588,0.371284824275818,"(0.338, 0.373]",0.3702127659574468
69611,0.3928756815080815,"(0.373, 0.407]",0.20444444444444446
69612,0.38882819505214006,"(0.373, 0.407]",0.20444444444444446
69614,0.32367659169888074,"(0.303, 0.338]",0.2488479262672811
69615,0.3726717407057612,"(0.373, 0.407]",0.2914798206278027
69617,0.4069078001078945,"(0.373, 0.407]",0.33980582524271846
69618,0.24679210269167462,"(0.234, 0.269]",0.36619718309859156
69619,0.35806523560581877,"(0.338, 0.373]",0.3791469194312796
69620,0.3539460908451741,"(0.338, 0.373]",0.3623853211009174
69645,0.3574135588854927,"(0.338, 0.373]",0.21052631578947367
69647,0.3883480801412917,"(0.373, 0.407]",0.2290748898678414
69648,0.3875670046974866,"(0.373, 0.407]",0.24107142857142858
69649,0.3686558812733295,"(0.338, 0.373]",0.24299065420560748
69650,0.36640516048324173,"(0.338, 0.373]",0.22488038277511962
69651,0.44814965270647783,"(0.442, 0.476]",0.25365853658536586
69652,0.36240876177861114,"(0.338, 0.373]",0.23300970873786409
69653,0.31027751346940047,"(0.303, 0.338]",0.30697674418604654
69654,0.31538645009572347,"(0.303, 0.338]",0.36097560975609755
69655,0.3517316927738851,"(0.338, 0.373]",0.35
69656,0.43075204983788407,"(0.407, 0.442]",0.3894230769230769
69657,0.3255642844413451,"(0.303, 0.338]",0.359375
69682,0.38831221275334804,"(0.373, 0.407]",0.15736040609137056
69684,0.32075848252756434,"(0.303, 0.338]",0.19617224880382775
69685,0.3411365420486318,"(0.338, 0.373]",0.2420091324200913
69686,0.41754338261308793,"(0.407, 0.442]",0.25806451612903225
69687,0.4430020045830988,"(0.442, 0.476]",0.26605504587155965
69689,0.39768965451554394,"(0.373, 0.407]",0.2893401015228426
69690,0.3307490764875479,"(0.303, 0.338]",0.37320574162679426
69691,0.18587054479826126,"(0.165, 0.2]",0.4019607843137255
69692,0.39390180636154276,"(0.373, 0.407]",0.39069767441860465
69693,0.40884336091874957,"(0.407, 0.442]",0.4246575342465753
69694,0.38446575675659855,"(0.373, 0.407]",0.38578680203045684
69695,0.25766036907668777,"(0.234, 0.269]",0.4
69719,0.41869164269156345,"(0.407, 0.442]",0.20588235294117646
69720,0.3291485494833468,"(0.303, 0.338]",0.14948453608247422
69721,0.3783713493523497,"(0.373, 0.407]",0.17307692307692307
69722,0.4015215557196318,"(0.373, 0.407]",0.19718309859154928
69726,0.39972792059667867,"(0.373, 0.407]",0.37435897435897436
69727,0.3906860800862447,"(0.373, 0.407]",0.3717277486910995
69728,0.3368304317208649,"(0.303, 0.338]",0.4482758620689655
69729,0.22455151759089528,"(0.2, 0.234]",0.4585365853658537
69730,0.39420333973438726,"(0.373, 0.407]",0.4337899543378995
69731,0.40960439856847797,"(0.407, 0.442]",0.47533632286995514
69732,0.3038807253001077,"(0.303, 0.338]",0.4362745098039216
69735,0.3756023831028993,"(0.373, 0.407]",0.5380952380952381
69760,0.412265510099924,"(0.407, 0.442]",0.2347417840375587
69761,0.3936148135115204,"(0.373, 0.407]",0.19811320754716982
69762,0.3754969152565532,"(0.373, 0.407]",0.14583333333333334
69763,0.4085607477508058,"(0.407, 0.442]",0.17560975609756097
69764,0.38061310720425273,"(0.373, 0.407]",0.2028301886792453
69765,0.33703455173673663,"(0.303, 0.338]",0.2347417840375587
69766,0.30849353419359293,"(0.303, 0.338]",0.2672811059907834
69767,0.37876947945319756,"(0.373, 0.407]",0.308411214953271
69768,0.3433525953321124,"(0.338, 0.373]",0.37055837563451777
69769,0.44143620270575684,"(0.407, 0.442]",0.39473684210526316
69770,0.41389665652543933,"(0.407, 0.442]",0.47761194029850745
69771,0.27280702720632094,"(0.269, 0.303]",0.48292682926829267
69772,0.262926505464875,"(0.234, 0.269]",0.4724770642201835
69773,0.3748511562645218,"(0.373, 0.407]",0.49107142857142855
69774,0.41528333284887886,"(0.407, 0.442]",0.4339622641509434
69775,0.31639851875988245,"(0.303, 0.338]",0.4722222222222222
69776,0.3840819122802898,"(0.373, 0.407]",0.5070422535211268
69777,0.3749984014683455,"(0.373, 0.407]",0.5475113122171946
69804,0.3820188011167089,"(0.373, 0.407]",0.12631578947368421
69805,0.340593407976822,"(0.338, 0.373]",0.15311004784688995
69806,0.3365792935125592,"(0.303, 0.338]",0.18604651162790697
69807,0.3643825532532304,"(0.338, 0.373]",0.215962441314554
69808,0.3855274171972877,"(0.373, 0.407]",0.2826086956521739
69809,0.40727697810520486,"(0.407, 0.442]",0.319634703196347
69810,0.4066282243009211,"(0.373, 0.407]",0.3798076923076923
69811,0.38574342869147604,"(0.373, 0.407]",0.43414634146341463
69812,0.41315305002889763,"(0.407, 0.442]",0.46543778801843316
69813,0.30936144278186956,"(0.303, 0.338]",0.47533632286995514
69815,0.4071313622875781,"(0.407, 0.442]",0.4851063829787234
69816,0.33442654337004957,"(0.303, 0.338]",0.4911504424778761
69817,0.40292755508379136,"(0.373, 0.407]",0.52
69818,0.4227937418910643,"(0.407, 0.442]",0.5570175438596491
69819,0.28136998545651454,"(0.269, 0.303]",0.5851528384279476
69844,0.26396165737613286,"(0.234, 0.269]",0.22317596566523606
69845,0.44979740064776463,"(0.442, 0.476]",0.20833333333333334
69846,0.393370160393754,"(0.373, 0.407]",0.18433179723502305
69847,0.38803044248461754,"(0.373, 0.407]",0.15
69848,0.4347198054817169,"(0.407, 0.442]",0.1619047619047619
69849,0.3688511867580815,"(0.338, 0.373]",0.17972350230414746
69850,0.3780623497533261,"(0.373, 0.407]",0.215311004784689
69851,0.4071602175017207,"(0.407, 0.442]",0.29357798165137616
69852,0.24075538274400346,"(0.234, 0.269]",0.32673267326732675
69853,0.3286320276112064,"(0.303, 0.338]",0.395
69854,0.3777092376202897,"(0.373, 0.407]",0.43349753694581283
69855,0.40897725646183325,"(0.407, 0.442]",0.4380952380952381
69856,0.29839178748383777,"(0.269, 0.303]",0.4611872146118721
69857,0.3653923775827374,"(0.338, 0.373]",0.47085201793721976
69858,0.39012774933710176,"(0.373, 0.407]",0.4675324675324675
69859,0.37740148814518765,"(0.373, 0.407]",0.4868421052631579
69860,0.3742140057300461,"(0.373, 0.407]",0.543859649122807
69861,0.4086896062110301,"(0.407, 0.442]",0.5848214285714286
69869,0.35815425890804,"(0.338, 0.373]",0.6694560669456067
69888,0.3762034765925901,"(0.373, 0.407]",0.2170212765957447
69889,0.2796245242237242,"(0.269, 0.303]",0.21658986175115208
69890,0.32109721860778306,"(0.303, 0.338]",0.19306930693069307
69891,0.2999299541950482,"(0.269, 0.303]",0.17297297297297298
69892,0.3109565534583859,"(0.303, 0.338]",0.18229166666666666
69893,0.4213828568464753,"(0.407, 0.442]",0.18357487922705315
69894,0.3931144298289974,"(0.373, 0.407]",0.20673076923076922
69895,0.40655261302374196,"(0.373, 0.407]",0.26548672566371684
69896,0.36158428220687194,"(0.338, 0.373]",0.2824074074074074
69897,0.35445307850043745,"(0.338, 0.373]",0.32857142857142857
69898,0.3942685066385899,"(0.373, 0.407]",0.3761904761904762
69900,0.36060686059675595,"(0.338, 0.373]",0.39090909090909093
69901,0.3844522094074555,"(0.373, 0.407]",0.4252336448598131
69902,0.3490544247023719,"(0.338, 0.373]",0.42727272727272725
69903,0.4169966031238405,"(0.407, 0.442]",0.47058823529411764
69904,0.42799089596594553,"(0.407, 0.442]",0.5555555555555556
69931,0.17951573799730436,"(0.165, 0.2]",0.1932367149758454
69932,0.28668745129550516,"(0.269, 0.303]",0.21100917431192662
69933,0.35573929427053014,"(0.338, 0.373]",0.21568627450980393
69934,0.3966419303539482,"(0.373, 0.407]",0.19689119170984457
69935,0.33052383968719384,"(0.303, 0.338]",0.195
69936,0.3270940429620892,"(0.303, 0.338]",0.18652849740932642
69937,0.44227478929435826,"(0.442, 0.476]",0.1941747572815534
69938,0.43276592256036384,"(0.407, 0.442]",0.2403846153846154
69939,0.4401293210284102,"(0.407, 0.442]",0.27884615384615385
69940,0.4085307613854847,"(0.407, 0.442]",0.3024390243902439
69977,0.394269824257285,"(0.373, 0.407]",0.17699115044247787
69978,0.39935304227540236,"(0.373, 0.407]",0.1894273127753304
69979,0.4375131293087315,"(0.407, 0.442]",0.19444444444444445
69980,0.3280977079425592,"(0.303, 0.338]",0.18571428571428572
69981,0.2917524699274501,"(0.269, 0.303]",0.20673076923076922
69982,0.39716239947833537,"(0.373, 0.407]",0.20202020202020202
69983,0.4075931205504433,"(0.407, 0.442]",0.19138755980861244
69984,0.41278412624943234,"(0.407, 0.442]",0.23557692307692307
69985,0.4258963087197902,"(0.407, 0.442]",0.24242424242424243
69986,0.38650405904192425,"(0.373, 0.407]",0.28292682926829266
69987,0.38648537279098416,"(0.373, 0.407]",0.3284313725490196
69988,0.3825101947248426,"(0.373, 0.407]",0.3235294117647059
69990,0.4145240111432221,"(0.407, 0.442]",0.3665158371040724
70015,0.3798578755090816,"(0.373, 0.407]",0.5586592178770949
70025,0.38887292591092326,"(0.373, 0.407]",0.20297029702970298
70026,0.25582254574788527,"(0.234, 0.269]",0.195
70027,0.3061414251897647,"(0.303, 0.338]",0.21212121212121213
70028,0.3691226788929064,"(0.338, 0.373]",0.21354166666666666
70029,0.3819743066688696,"(0.373, 0.407]",0.20408163265306123
70030,0.4122286300851687,"(0.407, 0.442]",0.24519230769230768
70031,0.3476086984167354,"(0.338, 0.373]",0.2535885167464115
70032,0.4194931160310016,"(0.407, 0.442]",0.2777777777777778
70033,0.4127588129072289,"(0.407, 0.442]",0.30837004405286345
70034,0.40613573266682457,"(0.373, 0.407]",0.32272727272727275
70036,0.28870920886272294,"(0.269, 0.303]",0.37117903930131
70048,0.43371207442112764,"(0.407, 0.442]",0.5159817351598174
70049,0.36135930494461516,"(0.338, 0.373]",0.5229357798165137
70050,0.35112755238677434,"(0.338, 0.373]",0.5565217391304348
70051,0.3794738791853924,"(0.373, 0.407]",0.5738396624472574
70055,0.355316430416163,"(0.338, 0.373]",0.525
70056,0.3923971103927386,"(0.373, 0.407]",0.4790697674418605
70057,0.4046849899668203,"(0.373, 0.407]",0.4634146341463415
70058,0.3735837930974983,"(0.373, 0.407]",0.463768115942029
70059,0.3916815557585801,"(0.373, 0.407]",0.51010101010101
70060,0.38993891416275195,"(0.373, 0.407]",0.49473684210526314
70061,0.319733083024494,"(0.303, 0.338]",0.4911242603550296
70072,0.37741376236186164,"(0.373, 0.407]",0.18627450980392157
70073,0.39928114766654765,"(0.373, 0.407]",0.20388349514563106
70074,0.35646646032802043,"(0.338, 0.373]",0.21568627450980393
70075,0.44240207410923654,"(0.442, 0.476]",0.20207253886010362
70076,0.42663191018990204,"(0.407, 0.442]",0.20994475138121546
70077,0.436346731719505,"(0.407, 0.442]",0.23958333333333334
70078,0.37610272999172795,"(0.373, 0.407]",0.25668449197860965
70079,0.410756520914158,"(0.407, 0.442]",0.2731707317073171
70080,0.431191243205063,"(0.407, 0.442]",0.29955947136563876
70081,0.40927248439824954,"(0.407, 0.442]",0.30666666666666664
70082,0.44461980766978876,"(0.442, 0.476]",0.3568281938325991
70083,0.46764171415902445,"(0.442, 0.476]",0.3738738738738739
70086,0.4407556399392797,"(0.407, 0.442]",0.44019138755980863
70087,0.453746020425092,"(0.442, 0.476]",0.46568627450980393
70088,0.41387375129486853,"(0.407, 0.442]",0.4883720930232558
70089,0.4187302799429319,"(0.407, 0.442]",0.5431034482758621
70092,0.41468539147315503,"(0.407, 0.442]",0.5741626794258373
70094,0.3414912032282733,"(0.338, 0.373]",0.5473684210526316
70095,0.3958113256774266,"(0.373, 0.407]",0.5077720207253886
70096,0.36230300250812236,"(0.338, 0.373]",0.49473684210526314
70097,0.37879896491842335,"(0.373, 0.407]",0.5050505050505051
70098,0.31928725744985154,"(0.303, 0.338]",0.5024154589371981
70099,0.43290030722819467,"(0.407, 0.442]",0.5377358490566038
70102,0.3759762931331472,"(0.373, 0.407]",0.48826291079812206
70103,0.4011027160228208,"(0.373, 0.407]",0.4251207729468599
70104,0.4227017601369378,"(0.407, 0.442]",0.4293193717277487
70105,0.38154147225167384,"(0.373, 0.407]",0.37244897959183676
70106,0.39427649214159044,"(0.373, 0.407]",0.39037433155080214
70107,0.39360822695909065,"(0.373, 0.407]",0.38764044943820225
70108,0.4524700322183383,"(0.442, 0.476]",0.3625
70121,0.20276415134189146,"(0.2, 0.234]",0.18932038834951456
70122,0.38699634647913655,"(0.373, 0.407]",0.19072164948453607
70123,0.3841265130932984,"(0.373, 0.407]",0.17989417989417988
70124,0.3428295885019492,"(0.338, 0.373]",0.21468926553672316
70125,0.3746018118026124,"(0.373, 0.407]",0.24083769633507854
70126,0.3818441928458466,"(0.373, 0.407]",0.2669902912621359
70127,0.3316442043561825,"(0.303, 0.338]",0.2785388127853881
70128,0.3343817295324771,"(0.303, 0.338]",0.2708333333333333
70129,0.3878724719274552,"(0.373, 0.407]",0.2928870292887029
70130,0.39776049900898636,"(0.373, 0.407]",0.32608695652173914
70131,0.45102788572119934,"(0.442, 0.476]",0.3452914798206278
70133,0.41662823333522503,"(0.407, 0.442]",0.4020100502512563
70134,0.4104793515828049,"(0.407, 0.442]",0.4028436018957346
70135,0.36791040100624556,"(0.338, 0.373]",0.4056603773584906
70136,0.36201222585486814,"(0.338, 0.373]",0.4225352112676056
70137,0.37567678370403734,"(0.373, 0.407]",0.48623853211009177
70138,0.3895668685476187,"(0.373, 0.407]",0.46919431279620855
70139,0.3858613221372416,"(0.373, 0.407]",0.4950980392156863
70140,0.3682022251940575,"(0.338, 0.373]",0.518324607329843
70142,0.37572562955421096,"(0.373, 0.407]",0.5
70143,0.3246020315287051,"(0.303, 0.338]",0.47126436781609193
70144,0.42553747962340593,"(0.407, 0.442]",0.4606741573033708
70145,0.39889137995355,"(0.373, 0.407]",0.43617021276595747
70146,0.3283701682480158,"(0.303, 0.338]",0.44387755102040816
70147,0.33459451404005963,"(0.303, 0.338]",0.455
70148,0.43215297630185034,"(0.407, 0.442]",0.4305555555555556
70149,0.42262313729153494,"(0.407, 0.442]",0.458128078817734
70150,0.32082569229118163,"(0.303, 0.338]",0.41624365482233505
70151,0.3311398401789306,"(0.303, 0.338]",0.37755102040816324
70152,0.4541271728923827,"(0.442, 0.476]",0.37362637362637363
70153,0.40032933396874887,"(0.373, 0.407]",0.32978723404255317
70154,0.47181527402226414,"(0.442, 0.476]",0.3389830508474576
70155,0.39957663418444256,"(0.373, 0.407]",0.3081395348837209
70156,0.43148884824315525,"(0.407, 0.442]",0.2922077922077922
70171,0.29075130954568434,"(0.269, 0.303]",0.20765027322404372
70172,0.3129081068974839,"(0.303, 0.338]",0.16666666666666666
70173,0.3865406208271863,"(0.373, 0.407]",0.20903954802259886
70174,0.4220937821699029,"(0.407, 0.442]",0.2358974358974359
70175,0.35224289540923215,"(0.338, 0.373]",0.25471698113207547
70176,0.35043336950081727,"(0.338, 0.373]",0.2719298245614035
70177,0.37698528186619135,"(0.373, 0.407]",0.2697095435684647
70178,0.34765391482575253,"(0.338, 0.373]",0.2838427947598253
70179,0.39882450458785834,"(0.373, 0.407]",0.3076923076923077
70180,0.3979758898537859,"(0.373, 0.407]",0.3411214953271028
70181,0.3772470228723064,"(0.373, 0.407]",0.3613861386138614
70182,0.35720188124807456,"(0.338, 0.373]",0.3853658536585366
70183,0.4104363241471803,"(0.407, 0.442]",0.38317757009345793
70184,0.361677816322327,"(0.338, 0.373]",0.3425925925925926
70185,0.3769034669130414,"(0.373, 0.407]",0.3548387096774194
70186,0.40748360886894924,"(0.407, 0.442]",0.391705069124424
70187,0.3878664066347211,"(0.373, 0.407]",0.3684210526315789
70188,0.39709011240271314,"(0.373, 0.407]",0.4057971014492754
70189,0.3827995676332606,"(0.373, 0.407]",0.4411764705882353
70190,0.43488385563693877,"(0.407, 0.442]",0.3951219512195122
70191,0.4335452981030156,"(0.407, 0.442]",0.40865384615384615
70192,0.3504114267196664,"(0.338, 0.373]",0.3979591836734694
70193,0.41394891283261953,"(0.407, 0.442]",0.3717277486910995
70194,0.3738856038597619,"(0.373, 0.407]",0.36649214659685864
70195,0.3994104872189838,"(0.373, 0.407]",0.38202247191011235
70196,0.38130627203151024,"(0.373, 0.407]",0.38461538461538464
70197,0.408357569675177,"(0.407, 0.442]",0.34673366834170855
70198,0.2960166126760453,"(0.269, 0.303]",0.34554973821989526
70199,0.4428609305193687,"(0.442, 0.476]",0.3197969543147208
70200,0.4094911141602399,"(0.407, 0.442]",0.30198019801980197
70201,0.41324998365373544,"(0.407, 0.442]",0.31351351351351353
70202,0.38706993380483223,"(0.373, 0.407]",0.30526315789473685
70203,0.36619080762018413,"(0.338, 0.373]",0.32608695652173914
70204,0.44412175597547565,"(0.442, 0.476]",0.3146067415730337
70205,0.38354193290644856,"(0.373, 0.407]",0.30718954248366015
70223,0.4202354741261964,"(0.407, 0.442]",0.21428571428571427
70224,0.4135776117549803,"(0.407, 0.442]",0.23115577889447236
70225,0.3839646424366285,"(0.373, 0.407]",0.22380952380952382
70226,0.36195482727948286,"(0.338, 0.373]",0.25327510917030566
70227,0.33698687658089405,"(0.303, 0.338]",0.2565217391304348
70228,0.39816566575007944,"(0.373, 0.407]",0.2511013215859031
70229,0.32788524513509504,"(0.303, 0.338]",0.28888888888888886
70230,0.3664316998814553,"(0.338, 0.373]",0.3033175355450237
70231,0.3062195111540662,"(0.303, 0.338]",0.3128205128205128
70232,0.4010362598701246,"(0.373, 0.407]",0.3417085427135678
70233,0.41338059063383487,"(0.407, 0.442]",0.3316062176165803
70234,0.3849914792341495,"(0.373, 0.407]",0.29081632653061223
70235,0.4182192254300155,"(0.407, 0.442]",0.2995169082125604
70236,0.3898317479207853,"(0.373, 0.407]",0.3424657534246575
70237,0.3558995139061685,"(0.338, 0.373]",0.31718061674008813
70238,0.36443570344963805,"(0.338, 0.373]",0.3695652173913043
70239,0.3423723149677805,"(0.338, 0.373]",0.40425531914893614
70241,0.42355790085444084,"(0.407, 0.442]",0.4034334763948498
70243,0.4220848864586825,"(0.407, 0.442]",0.3612565445026178
70244,0.32431810778030457,"(0.303, 0.338]",0.30726256983240224
70245,0.369532615132982,"(0.338, 0.373]",0.3157894736842105
70246,0.32235993657376527,"(0.303, 0.338]",0.30177514792899407
70251,0.4227076718839638,"(0.407, 0.442]",0.28488372093023256
70252,0.4322625746807177,"(0.407, 0.442]",0.2808988764044944
70253,0.4011877899663636,"(0.373, 0.407]",0.28654970760233917
70254,0.39416840599789404,"(0.373, 0.407]",0.2670807453416149
70275,0.37794702149043125,"(0.373, 0.407]",0.2127659574468085
70276,0.38704466699391754,"(0.373, 0.407]",0.211864406779661
70277,0.34957345957807684,"(0.338, 0.373]",0.2543103448275862
70278,0.4083317616401903,"(0.407, 0.442]",0.2626728110599078
70279,0.3568228206576412,"(0.338, 0.373]",0.2602739726027397
70280,0.37453411396187297,"(0.373, 0.407]",0.28378378378378377
70281,0.3779520597547614,"(0.373, 0.407]",0.29333333333333333
70282,0.3720939149702382,"(0.338, 0.373]",0.2968036529680365
70283,0.37459515733725374,"(0.373, 0.407]",0.2826086956521739
70284,0.4448862358484439,"(0.442, 0.476]",0.2777777777777778
70285,0.2881930239073551,"(0.269, 0.303]",0.24882629107981222
70286,0.381485441995091,"(0.373, 0.407]",0.25961538461538464
70287,0.4322234178308132,"(0.407, 0.442]",0.2932692307692308
70288,0.4117019031062195,"(0.407, 0.442]",0.26222222222222225
70289,0.42921589770282265,"(0.407, 0.442]",0.2956521739130435
70290,0.3775071042489587,"(0.373, 0.407]",0.32388663967611336
70291,0.3862716190735503,"(0.373, 0.407]",0.3112033195020747
70292,0.4327062192807964,"(0.407, 0.442]",0.3170731707317073
70294,0.4380277759272532,"(0.407, 0.442]",0.3157894736842105
70295,0.369267627653944,"(0.338, 0.373]",0.28426395939086296
70296,0.34304896071089236,"(0.338, 0.373]",0.2857142857142857
70297,0.3780263783108345,"(0.373, 0.407]",0.2774566473988439
70298,0.30697536764968403,"(0.303, 0.338]",0.19767441860465115
70299,0.39968776180811433,"(0.373, 0.407]",0.19375
70300,0.4106206830331012,"(0.407, 0.442]",0.21686746987951808
70302,0.36526183561485764,"(0.338, 0.373]",0.20125786163522014
70303,0.44624353961654317,"(0.442, 0.476]",0.25149700598802394
70305,0.42452422664868195,"(0.407, 0.442]",0.25766871165644173
70328,0.30734131873512877,"(0.303, 0.338]",0.15283842794759825
70329,0.4011584004803937,"(0.373, 0.407]",0.20346320346320346
70330,0.32990625544273533,"(0.303, 0.338]",0.23255813953488372
70331,0.3212296295033899,"(0.303, 0.338]",0.24
70332,0.3801705175175094,"(0.373, 0.407]",0.26382978723404255
70333,0.3828773950853249,"(0.373, 0.407]",0.25327510917030566
70334,0.2859188622651936,"(0.269, 0.303]",0.24107142857142858
70335,0.310973560857514,"(0.303, 0.338]",0.23660714285714285
70341,0.3769949733362802,"(0.373, 0.407]",0.27232142857142855
70342,0.4233124161679297,"(0.407, 0.442]",0.30278884462151395
70343,0.3711582106069124,"(0.338, 0.373]",0.3114754098360656
70344,0.42324423319791643,"(0.407, 0.442]",0.3292181069958848
70346,0.3315893923360493,"(0.303, 0.338]",0.2909090909090909
70347,0.30261571211667626,"(0.269, 0.303]",0.2631578947368421
70348,0.3917180868561529,"(0.373, 0.407]",0.24598930481283424
70349,0.3967599464774199,"(0.373, 0.407]",0.22285714285714286
70350,0.3876906491392779,"(0.373, 0.407]",0.17751479289940827
70351,0.3267925089577518,"(0.303, 0.338]",0.15584415584415584
70352,0.3864545630762031,"(0.373, 0.407]",0.17964071856287425
70353,0.3592448995613287,"(0.338, 0.373]",0.16374269005847952
70354,0.262615053914212,"(0.234, 0.269]",0.15286624203821655
70382,0.37590656420230195,"(0.373, 0.407]",0.22272727272727272
70383,0.32349020957080926,"(0.303, 0.338]",0.24257425742574257
70384,0.3673936704322465,"(0.338, 0.373]",0.24107142857142858
70385,0.3548332954578864,"(0.338, 0.373]",0.23809523809523808
70386,0.31911839848095863,"(0.303, 0.338]",0.22268907563025211
70387,0.373071815261494,"(0.373, 0.407]",0.20425531914893616
70392,0.3725092609469915,"(0.338, 0.373]",0.22439024390243903
70394,0.2849990739234383,"(0.269, 0.303]",0.22535211267605634
70395,0.38349236533692815,"(0.373, 0.407]",0.24663677130044842
70396,0.34802791567958924,"(0.338, 0.373]",0.27522935779816515
70397,0.3012588968231227,"(0.269, 0.303]",0.2897196261682243
70398,0.38694254980062937,"(0.373, 0.407]",0.29439252336448596
70399,0.38826487762859696,"(0.373, 0.407]",0.2938388625592417
70400,0.393720125103936,"(0.373, 0.407]",0.2523809523809524
70401,0.37059088463078477,"(0.338, 0.373]",0.22885572139303484
70402,0.407483741702961,"(0.407, 0.442]",0.18461538461538463
70403,0.2943692709877411,"(0.269, 0.303]",0.14814814814814814
70404,0.29718375168704186,"(0.269, 0.303]",0.14792899408284024
70405,0.2372516158168121,"(0.234, 0.269]",0.17318435754189945
70406,0.3968717533342514,"(0.373, 0.407]",0.1864406779661017
70407,0.25013689139466083,"(0.234, 0.269]",0.17261904761904762
70408,0.3661150303597852,"(0.338, 0.373]",0.1896551724137931
70445,0.36969625485243435,"(0.338, 0.373]",0.1951219512195122
70447,0.178960721030564,"(0.165, 0.2]",0.18461538461538463
70448,0.29884508480437877,"(0.269, 0.303]",0.20833333333333334
70449,0.25480241956242305,"(0.234, 0.269]",0.23157894736842105
70450,0.22804014757589725,"(0.2, 0.234]",0.24731182795698925
70451,0.3666935594047628,"(0.338, 0.373]",0.2765957446808511
70453,0.39885721855512934,"(0.373, 0.407]",0.24107142857142858
70454,0.39102698515768386,"(0.373, 0.407]",0.2361111111111111
70455,0.36135327090161373,"(0.338, 0.373]",0.2073732718894009
70456,0.3258988212797692,"(0.303, 0.338]",0.16494845360824742
70457,0.24017360891429332,"(0.234, 0.269]",0.1751412429378531
70458,0.3639441234307205,"(0.338, 0.373]",0.17486338797814208
70459,0.35344911622311675,"(0.338, 0.373]",0.1676300578034682
70460,0.2873153375766622,"(0.269, 0.303]",0.1686746987951807
70501,0.3026767114379347,"(0.269, 0.303]",0.23295454545454544
70502,0.3009384688970112,"(0.269, 0.303]",0.2303370786516854
70508,0.38170860848433846,"(0.373, 0.407]",0.16055045871559634
