cluster,p,stat
0,0.07729227077292271,-0.3810795905229511
6,0.0724927507249275,0.39577448231952506
1,0.8528147185281472,-0.042735041273568704
5,0.14478552144785523,-0.37978169912032017
4,0.2303769623037696,0.2589215882887409
2,0.39876012398760124,-0.19730616970701337
3,0.012398760123987601,0.5072812179665003
7,0.0365963403659634,-0.3458678730945459
8,0.5349465053494651,-0.19611613513818404
9,0.7437256274372562,-0.19611613513818402
